Claim,Evidence,Source,Link of Evidence,Label (SUPPORTED/REFUTED/NOT ENOUGH INFORMATION (NEI)),Annotation,Language,Evidence ,LINK OF EVIDENCE,LABEL(supported/not supported/not enough information),Source URL,Verdict,Reason,Label (Supported/Not Supported/ not enough information (NEI) ),Unnamed: 5,Label,Label (Supported/Not Supported/Not Enough Information (NEI)),Annotation (എന്തുകൊണ്ട് Supported/Not Supported/NEI),Source Link,Category,Label ,Column1,Label 1,Label 2
ਬੀ ਪ੍ਰਾਕ ਨੇ ਯੂਕੇ ਵਿੱਚ ਆਪਣੇ ਨਵੇਂ ਸੰਗੀਤਕ ਟੂਰ ਦਾ ਐਲਾਨ ਕੀਤਾ ਹੈ।,"ਅਧਿਕਾਰਤ ਸੋਸ਼ਲ ਮੀਡੀਆ ਹੈਂਡਲ ਮੁਤਾਬਕ, ਬੀ ਪ੍ਰਾਕ ਨੇ ਯੂਕੇ ਟੂਰ ਦੀ ਪੁਸ਼ਟੀ ਕੀਤੀ ਹੈ।",Zee News Punjab,https://zeenews.india.com/punjabi?id=10097,,,Punjab,,,,,,,,,,,,,,Supported,,,
റാപ്പർ മേഗൻ ദി സ്റ്റാലിയൻ ഒരു സാമൂഹ്യ മാധ്യമ സ്വാധീനിയ്‌ക്കെതിരായ അപകീർത്തി കേസ് 2025-ൽ വിജയിച്ചു.,"ജൂറി ആദ്യം 75,000 ഡോളർ വിധിച്ചെങ്കിലും കോടതി പിന്നീട് അത് 59,000 ഡോളറായി കുറച്ചു.",The Beat DFW,,,"മേഗൻ ദി സ്റ്റാലിയന്റെ അപകീർത്തി കേസിൽ ജൂറി ആദ്യം 75,000 ഡോളർ വിധിച്ചെങ്കിലും പിന്നീട് 59,000 ഡോളറായി കുറച്ചെന്ന് The Beat DFW റിപ്പോർട്ട് ചെയ്യുന്നു; ഇത് അവർക്ക് അനുകൂലമായ വിധിയാണ്.",Malayalam,,,,,,,,,Supported,,,https://thebeatdfw.com/4462973/most-notable-celebrity-lawsuits-of-2025/,,,,,
2023 മെയ് മുതൽ 2024 ഏപ്രിൽ വരെ നൈജീരിയയിൽ 22 ലക്ഷത്തിലധികം പേരെ തട്ടിക്കൊണ്ടുപോയതായി NBS സർവേ കണ്ടെത്തി.,"നൈജീരിയയുടെ ദേശീയ സ്ഥിതിവിവര ബ്യൂറോയുടെ (NBS) CESPS സർവേ പ്രകാരം 22,35,954 പേരെ ഈ കാലയളവിൽ തട്ടിക്കൊണ്ടുപോയി, ഇരകളിൽ 65% പേരും മോചനദ്രവ്യം നൽകി, ശരാശരി 26.7 ലക്ഷം നായ്‌റ വീതം.",National Bureau of Statistics Nigeria (via allAfrica),https://allafrica.com/stories/202412190120.html,,,Malayalam,,,,,,,Supported,,,,"നൈജീരിയയുടെ National Bureau of Statistics-ന്‍റെ Crime Experience and Security Perception Survey (CESPS) 2024 പ്രകാരം 2023 മെയ് മുതൽ 2024 ഏപ്രിൽ വരെ കൃത്യമായി 22,35,954 പേരെ തട്ടിക്കൊണ്ടുപോയി, 65% കുടുംബങ്ങൾ മോചനദ്രവ്യം നൽകി, ശരാശരി ₦26.7 ലക്ഷം വീതം (₦2,670,693) — ഈ കണക്കുകൾ allAfrica ഉൾപ്പെടെ ഒന്നിലധികം സ്രോതസ്സുകൾ സ്ഥിരീകരിക്കുന്നു. ലിങ്കും കണക്കുകളും കൃത്യമായി പൊരുത്തപ്പെടുന്നു.",,,,,,
റിഹാനയും എ$എപി റോക്കിയും 2025 സെപ്റ്റംബർ 13-ന് തങ്ങളുടെ മൂന്നാമത്തെ കുഞ്ഞായ റോക്കി ഐറിഷ് മേയേഴ്സിന് ജന്മം നൽകി.,റിഹാന ഇൻസ്റ്റഗ്രാമിൽ 'Rocki Irish Mayers Sept 13 2025' എന്ന് കുറിച്ച് കുഞ്ഞിന്റെ ചിത്രം പങ്കുവെച്ചു; ഇത് ദമ്പതികളുടെ മൂന്നാമത്തെ കുട്ടിയാണ്.,CNN,,,റിഹാനയും എ$എപി റോക്കിയും 2025 സെപ്റ്റംബർ 13-ന് മൂന്നാമത്തെ കുഞ്ഞ് റോക്കി ഐറിഷ് മേയേഴ്സിന് ജന്മം നൽകി റിഹാന ഇൻസ്റ്റഗ്രാമിലൂടെ വാർത്ത അറിയിച്ചെന്ന് CNN സ്ഥിരീകരിക്കുന്നു.,Malayalam,,,,,,,,,Supported,,,https://www.cnn.com/2025/09/24/entertainment/rihanna-third-child-asap-rocky,,,,,
नेपालको फिफा वरियतामा तीन स्थान सुधार भयो।,"नेपालको फिफा वरियतामा सुधार भएको समाचार गलत - Nepal Factcheck ☰ होम हाम्रो बारे मिथ्या सूचना के हो? हाम्रो वर्गीकरणको अर्थ मिथ्या सूचना: के गर्ने? FAQs तथ्यजाँच अनुरोध × होम हाम्रो बारे मिथ्या सूचना के हो? हाम्रो वर्गीकरणको अर्थ मिथ्या सूचना: के गर्ने? FAQs तथ्यजाँच अनुरोध तथ्यजाँच मिथ्या सूचना वागमती सम्बन्धित प्रदेश नेपालको फिफा वरियतामा सुधार भएको समाचार गलत Home तथ्यजाँच मिथ्या सूचना उमेश श्रेष्ठ असार ३, २०७८ नेपालको फिफा वरियतामा सुधार भएको समाचार गलत केही नेपाली मिडियाले फिफा वरीयतामा नेपाली पुरुष फुटबल टिमको स्थान तीन अङ्कले सुधार भएको समाचार प्रकाशित गरेका छन्। नेपालले सन् २०२२ को विश्वकप र सन् २०२३ को एसियन कप छनोटमा गरेको प्रदर्शन लगत्तै यस्तो समाचार आएको हो। प्रदर्शनका क्रममा नेपालले आफूभन्दा ३० स्थान माथिको चाइनिज ताइपेईलाई २-० ले हराएको थियो। जोर्डन र अष्ट्रेलियासँग भने पराजित भएको र अर्को मैत्रिपूर्ण खेलमा इराकसँग ६-२ ले नेपाल हारेको थियो। के साँच्चिकै नेपालको फिफा वरियतामा सुधार भएकै हो? यो विषयमा हामीले तथ्य जाँच गरेका छौँ। २०७८ असार २ गते बुधबार कान्तिपुर दैनिकको अन्तिम पेजमा ‘फिफा वरीयतामा तीन स्थानमाथि’ शीर्षकको समाचार प्रकाशित भएको छ। कान्तिपुरकै अनलाइन इकान्तिपुर डट कममा पनि ‘फिफा वरीयतामा नेपाल तीन स्थानमाथि’ शीर्षकमा समाचार अपडेट भएको छ। कान्तिपुरको समाचार अनुसार ‘नयाँ वरीयतामा नेपाल १ सय ७१ औं स्थानबाट १ सय ६८ औं स्थानमा पुगेको हो ।’ ‘नेपालले एसियाली विश्वकप छनोटमा आफ्ना तीन खेलपछि यो वरीयताबाहिर आएको’ र ‘सन् २०१९ पछि नेपालको वरीयतामा सुधार आएको ’ दावी पनि कान्तिपुरको समाचारमा छ। खेलसम्बन्धी समाचारलाई प्राथमिकता दिने वेबसाइट नेप्लेज डट कमले २ वर्षपछि वरीयता सुधार भन्दै फिफाले सार्वजनिक गरेको दावी गरेको छ। यस्तै मेरो खेल डट कमले फिफाले सार्वजनिक गरेको वरियता दावी गर्दै समाचार लेखेको छ । अखिल नेपाल फुटबल संघ (एन्फा)का अध्यक्ष कर्मा छिरिङ शेर्पाले पनि आफ्नो फेसबुकमा नेपालको वरीयता सुधार भएको एउटा स्क्रिनसट सेयर गरेका थिए। नेपाली टिमका प्रशिक्षक अब्दुल्लाह अलमुताइरीले पनि त्यसलाई सेयर गरेका थिए। के हो तथ्य ? के साँच्चै नेपालको वरीयता सुधार भएकै हो त? विश्व फुटबलको वरीयता फुटबलको सर्वोच्च निकाय फिफाले सार्वजनिक गर्छ। नेपालको यो नयाँ वरियताबारे भने",NepalFactCheck.org,https://nepalfactcheck.org/2021/06/fifa-nepal-ranking/,,मिथ्या सूचना । फिफाले मे २७ मा पछिल्लो पटक वरियता सार्वजनिक गरेको थियो। त्यसयता नयाँ वरियता आएको छैन। नेपालको स्थान १७१ औँ नै छ। त्यसमा सुधार भएको छैन।,Nepali,,,,,,,,,REFUTES,,,,finance_investment,,,,
కాకతీయుల కాలంలో జైన మతం ప్రధానంగా ఉండేది.,"12వ శతాబ్దం వరకు తొలి కాకతీయులు జైన మతాన్ని అవలంబించారు. తర్వాత జైన, బౌద్ధాలు క్షీణించాయి.",Eenadu,https://pratibha.eenadu.net/tspsc/lesson/horticulture-officer/paper-1/telugu-medium/education/2-1016-335-737-1208-1493-9761-15338-,,,Telugu,,,,,,,,,Supported,,,,,,,,
ਨੀਰੂ ਬਾਜਵਾ ਦੀ ਨਵੀਂ ਫਿਲਮ ਨੇ ਪਹਿਲੇ ਦਿਨ 50 ਕਰੋੜ ਦੀ ਕਮਾਈ ਕੀਤੀ।,ਬਾਕਸ ਆਫਿਸ ਰਿਪੋਰਟਾਂ ਅਨੁਸਾਰ ਨੀਰੂ ਬਾਜਵਾ ਦੀ ਫਿਲਮ ਨੇ ਓਪਨਿੰਗ ਡੇਅ 'ਤੇ ਵਾਕਈ 50 ਕਰੋੜ ਕਮਾਏ ਹਨ।,Rozana Spokesman,https://www.rozanaspokesman.in/?id=10478,,,Punjab,,,,,,,,,,,,,,Supported,,,
24 दिसंबर 2002 को दिल्ली मेट्रो के पहले कॉरिडोर (शाहदरा से तीस हजारी) का औपचारिक उद्घाटन और व्यावसायिक परिचालन शुरू हुआ।,"प्रधानमंत्री अटल बिहारी वाजपेयी ने दिल्ली मेट्रो की पहली रेड लाइन का उद्घाटन किया, जो भारत के शहरी बुनियादी ढांचे में एक मील का पत्थर बना।",Delhi Metro Rail Corporation (DMRC) / PIB,https://pib.gov.in/newsite/PrintRelease.aspx?relid=4610,,,Hindi,,,,,,,Supported,,,,,,,,,,
स्विजरल्याण्डमा इच्छा मृत्यु यन्त्र (सार्को पोड) ले कानुनी मान्यता पायो।,"भाइरल पोस्टको दावी सही होइन : ‘सार्को पोड’ लाई कानुनी मान्यता छैन - Nepal Factcheck ☰ होम हाम्रो बारे मिथ्या सूचना के हो? हाम्रो वर्गीकरणको अर्थ मिथ्या सूचना: के गर्ने? FAQs तथ्यजाँच अनुरोध × होम हाम्रो बारे मिथ्या सूचना के हो? हाम्रो वर्गीकरणको अर्थ मिथ्या सूचना: के गर्ने? FAQs तथ्यजाँच अनुरोध तथ्यजाँच भ्रामक सूचना भाइरल पोस्टको दावी सही होइन : ‘सार्को पोड’ लाई कानुनी मान्यता छैन Home तथ्यजाँच भ्रामक सूचना नेपाल फ्याक्ट चेक फाल्गुन १५, २०८२ भाइरल पोस्टको दावी सही होइन : ‘सार्को पोड’ लाई कानुनी मान्यता छैन स्विजरल्याण्डमा सार्को पोड नामको इच्छामृत्यु यन्त्रले कानुनी मान्यता प्राप्त गरेको दावीसहितको पोस्ट फेसबुकमा भाइरल भएको छ। तर, हाम्रो तथ्यजाँचमा यो दावी भ्रामक रहेको देखियो। स्विस सरकारले ‘सार्को पोड’ आफ्नो देशको कानुनअनुसार अनुकूल नरहेको बताउँदै यसको प्रयोगलाई औपचारिक कानुनी मान्यता दिएको छैन। दावी के छ ? फेसबुकमा एक लाख ५५ हजार फलोअर्स रहेको ओम उप्रेति नामक प्रयोगकर्ताले ‘ स्विजरल्यान्डमा कानुनी मान्यता प्राप्त इच्छा मृत्यु यन्त्र ! ’ लेख्दै एउटा पोस्ट गरेका छन्। पोस्टमा लेखिएको छ, ‘यो यन्त्रले भित्र बसेको व्यक्तिको अक्सिजन स्तरलाई घटाएर नाइट्रोजन ग्यासको प्रयोग द्वारा शान्तपूर्वक निद्राकै अवस्थामा मृत्यु गराउँछ। यो प्रविधि विशेष गरी निको नहुने रोगबाट पीडित व्यक्तिहरूका लागि इच्छा मृत्युको विकल्पका रूपमा विकास गरिएको हो। तर नेपालमा यसलाई कानूनी रुपमा मान्यता प्राप्त छैन र मान्यता दिनु पनि हुन्न !’ हेर्नुस्, स्क्रिनसट, अर्काइभ लिंक शुक्रबार दिउँसो हामीले तथ्यजाँच गर्दासम्म ९३ पटक सेयर गरिएको उक्त पोस्टमा हजारौँ रियाक्सन, सयौँ कमेन्ट छन्। अधिकांश कमेन्ट लेख्नेहरुले दावीलाई सत्य मानेको पाइएपछि हामीले यसको तथ्यजाँच गरेका छौँ। तथ्य के हो ? यो विषयमा तथ्यजाँच गर्नका लागि हामीले सुरुमा उक्त फोटोलाई डाउनलोड गरी गुगलमा रिभर्स इमेज सर्च गर्‍यौँ। यस क्रममा सोही फोटो राखेर प्रकाशित भएका कयौँ सामाग्री फेला पार्‍यौँ। Swissinfo ले २०२४ सेप्टेम्बरमा प्रकाशित गरेको Assisted suicide: Sarco capsule deemed incompatible with Swiss law शीर्षकको समाचारमा स्विस सरकारले ‘सार्को पोड’ आफ्नो कानुनअनुसार अनुकूल नरहेको जनाएको उल्लेख छ। समाचार अनुसार, स्विस संसदमा बोल्दै स्वास्थ्यमन्त्री Elis",NepalFactCheck.org,https://nepalfactcheck.org/2026/02/switzerland-sarco-suicide-pod-not-legally-approved/,,"भ्रामक सूचना। स्विजरल्याण्डमा सहयोगसहितको आत्महत्या निश्चित सर्तमा कानुनी भए पनि ‘सार्को पोड’ मेसिनलाई सरकारले कानुनी मान्यता दिएको छैन। यसको प्रयोगपछि अनुसन्धान र पक्राउसमेत भएको छ। अनलाइनखबर र nepalfactcheck.org को सहकार्य सामाजिक सञ्जालमा कुनै फोटो, भिडियो वा पोस्ट देखेर शंका लाग्यो भने त्यसको लिङ्क हामीलाई ह्वाट्सएपमा पठाउन क्लिक गर्नुस् । हामी सम्भव भएसम्म तथ्य जाँच गर्नेछौँ।",Nepali,,,,,,,,,REFUTES,,,,health_medicine,,,,
2019-ലെ പുൽവാമ ആക്രമണത്തിൽ 40 സിആർപിഎഫ് ജവാൻമാർ കൊല്ലപ്പെട്ടു.,2019 ഫെബ്രുവരി 14-ന് ജയ്ഷ്-ഇ-മുഹമ്മദ് ഭീകരൻ അദിൽ അഹമ്മദ് ദാർ സ്ഫോടക വസ്തുക്കൾ നിറച്ച വാഹനം സിആർപിഎഫ് വാഹനവ്യൂഹത്തിലേക്ക് ഇടിച്ചുകയറ്റി 40 പേരെ കൊന്നു.,Wikipedia,https://en.wikipedia.org/wiki/2019_Pulwama_attack,,,Malayalam,,,,,,,Supported,,,,വിക്കിപീഡിയ സ്ഥിരീകരിക്കുന്നു: 2019 ഫെബ്രുവരി 14-ന് പുൽവാമ ചാവേർ ബോംബ് ആക്രമണത്തിൽ 40 സിആർപിഎഫ് ജവാൻമാർ കൊല്ലപ്പെട്ടു — ക്ലെയിം കൃത്യമാണ്.,,,,,,
आसन्न निर्वाचनका लागि नेपाल प्रहरीले १ लाख १८ हजार जना म्यादी प्रहरीको भर्ना खोलेको छ।,"२०७४ सालको सूचना तोडमरोड गरी फैलाइएको थियो म्यादी प्रहरी भर्नाको मिथ्या सूचना - Nepal Factcheck ☰ होम हाम्रो बारे मिथ्या सूचना के हो? हाम्रो वर्गीकरणको अर्थ मिथ्या सूचना: के गर्ने? FAQs तथ्यजाँच अनुरोध × होम हाम्रो बारे मिथ्या सूचना के हो? हाम्रो वर्गीकरणको अर्थ मिथ्या सूचना: के गर्ने? FAQs तथ्यजाँच अनुरोध तथ्यजाँच मिथ्या सूचना वागमती सम्बन्धित प्रदेश २०७४ सालको सूचना तोडमरोड गरी फैलाइएको थियो म्यादी प्रहरी भर्नाको मिथ्या सूचना Home तथ्यजाँच मिथ्या सूचना उमेश श्रेष्ठ फाल्गुन २७, २०७८ २०७४ सालको सूचना तोडमरोड गरी फैलाइएको थियो म्यादी प्रहरी भर्नाको मिथ्या सूचना नेपाल प्रहरीले आसन्न निर्वाचनको लागि १ लाख १८ हजार जना म्यादी प्रहरीको भर्ना खोलेको दावी गरिएको एउटा सूचना बुधबार (९ मार्च २०२२) देखि नै सामाजिक सञ्जालमा देखिएको थियो। बिहीबार त्यो अझ फैलियो र अनलाइन मिडियामा समेत योबारे समाचार आयो। बिहीबार अपराह्न प्रहरी प्रधान कार्यालयले यसको खण्डन गर्दै ‘हालसम्म त्यस्तो सूचना प्रकाशित/प्रसारित नगरिएको’ जानकारी दियो। हाम्रो तथ्य जाँचमा २०७४ साल असोज २४ गते नेपाल प्रहरीले प्रकाशन गरेको म्यादी प्रहरी भर्नासम्बन्धी सूचनालाई तोडमरोडसहित सम्पादन गरी मिथ्या सूचना फैलाएको देखियो। कसरी फैलियो सूचना ? फेसबुकमा म्यादी प्रहरी भर्ना 2078 लेखी खोज्दा यी मिथ्या सूचना धेरैले अपलोड गरेको देखिन्छ। केही पोस्टहरु ९ मार्च (बुधबार)देखि कै देखिन्छन्। उदाहरणका लागि यो अर्काइभ लिङ्क र यो अर्काइभ लिङ्क । जनआस्था साप्ताहिकको अनलाइन जनआस्था डट कमले बिहीबार बिहान ‘चुनाव स्थानीय तहको,म्यादी प्रहरी प्रतिनिधिसभा र प्रदेशसभाको ?’ शीर्षकको समाचार प्रकाशन गरेको छ जसमा ‘प्रहरी प्रधान कार्यालयले घोषणा नै नभएको प्रतिनिधिसभा र प्रदेशसभाको निर्वाचननिम्ति म्यादी प्रहरी भर्नाको सूचना प्रकाशित गरेको छ’ लेखिएको छ। समाचारमा लेखिएको छ- ‘आगामी चुनावको मिति उल्लेख नभएको,२०७८ सालको चुनावको निम्ति भनिएको, निवेदन पेश गर्ने अन्तिम मिति नतोकिएको गैरजिम्मेवार सूचना प्रहरीले सार्वजनिक गरेपछि सर्वसाधारण अन्यौलमा परेका छन् । स्वयम् सुरक्षा निकाय सरकारी निर्णयहरुबारे कति बेखबर छ भन्ने प्रमाण पनि यो सूचनाले पुष्टि गरेको छ।’ हेर्नुस् समाचारको अर्काइभ लिङ्क। के छ भाइरल भएको सूचनामा ? भाइरल भएको भर्ना सम्बन्धी नेपाल प्रहरीको मिथ्या सू",NepalFactCheck.org,https://nepalfactcheck.org/2022/03/fake-notice-about-nepal-police/,,मिथ्या सूचना। नेपाल प्रहरीले स्थानीय तह निर्वाचनका लागि १ लाख १८ हजार म्यादी प्रहरी भर्नाका लागि स्वीकृति मागेको तर अर्थ मन्त्रालयले १ लाखका लागि मात्रै स्वीकृति दिएको समाचार मिडियामा आएका हुन्। हेर्नुस् लिङ्क । तर नेपाल प्रहरीले म्यादी प्रहरी भर्ना सम्बन्धी सूचना हालसम्म जारी नगरिएको बताएको छ। हाम्रो तथ्य जाँचमा २०७४ सालको प्रदेश र प्रतिनिधि सभा निर्वाचनका लागि जारी गरिएको सूचना नै तोडमरोड गरी अहिले फैलाइएको पाइयो।,Nepali,,,,,,,,,REFUTES,,,,politics_elections,,,,
ప్రాచీన భారతంలో స్వర్ణయుగం ఉంది.,చారిత్రక ఆధారాలు స్వర్ణయుగం లేదని చెప్తున్నాయి. కులం కఠోరంగా ఉండేది.,BBC News తెలుగు,https://www.bbc.com/telugu/india-45062485,,,Telugu,,,,,,,,,Not Supported,,,,,,,,
बटौलीमा ५६ वर्षअघि बस चढ्न लाइन लागेका प्रजाहरु।,"बटौलीमा बस चढ्न लाइन लागेको? होइन, भाइरल फोटोको तथ्य यस्तो - Nepal Factcheck ☰ होम हाम्रो बारे मिथ्या सूचना के हो? हाम्रो वर्गीकरणको अर्थ मिथ्या सूचना: के गर्ने? FAQs तथ्यजाँच अनुरोध × होम हाम्रो बारे मिथ्या सूचना के हो? हाम्रो वर्गीकरणको अर्थ मिथ्या सूचना: के गर्ने? FAQs तथ्यजाँच अनुरोध तथ्यजाँच भ्रामक सूचना लुम्बिनी सम्बन्धित प्रदेश बटौलीमा बस चढ्न लाइन लागेको? होइन, भाइरल फोटोको तथ्य यस्तो Home तथ्यजाँच भ्रामक सूचना सागर बुढाथोकी फाल्गुन २९, २०८१ बटौलीमा बस चढ्न लाइन लागेको? होइन, भाइरल फोटोको तथ्य यस्तो पुरानो समयका लुगाफाटा लगाएकाहरु लाइन बसेको एउटा ब्ल्याक एन्ड ह्वाइट फोटो राखी ५६ वर्ष पहिला बटौली अर्थात् बुटवलमा बस चढ्न लाइन बसेको दावी गर्दै एउटा फोटो सामाजिक सञ्जालमा चर्चामा आएको छ। तर हाम्रो तथ्य जाँचमा यो दावी भ्रामक रहेको पुष्टि भएको छ। के छ दावी ? २०२५ मार्च ११ मा पत्रकार किशोर नेपालले सामाजिक सञ्जाल एक्स (पहिले ट्विटर) मा दुई लाख ८८ हजार फलोअर्स भएको आफ्नो खाताबाट एक ग्राफिक्ससहितको फोटो पोस्ट गरेका थिए। काटिएको (क्रप गरिएको) देखिने फोटोमा देखिएका शब्दहरू छन्- “५६ वर्ष पहिला बटौलीमा… लिनको लागि बसेको लाइ..” त्यसैलाई आधार मानेर नेपालले पोस्ट गरेका थिए: ‘ छपन्न बर्षअघि बटौली अर्थात बुटवलमा बस चढन लाम लागेका ‘प्रजाहरू !’ ‘ किशोर नेपालको पोस्ट। अर्काइभ लिङ्क। हेर्नुस् स्क्रिनसट हामीले तथ्यजाँच गर्दासम्म उक्त पोस्टमा २९ हजारभन्दा बढीले हेरेका छन भने १४२ रिप्लाई, ४३ वटा रिपोस्ट र १२५ जनाले फेब गरेका छन्। अर्थात् पोस्ट भाइरल भएको छ। यही फोटोलाई अन्य फरक सन्दर्भमा समेत प्रयोग गरिएको भेटिएकोले हामीले फोटोको वास्तविक तथ्य पत्ता लगाउने कोशिश गरेका छौँ। २०२४ सेप्टेम्बर १४ मा साइकोलोजी नेपाल नामक फेसबुक पेजले पनि यही फोटोमा ग्राफिक्स गरेर ५६ वर्ष पहिला बटौलीमा नुन लिनको लागि बसेको लाइन भन्ने क्याप्सन राखेको छ। अर्काइभ लिंक हेर्नुस्, स्क्रिनसट तथ्य के हो ? यो विषयमा तथ्यजाँच गर्नका लागि हामीले सबैभन्दा पहिला फोटोलाई रिभर्स इमेज सर्च गर्‍यौँ। रिभर्स इमेज सर्च गर्दा उक्त फोटो फोटोग्राफर तथा रिपोर्टर माइकल ओलगेनसिङ्गरको रहेको विभिन्न वेबसाइटले देखाए । तर, उक्त फोटो कहाँ र कुन सन्दर्भमा खिचिएको भन्ने बारे त्यहाँ उल्लेख थिएन। त्यसपछि हामीले माइकल ओलगेनसिङ्गरलाई गुगलमा थप ",NepalFactCheck.org,https://nepalfactcheck.org/2025/03/batauli-viral-photo/,,भ्रामक सूचना। फोटो खिच्ने फोटोग्राफर माइकल ओलगेनसिङ्गर हुन्। उनको वेबसाइट र डकुमेन्ट्री अनुसार उक्त फोटो बटौलीमा बस चढ्न लाइन बसेका बसेका मानिसहरुको नभएर चामल लिन लाइन बसेका मानिसहरुको हो। फोटो खिचिएको स्थान भने खुलाइएको छैन।,Nepali,,,,,,,,,REFUTES,,,,finance_investment,,,,
"భక్తి ఉద్యమంలో ముస్లిం, వివిధ కులాల వారు శిష్యులుగా ఉన్నారు.","ముస్లిం అయిన కబీర్, చెప్పులు కుట్టే కులానికి చెందిన రామ్‌దాస్ వంటి వారు రామానంద శిష్యుల్లో ఉన్నారు.",Sakshi,https://www.sakshi.com/news/education/religious-movements-382740,,,Telugu,,,,,,,,,Supported,,,,,,,,
ਦਿਲਜੀਤ ਦੋਸਾਂਝ ਜਲਦ ਹੀ ਰਾਜਨੀਤੀ ਵਿੱਚ ਕਦਮ ਰੱਖਣ ਜਾ ਰਹੇ ਹਨ।,ਹਾਲ ਹੀ ਵਿੱਚ ਦਿੱਤੇ ਇੰਟਰਵਿਊ ਵਿੱਚ ਦਿਲਜੀਤ ਦੋਸਾਂਝ ਨੇ ਰਾਜਨੀਤੀ ਵਿੱਚ ਆਉਣ ਦੀਆਂ ਸਾਰੀਆਂ ਅਫਵਾਹਾਂ ਦਾ ਖੰਡਨ ਕੀਤਾ ਹੈ।,Jagbani,https://punjabi.bollywoodtadka.in/?id=10166,,,Punjab,,,,,,,,,,,,,,Not Supported,,,
काठमाडौँ महानगरपालिकाको मुख्य कार्यालय डुबानमा परेको दावीसहितको फोटो।,"बालेनको आलोचना गर्दै महानगर कार्यालय डुबानमा परेको दावी गर्दै राखिएको फोटो यसकारण गलत - Nepal Factcheck ☰ होम हाम्रो बारे मिथ्या सूचना के हो? हाम्रो वर्गीकरणको अर्थ मिथ्या सूचना: के गर्ने? FAQs तथ्यजाँच अनुरोध × होम हाम्रो बारे मिथ्या सूचना के हो? हाम्रो वर्गीकरणको अर्थ मिथ्या सूचना: के गर्ने? FAQs तथ्यजाँच अनुरोध तथ्यजाँच मिथ्या सूचना वागमती सम्बन्धित प्रदेश बालेनको आलोचना गर्दै महानगर कार्यालय डुबानमा परेको दावी गर्दै राखिएको फोटो यसकारण गलत Home तथ्यजाँच मिथ्या सूचना प्रविण भट्ट असार २७, २०८१ बालेनको आलोचना गर्दै महानगर कार्यालय डुबानमा परेको दावी गर्दै राखिएको फोटो यसकारण गलत काठमाडौँ महानगरपालिकाको मुख्य कार्यालयमा पानी जमेको दावीसहित एक फोटो सामाजिक सञ्जाल एक्स (पहिले ट्विटर नामले चिनिने) मा फैलिएको छ। फोटो सँगैको ट्विटमा आफ्नो मुख्य कार्यालय माल्दिभ्सको टापु जस्तो तैरिरहेको भए पनि काठमाडौँ महानगरपालिकाका मेयरले केपी ओलीविरुद्ध स्टायटस लेखेको भन्दै आलोचना गरिएको छ। तर हामीले गरेको तथ्यजाँचमा यो मिथ्या सूचना रहेको देखियो। यो फोटो काठमाडौँ महानगरपालिकाको नभई ललितपुरको र तीन वर्ष पुरानो भएको हामीले पायौँ। के हो दावी? सामाजिक सञ्जाल एक्समा @shining_prince1 ह्याण्डल भई विशाल पराजुली (मोरङ) नाम गरेका प्रयोगकर्ताले “ यो हो काठमाडौँ महानगरपालिकाको कार्यालय।आफ्नो मुख्य कार्यालय माल्दिभ्सको टापु जस्तो तैरिरहेको छ ” भन्दै एक फोटोसमेत राखेका छन्। २०२४ जुलाई ८ सोमबार गरिएको यो पोस्टमा रहेको फोटोमा दुई वटा अस्थायी जस्तो देखिने संरचना बीच पानी जमेको र सो पानीमा ग्यास सिलिण्डर लगायत सामान छरिएको देख्न सकिन्छ। प्रोफाइल बायोमा आफूलाई अनेरास्ववियु केन्द्रीय अनुशासन आयोगको सदस्य बताउने एक्स प्रयोगकर्ताले राखेको पोष्ट बिहीबार बिहान यो तथ्यजाँच तयार गर्दासम्म २९ हजारभन्दा बढी पटक हेरिएको छ। यसमा १३५ जनाले लाइक गरेका छन् भने २४ जनाले रिपोष्ट र ८३ वटा रिप्लाई देखिन्छ। हेर्नुहोस उनको पोष्टको अर्काईभ लिङ्क के हो तथ्य? यो फोटो दावी गरिएजस्तो काठमाडौँ महानगरपालिकाको कार्यालयको हो कि होईन यकिन गर्न हामीले विभिन्न सर्च इन्जिनमा रिभर्स इमेज सर्च गर्‍यौँ। यसै क्रममा सोही फोटो हामीले अलामी नामक स्टक फोटो वेबसाइटमा राखेको भेट्यौं। फोटोमा क्रेडिट आर्यन धिमाल र जुमा प्रेस वायर लेखिएको छ। फोटोको ",NepalFactCheck.org,https://nepalfactcheck.org/2024/07/balen-criticism-fake-photo/,,"भारत-पाकिस्तान युद्ध बारे प्रधानमन्त्री ओलीले के भनेका हुन् ? बैशाख ३०, २०८२ यसमा प्रकाशित सबै सामग्री CC BY 4.0 अन्तर्गत छन्। यसलाई NepalFactCheck.org भनेर स्रोत खोलेर पूर्ण वा आशय फरक नपर्ने गरी सम्पादन गरी पुन: प्रकाशन गर्न पाइन्छ। ×",Nepali,,,,,,,,,REFUTES,,,,finance_investment,,,,
"पूर्व प्रधानमन्त्री झलनाथ खनालको दावी अनुसार नेकपा एमालेको नवौँ महाधिवेशनमा उनले ‘सुखी नेपाली, समृद्ध नेपाल’को नारा अघि सारेका हुन्।","के 'सुखी नेपाली, समृद्ध नेपाल'को नारा झलनाथ खनालको पालामा आएको हो? - Nepal Factcheck ☰ होम हाम्रो बारे मिथ्या सूचना के हो? हाम्रो वर्गीकरणको अर्थ मिथ्या सूचना: के गर्ने? FAQs तथ्यजाँच अनुरोध × होम हाम्रो बारे मिथ्या सूचना के हो? हाम्रो वर्गीकरणको अर्थ मिथ्या सूचना: के गर्ने? FAQs तथ्यजाँच अनुरोध तथ्यजाँच वागमती सम्बन्धित प्रदेश सही सूचना के ‘सुखी नेपाली, समृद्ध नेपाल’को नारा झलनाथ खनालको पालामा आएको हो? Home तथ्यजाँच सही सूचना उमेश श्रेष्ठ पुस १०, २०७८ के ‘सुखी नेपाली, समृद्ध नेपाल’को नारा झलनाथ खनालको पालामा आएको हो? पूर्व प्रधानमन्त्री तथा हाल नेकपा एमालेबाट टुक्रिएर बनेको नेकपा एकीकृत समाजवादीका नेता झलनाथ खनालले ‘सुखी नेपाली, समृद्ध नेपाल’को नारा आफ्नो पालामा ल्याइएको दावी गरेको समाचार विभिन्न मिडियामा आएका छन्। पूर्व प्रधानमन्त्री केपी शर्मा ‌ओलीले लोकप्रिय बनाएको नारा आफूले नवौँ महाधिवेशनको क्रममा ल्याएको दावी उनले गरेको ती समाचारहरुमा उल्लेख छ। के हो यसको तथ्य? हामीले खोजेका छौँ। कहाँ कस्तो समाचार ? सरकारी स्वामित्वको दैनिक गोरखापत्रले ‘सुखी नेपाली, समृद्ध नेपाल’ नारा मेरो हो : खनाल शीर्षकको समाचार पुस ९ गते शुक्रबार प्रकाशन गरेको छ। बिहीबार काठमाडाैंमा राजनीतिज्ञ बद्रीप्रसाद खतिवडाको पुस्तक ‘अभियन्ता’ विमोचन कार्यक्रममा बोल्दै नेता खनालले नेकपा एमालेको नवौँ महाधिवेशनमा आफूले ‘सुखी नेपाली, समृद्ध नेपाल’को नारा अघि सारेको दाबी गरेको उल्लेख छ। त्यस्तै नेपालप्रेसले पनि झलनाथको दाबी- ‘सुखी नेपाली, समृद्ध नेपाल’ मैले अघि सारेको नारा शीर्षकमा पुस ८ गते समाचार राखेको छ। समाचारमा लेखिएको छ- ‘सुखी नेपाली, समृद्ध नेपाल मैले नेकपा (एमाले) को नवौं महाधिवेशनमा अगाडि सारेको नारा हो,’ खनालले भने, ‘कम्युनिष्ट आन्दोलन त्यति बेला ठ्याक्क ६५ वर्षमा पुगेको थियो । अब ३५ वर्षमा सय वर्षमा पुग्छ । यो अवधिमा हामीले नेपालमा कम्युनिष्ट आन्दोलनका सामु के लक्ष्य राख्ने त भन्दा सुखी नेपाली समृद्ध नेपाल हुनुपर्छ भनेर अगाडि सारिएको थियो ।’ समाचारमा झलनाथ खनालले बोलेको भिडियो पनि राखिएको छ- खनालले यस्तो दावी गरेको यो पहिलो पटक भने होइन। यसअघि पनि उनले यस्तो दावी गरेको हामीले गुगलमा खोज्ने क्रममा भेट्टायौँ। माघ २५, २०७७ मा सेतोपाटीमा प्रकाशित ‘ सुखी नेपाली, समृद्ध नेपाल’ मैले तय गरेको नारा हो",NepalFactCheck.org,https://nepalfactcheck.org/2021/12/slogan-jn-khanal/,,"सही सूचना। नेकपा एमालेको नवौँ महाधिवेशनको राजनीतिक प्रतिवेदनमा यो नारा उल्लेख भएको देखिन्छ। यद्यपि, यो नारालाई चर्चामा ल्याएका भने तत्कालीन प्रधानमन्त्री केपी शर्मा ओलीले हुन्।",Nepali,,,,,,,,,SUPPORTS,,,,politics_elections,,,,
നടി രശ്മിക മന്ദാനയും നടൻ വിജയ് ദേവരകൊണ്ടയും 2026 ഫെബ്രുവരി 26-ന് ഉദയ്പൂരിൽ വച്ച് വിവാഹിതരായി.,'ദി വെഡ്ഡിംഗ് ഓഫ് വിരോഷ്' എന്ന് പേരിട്ട് സ്വകാര്യ ചടങ്ങിലാണ് എട്ട് വർഷത്തെ പ്രണയത്തിന് ശേഷം ഇരുവരും വിവാഹിതരായത്.,Gulf News,,,രശ്മിക മന്ദാനയും വിജയ് ദേവരകൊണ്ടയും എട്ട് വർഷത്തെ പ്രണയത്തിന് ശേഷം 2026 ഫെബ്രുവരി 26-ന് ഉദയ്പൂരിൽ 'ദി വെഡ്ഡിംഗ് ഓഫ് വിരോഷ്' എന്ന പേരിൽ വിവാഹിതരായെന്ന് Gulf News സ്ഥിരീകരിക്കുന്നു.,Malayalam,,,,,,,,,Supported,,,https://gulfnews.com/entertainment/rashmika-mandanna-and-vijay-deverakonda-announce-the-wedding-of-virosh-fans-rejoice-at-their-tribute-1.500452247,,,,,
పోస్టాఫీస్ సేవింగ్స్ ఖాతా తెరిచిన వారికి ప్రభుత్వం ఉచితంగా ఎలక్ట్రిక్ బైక్ ఇస్తుంది.,పోస్టాఫీసు ఎటువంటి ఉచిత బైక్ లేదా వాహన పథకాన్ని ప్రకటించలేదు.,India Post / PIB Fact Check,https://factcheck.pib.gov.in,,,Telugu,,,,,,,Not Supported,,,,,,,,,,
ഗായിക റിഹാന്നയും റാപ്പർ എ$എപി റോക്കിയും 2025-ലെ മെറ്റ് ഗാലയിൽ തങ്ങളുടെ മൂന്നാമത്തെ കുഞ്ഞിനെ പ്രതീക്ഷിക്കുന്നതായി പ്രഖ്യാപിച്ചു.,ചടങ്ങിൽ ബേബി ബമ്പ് പ്രദർശിപ്പിച്ചാണ് റിഹാന്ന ഗർഭധാരണ വാർത്ത സ്ഥിരീകരിച്ചത്.,Yardbarker,,,"2025 മെയ് 5-ന് മെറ്റ് ഗാലയിൽ റിഹാന്നയും എ$എപി റോക്കിയും മൂന്നാമത്തെ കുഞ്ഞിനെ പ്രതീക്ഷിക്കുന്നതായി പ്രഖ്യാപിച്ചെന്ന് ABC News, People, BBC സ്ഥിരീകരിക്കുന്നു.",Malayalam,,,,,,,,,Supported,,,https://www.yardbarker.com/entertainment/articles/20_celebrities_who_announced_pregnancies_or_welcomed_babies_in_2025/s1__43209609,,,,,
2025 മെയ് മാസത്തിൽ പ്രിൻസ് ഹാരി തന്റെ സർക്കാർ ചെലവിലുള്ള സുരക്ഷാ പരിരക്ഷ കുറച്ചതിനെതിരായ അപ്പീൽ കോടതിയിൽ പരാജയപ്പെട്ടു.,2020-ൽ രാജകുടുംബ ചുമതലകളിൽ നിന്ന് പിന്മാറി കാലിഫോർണിയയിലേക്ക് മാറിയതിന് ശേഷമാണ് സുരക്ഷ വെട്ടിക്കുറച്ചത്.,ABC News,,,2020-ൽ രാജകുടുംബ ചുമതലകളിൽ നിന്ന് പിന്മാറി കാലിഫോർണിയയിലേക്ക് മാറിയ പ്രിൻസ് ഹാരിയുടെ സർക്കാർ സുരക്ഷാ പരിരക്ഷ സംബന്ധിച്ച അപ്പീൽ 2025 മെയിൽ കോടതി തള്ളിയെന്ന് ABC News സ്ഥിരീകരിക്കുന്നു.,Malayalam,,,,,,,,,Supported,,,https://abcnews.com/GMA/Culture/prince-harry-meghan-markle-bring-kids-archie-lilibet/story?id=133970219,,,,,
फुटबल लिजेन्ड पेलेको निधन भयो।,"के पेलेको निधन भइसकेको हो ? - Nepal Factcheck ☰ होम हाम्रो बारे मिथ्या सूचना के हो? हाम्रो वर्गीकरणको अर्थ मिथ्या सूचना: के गर्ने? FAQs तथ्यजाँच अनुरोध × होम हाम्रो बारे मिथ्या सूचना के हो? हाम्रो वर्गीकरणको अर्थ मिथ्या सूचना: के गर्ने? FAQs तथ्यजाँच अनुरोध तथ्यजाँच मिथ्या सूचना वागमती सम्बन्धित प्रदेश के पेलेको निधन भइसकेको हो ? Home तथ्यजाँच मिथ्या सूचना उमेश श्रेष्ठ पुस १४, २०७९ के पेलेको निधन भइसकेको हो ? अपडेट (डिसेम्बर ३०) : हामीले हिजो तथ्य जाँच गर्दासम्म पेलेको निधनको खबर मिथ्या भए पनि उनको उपचार भइरहेको साओ पाउलोस्थित अल्बर्ट आइन्सटाइन अस्पतालले स्थानीय समय अनुसार दिउँसो ३ बजेर २७ मिनेट (नेपाली समय अनुसार बिहीबार राति ११ बजेर १२ मिनेटमा निधन भएको जनाएको छ। पेलेको आधिकारिक ट्विटर ह्यान्डल , ब्राजिलको फुटबल संघको ट्विटर ह्यान्डल र अन्तर्राष्ट्रिय मिडियाहरुमा पनि पेलेको निधनको समाचार आएका छन्। *** फुटबल लिजेन्ड पेलेको निधन भएको खबर सामाजिक सञ्जालमा फैलिएको छ। उपप्रधानमन्त्री समेत भइसकेका राष्ट्रिय प्रजातन्त्र पार्टी नेपालका अध्यक्ष कमल थापाले आफ्नो फेसबुक र ट्विटरमा बिहीबार (डिसेम्बर २९, २०२२) पेलेको निधनको खबर सुनेर साह्रै दुःख लागेको भन्दै श्रद्धाञ्जली दिएका छन्। तर हाम्रो तथ्य जाँचमा यो खबर मिथ्या रहेको पायौँ। यसरी भयो भाइरल पेलेको निधन भएको खबर डिसेम्बरको पहिलो साता पनि भाइरल भएको थियो। त्यतिबेला पेले आफैले आफ्नो बारेमा बताउनु परेको थियो। डिसेम्बरको अन्तिम साता फेरि त्यही खबर भाइरल भएको छ। नेपाली सामाजिक सञ्जाल प्रयोगकर्ताहरुले बुधबारदेखि नै श्रद्धाञ्जलिसहितका पोस्टहरु राख्न थालेका थिए। यही क्रममा पूर्व उपप्रधानमन्त्री तथा राप्रपा नेपालका अध्यक्ष कमल थापाले बिहीबार बिना पेलेको निधन भएको भन्दै फेसबुक र ट्विटरमा श्रद्धाञ्जलि दिए। उनको फेसबुक पोस्टमा दुई घण्टामा नै १७ सय रियाक्सन, ५०३ कमेन्ट र १८ सेयर देखिएको थियो। त्यसैगरी उनले ८ लाखभन्दा बढी फलोअर्स भएको ट्विटरमा पनि यही व्यहोरासहितको ट्विट गरेका छन्। तीन घण्टामा त्यसमा ८ हजार ७४८ भ्युज, ५ रिट्विट, ८ कोट ट्विट र ५९ लाइक्स देखिएको थियो। हेर्नुस् अर्काइभ लिङ्क। क्रस नामको फेसबुक पेजले पेलेको निधन भएको दावी गर्दै श्रद्धाञ्जलि दिएको पोस्ट १५ घण्टामा २०९ सेयर, १६ कमेन्ट र १८४ रियाक्सन देखिएको छ। हेर्नुस् स्क्रिन",NepalFactCheck.org,https://nepalfactcheck.org/2022/12/pele-death-misinfo/,,"मिथ्या सूचना। पेलेको निधनबारे उनको परिवारले पुष्टि गरिसकेको छैन। कुनै अन्तर्राष्ट्रिय विश्वसनीय मिडियाले पनि यसबारे समाचार दिएको छैन। अपडेट (डिसेम्बर ३०) : हामीले हिजो तथ्य जाँच गर्दासम्म पेलेको निधनको खबर मिथ्या भए पनि उनको उपचार भइरहेको साओ पाउलोस्थित अल्बर्ट आइन्सटाइन अस्पतालले स्थानीय समय अनुसार दिउँसो ३ बजेर २७ मिनेट (नेपाली समय अनुसार बिहीबार राति ११ बजेर १२ मिनेटमा निधन भएको जनाएको छ। पेलेको आधिकारिक ट्विटर ह्यान्डल , ब्राजिलको फुटबल संघको ट्विटर ह्यान्डल र अन्तर्राष्ट्रिय मिडियाहरुमा पनि पेलेको निधनको समाचार आएका छन्।",Nepali,,,,,,,,,REFUTES,,,,health_medicine,,,,
کسانوں نے فصل کی چھٹی کا اعلان کیا ہے کیونکہ حکومت نے ان کی پیداوار کی قیمت ادا نہیں کی۔,کسانوں نے حکومت کی غلط پالیسیوں کے تحت فصل کی چھٹی کا اعلان کیا ہے۔ ان کا کہنا ہے کہ انہیں پیداوار کی قیمت نہیں ملی اور ندیوں کی مرمت نہیں کی گئی۔,Munsif Daily (Urdu) - منصف ڈیلی، حیدرآباد,https://munsifdaily.com/farmers-declared-crop-holiday-due-to-wrong-policies-of-ysrcp-govt-pawan-alleges/,,مضمون میں کسانوں کی فصل کی چھٹی کا اعلان کرنے کی وجوہات بیان کی گئی ہیں، لیکن یہ واضح نہیں کہ آیا حکومت نے اس بارے میں کوئی اقدامات کیے ہیں یا نہیں۔,Urdu,,,,,,,,,Not Enough Information (NEI),,,,,,,,
SEBI का प्रमुख उद्देश्य प्रतिभूति बाजार में निवेशकों के हितों की रक्षा करना तथा बाजार का विनियमन करना है।,"SEBI की आधिकारिक वेबसाइट के अनुसार उसका उद्देश्य निवेशकों के हितों की रक्षा करना, प्रतिभूति बाजार का विकास करना और उसका विनियमन करना है।",SEBI,https://www.sebi.gov.in,,यह SEBI अधिनियम के अनुरूप संस्था का आधिकारिक उद्देश्य है। (Securities and Exchange Board of India),Hindi,,,,,,,,,,Supported,,,,,,,
ਨਿਮਰਤ ਖਹਿਰਾ ਨੇ ਆਸਟ੍ਰੇਲੀਆ ਵਿੱਚ ਆਪਣੇ ਨਵੇਂ ਸੰਗੀਤਕ ਟੂਰ ਦਾ ਐਲਾਨ ਕੀਤਾ ਹੈ।,"ਅਧਿਕਾਰਤ ਸੋਸ਼ਲ ਮੀਡੀਆ ਹੈਂਡਲ ਮੁਤਾਬਕ, ਨਿਮਰਤ ਖਹਿਰਾ ਨੇ ਆਸਟ੍ਰੇਲੀਆ ਟੂਰ ਦੀ ਪੁਸ਼ਟੀ ਕੀਤੀ ਹੈ।",PTC News,https://www.ptcnews.tv/?id=10247,,,Punjab,,,,,,,,,,,,,,Supported,,,
माओवादीलाई भोट नदिन कांग्रेसले सर्कुलर गरेको दावी गर्दै विभिन्न मिडियाको अनलाइनमा प्रकाशित भए झैँ देखिने स्क्रिनसटहरु।,"स्थापित मिडियाका अनलाइनमा प्रकाशन भए झैँ देखिने मिथ्या स्क्रिनसट भाइरल - Nepal Factcheck ☰ होम हाम्रो बारे मिथ्या सूचना के हो? हाम्रो वर्गीकरणको अर्थ मिथ्या सूचना: के गर्ने? FAQs तथ्यजाँच अनुरोध × होम हाम्रो बारे मिथ्या सूचना के हो? हाम्रो वर्गीकरणको अर्थ मिथ्या सूचना: के गर्ने? FAQs तथ्यजाँच अनुरोध तथ्यजाँच मिथ्या सूचना वागमती सम्बन्धित प्रदेश स्थापित मिडियाका अनलाइनमा प्रकाशन भए झैँ देखिने मिथ्या स्क्रिनसट भाइरल Home तथ्यजाँच मिथ्या सूचना उमेश श्रेष्ठ मंसिर ३, २०७९ स्थापित मिडियाका अनलाइनमा प्रकाशन भए झैँ देखिने मिथ्या स्क्रिनसट भाइरल प्रतिनिधि सभा र प्रदेश सभा निर्वाचन २०७९ को मतदानको अघिल्लो दिन स्थापित मिडियाका अनलाइनहरुमा प्रकाशन भएको झैँ देखिने केही स्क्रिनसटहरु सामाजिक सञ्जालमा भाइरल भएका छन्। सेतोपाटी, उज्यालो, नयाँ पत्रिका लगायतका अनलाइनहरुमा प्रकाशित झैँ देखिने समाचारहरुमा माओवादीलाई भोट नदिन कांग्रेसले सर्कुलर गरेको दावी गरिएको छ। तर हाम्रो तथ्य जाँचमा ती स्क्रिनसटहरु मिथ्या भएको देखिएको छ। यसरी भयो भाइरल प्रेस चौतारीका अध्यक्षसमेत रहेका पत्रकार गणेश बस्नेतले आफ्नो फेसबुकमा शनिबार मध्याह्न ‘प्रचण्डबाहेक माओवादीका अन्य उम्मेदवारलाई भोट नहाल्न कांग्रेसको निर्देशन’ लेख्दै सेतोपाटीमा प्रकाशित जस्तो देखिने एउटा स्क्रिनसट सेयर गरेका थिए। पछि उनले आफ्नो स्टायटसलाई संशोधन गर्दै ‘भन्ने समाचार सही हो कि के हो?’ थपेका थिए। हेर्नुस् एडिट हिस्ट्रीको स्क्रिनसट शनिबार रातिसम्म यो स्टायटसमा २०० भन्दा बढी कमेन्ट र रियाक्सन र २७ सेयर देखिन्छ। त्यसैगरी प्रेस चौतारीका केन्द्रीय सदस्य गणेश आचार्यले पनि यही स्क्रिनसटसहितको स्टायटस राखेका थिए। तर पछि उनले त्यो हटाए। उनले सेतोपाटीसँगै उज्यालोमा प्रकाशित समाचार जस्तो देखिने स्क्रिनसट पनि राखेका थिए। त्यसैगरी फेसबुकमा नयाँ पत्रिकाको अनलाइन संस्करणमा प्रकाशित झैँ देखिने अर्को स्क्रिनसट पनि भाइरल छ। नेकपा एमाले नामको फेसबुक पेजमा शनिबार राखिएको स्क्रिनसटमा १३२ रियाक्सन, ९ कमेन्ट र २७ सेयर भएको देखिन्छ। फेसबुकमा अरु थुप्रैले पनि यस्तो स्क्रिनसट राखेका छन्। त्यसमा सेतोपाटीसँगै नयाँ पत्रिका र उज्यालोको पनि स्क्रिनसट देखिन्छ। फेसबुकमा भाइरल भएका स्क्रिनसटहरु। के हो तथ्य ? हामीले सेतोपाटीमा भाइरल भएको स्क्रिनसटको हेडलाइन ‘प्रचण्डबाहेक म",NepalFactCheck.org,https://nepalfactcheck.org/2022/11/fake-screenshot/,,मिथ्या सूचना। यस्ता समाचार सो मिडियामा प्रकाशित भएको हामीले भेटेनौँ। कसैले यसको लिङ्क पनि सेयर गरेका छैनन्। वेबसाइटको एचटिएमएल कोड परिवर्तन गरी यसरी सोही अनलाइनमा समाचार प्रकाशित भए झैँ देखिने बनाउन सकिन्छ। यसबारे हामीले यसअघि के हो पूर्वराजा ज्ञानेन्द्रको नामसहित मूर्तिचोरी सम्बन्धी सामाजिक सञ्जालमा भाइरल समाचारको तथ्य? यसरी बनाउन सकिन्छ नक्कली स्क्रिनसट शीर्षकको तथ्य जाँचमा भिडियोसहित लेखेका थियौँ। अहिले पनि यसरी नै मिथ्या समाचारको स्क्रिनसट बनाइएको देखिन्छ।,Nepali,,,,,,,,,REFUTES,,,,politics_elections,,,,
منموہن سنگھ نے بھارت کی اقتصادی ترقی میں ایک اہم کردار ادا کیا ہے۔,کانگریس نے منموہن سنگھ کی پہلی برسی پر انہیں ایک بصیرت رکھنے والے رہنما کے طور پر یاد کیا، جنہوں نے بھارت کی اقتصادی راہ کو دوبارہ تشکیل دیا اور لاکھوں افراد کے مواقع کو بڑھایا۔,Munsif Daily (Urdu) - منصف ڈیلی، حیدرآباد,https://munsifdaily.com/manmohan-singh-played-transformative-role/,,یہ ثبوت دعوے کی تصدیق کرتا ہے کیونکہ مضمون میں واضح طور پر بتایا گیا ہے کہ منموہن سنگھ نے بھارت کی اقتصادی ترقی میں نمایاں کردار ادا کیا۔,Urdu,,,,,,,,,Supported,,,,,,,,
ہندوستانی قومی فٹبال ٹیم کو فیفا ورلڈ کپ ۲۰۲۶ء کے لئے کوالیفائی کرنے میں کامیابی ملی ہے۔,مضمون کے مطابق، ہندوستانی قومی ٹیم فیفا ورلڈ کپ ۲۰۲۶ء کے لئے کوالیفائی کرنے میں ناکام رہی ہے، جس کی وجہ سے ملک کو دوبارہ اس عالمی مقابلے کو دور سے دیکھنا پڑے گا۔,Inquilab (Urdu) - انقلاب، ممبئی,https://www.inquilab.com/sports/articles/indian-origin-footballers-to-participate-in-fifa-world-cup-2026-99710,,یہ ثبوت دعوے کی تردید کرتا ہے کیونکہ مضمون واضح طور پر بیان کرتا ہے کہ ہندوستانی قومی ٹیم ورلڈ کپ میں شرکت کے لئے کوالیفائی نہیں کر سکی۔,Urdu,,,,,,,,,Not Supported,,,,,,,,
تلنگانہ میں گھر بیٹھے ووٹ دینے کا تجربہ کیا جا رہا ہے۔,ریاست تلنگانہ میں گھر بیٹھے ووٹ دینے کے لیے ایک نیا ایپ تیار کیا گیا ہے جو 20 اکٹوبر کو ڈمی رائے دہی کے ذریعے آزمایا جائے گا۔ اس ایپ کا استعمال ضلع کھمم میں کیا جائے گا جہاں ووٹرس کا رجسٹریشن 18 اکٹوبر تک کیا جائے گا۔,The Siasat Daily (Urdu) - سیاست ڈیلی، حیدرآباد,https://urdu.siasat.com/news/%d8%a2%d8%ac-%d8%b3%db%92-%d8%a7%db%8c-%d9%88%d9%88%d9%b9%d9%86%da%af-%da%a9%db%8c%d9%84%d8%a6%db%92-%d8%b6%d9%84%d8%b9-%da%a9%da%be%d9%85%d9%85-%d9%85%db%8c%da%ba-%d8%b1%d8%ac%d8%b3%d9%b9%d8%b1%db%8c-1331831/,,یہ دعویٰ درست ہے کیونکہ مضمون میں گھر بیٹھے ووٹ دینے کے تجربے کے بارے میں تفصیلات فراہم کی گئی ہیں اور یہ بھی بیان کیا گیا ہے کہ یہ منصوبہ کب شروع ہوگا۔,Urdu,,,,,,,,,Supported,,,,,,,,
RBI ग्राहकों को फर्जी कस्टमर केयर नंबरों से सावधान रहने की सलाह देता है।,RBI की उपभोक्ता जागरूकता सामग्री बैंकिंग धोखाधड़ी से बचने हेतु केवल आधिकारिक संपर्क माध्यमों का उपयोग करने की सलाह देती है।,instagram.com,https://www.instagram.com/reel/DaAZcjHCH4o/,,आधिकारिक साइबर सुरक्षा सलाह।,Hindi,,,,,,,,,,Supported,,,,,,,
لیبر پارٹی کی قرارداد کی قانونی حیثیت ہے اور یہ پابند کرتی ہے۔,لیبر پارٹی کی منظور کردہ قرارداد اسرائیل پر پابندیوں کی حمایت کرتی ہے، مگر یہ پارٹی کو پابند کرنے کی صلاحیت نہیں رکھتی۔,The Siasat Daily (Urdu) - سیاست ڈیلی، حیدرآباد,https://urdu.siasat.com/news/%d8%a8%d8%b1%d8%b7%d8%a7%d9%86%d9%88%db%8c-%d9%84%db%8c%d8%a8%d8%b1-%d9%be%d8%a7%d8%b1%d9%b9%db%8c-%da%a9%d8%a7-%d8%a7%d8%b3%d8%b1%d8%a7%d8%a6%db%8c%d9%84-%d9%be%d8%b1-%d9%be%d8%a7%d8%a8%d9%86%d8%af-1330182/,,یہاں قرارداد کی قانونی حیثیت کی تصدیق نہیں ہوئی، کیونکہ مضمون میں کہا گیا ہے کہ قرارداد پارٹی کو پابند نہیں کرتی۔,Urdu,,,,,,,,,Not Supported,,,,,,,,
تشار کمار کی کامیابی نے برطانیہ میں ہندوستانی نژاد سیاستدانوں کی حیثیت کو متاثر کیا ہے۔,مضمون میں تشار کمار کی میئر کی حیثیت اور ان کی پہلی انتخابی کامیابی کا ذکر ہے، جو ان کی محنت اور لگن کا نتیجہ ہے۔ تاہم، یہ ثابت نہیں کرتا کہ ان کی کامیابی نے دیگر ہندوستانی نژاد سیاستدانوں کی حیثیت پر کوئی خاص اثر ڈالا ہے۔,Inquilab (Urdu) - انقلاب، ممبئی,https://www.inquilab.com/education/articles/uk-tushar-kumar-becomes-youngest-indian-origin-mayor-98486,,مضمون میں تشار کمار کی کامیابی کا ذکر تو ہے، لیکن یہ بیان نہیں کرتا کہ اس نے ہندوستانی نژاد سیاستدانوں کی حیثیت کو متاثر کیا ہے، اس لئے یہ دعویٰ تردید پذیر ہے۔,Urdu,,,,,,,,,Not Supported,,,,,,,,
"2022 മെയ് 24-ന് ടെക്സസ്സിലെ ഉവാൾഡ് (Uvalde) ഒബ്ബ് എലിമെൻ്ററി സ്കൂളിൽ വെടിവയ്പിൽ 21 പേർ കൊല്ലപ്പെട്ടു, ഇതിൽ 19 കുട്ടികളും 2 അദ്ധ്യാപകരും ഉൾപ്പെടുന്നു.",18 വർഷം പ്രായമുള്ള ഒരാൾ ആക്രമണം നടത്തി; ആക്രമണം ആരംഭിച്ച് 77 മിനിട്ടിന് ശേഷം പോലീസ് ഇടപെട്ടതിൽ ഗുരുതരമായ അന്വേഷണ ചോദ്യങ്ങൾ ഉയർന്നു.,BBC,https://www.bbc.com/news/world-us-canada-61584341,,,Malayalam,,,,,,,Supported,,,,"2022 മെയ് 24-ലെ ഉവാൾഡ് (Uvalde) ടെക്സസ് സ്കൂൾ വെടിവയ്പ് വ്യാപകമായി രേഖപ്പെടുത്തിയ സംഭവമാണ് — 21 പേർ (19 കുട്ടികളും 2 അധ്യാപകരും) കൊല്ലപ്പെട്ടു, 18 വയസ്സുള്ള ആക്രമണകാരി, 77 മിനിറ്റ് പോലീസ് ഇടപെടൽ വൈകിയത് വലിയ വിമർശനത്തിന് കാരണമായി. BBC ലിങ്ക് നേരിട്ടുള്ളതും കൃത്യവുമാണ്.",,,,,,
రిజర్వ్ బ్యాంక్ ఆఫ్ ఇండియా (RBI) 1 ఏప్రిల్ 1935న హెల్టన్ యంగ్ కమిషన్ సిఫార్సుల మేరకు స్థాపించబడింది.,1934 ఆర్‌బీఐ చట్టం ఆధారంగా కోల్‌కతా కేంద్రంగా 1 ఏప్రిల్ 1935న ఆర్‌బీఐ తన కార్యకలాపాలు ప్రారంభించింది.,Reserve Bank of India,https://www.rbi.org.in,,,Telugu,,,,,,,Supported,,,,,,,,,,
ക്രിക്കറ്റ് താരം സ്മൃതി മന്ധാനയും ഗായകൻ പലാഷ് മുച്ചാളും തമ്മിലുള്ള വിവാഹം റദ്ദാക്കിയതായി 2025 ഡിസംബർ 7-ന് മന്ധാന ഇൻസ്റ്റാഗ്രാമിലൂടെ സ്ഥിരീകരിച്ചു.,2025 നവംബർ 23-ന് നടക്കേണ്ടിയിരുന്ന വിവാഹം കുടുംബാംഗങ്ങളുടെ ആരോഗ്യപ്രശ്നങ്ങൾ കാരണം നേരത്തെ തന്നെ മാറ്റിവച്ചിരുന്നു.,FilmiBeat,,,സ്മൃതി മന്ധാനയും പലാഷ് മുച്ചാളും തമ്മിലുള്ള വിവാഹം റദ്ദാക്കിയതായി 2025 ഡിസംബർ 7-ന് മന്ധാന ഇൻസ്റ്റാഗ്രാമിലൂടെ സ്ഥിരീകരിച്ചെന്ന് FilmiBeat റിപ്പോർട്ട് ചെയ്യുന്നു; നവംബർ 23-ലെ വിവാഹം കുടുംബാംഗങ്ങളുടെ ആരോഗ്യപ്രശ്നം കാരണം നേരത്തെ മാറ്റിവച്ചിരുന്നു.,Malayalam,,,,,,,,,Supported,,,https://www.filmibeat.com/top-listing/year-ender-2025-celebrity-divorces-and-breakups-that-made-headlines-this-year-2-6573.html,,,,,
NIFTY 50 సూచీ నేషనల్ స్టాక్ ఎక్స్ఛేంజ్ (NSE) లోని 13 రంగాలు చెందిన 50 దిగ్గజ కంపెనీల పనితీరును సూచిస్తుంది.,ఫ్రీ-ఫ్లోట్ మార్కెట్ క్యాపిటలైజేషన్ పద్ధతి ఆధారంగా నిఫ్టీ 50 సూచీ లెక్కింపు జరుగుతుంది.,NSE India,https://www.nseindia.com,,,Telugu,,,,,,,Supported,,,,,,,,,,
منشی نول کشور کے اخبار کی روزانہ کی کاپیوں کی تعداد بہت زیادہ تھی۔,مضمون میں ذکر کیا گیا ہے کہ منشی نول کشور کے زمانے میں اخبار کی ۱۰ سے ۱۲ ہزار کاپیاں چھپتی تھیں، جو کہ ایک بڑی تعداد ہے۔,Inquilab (Urdu) - انقلاب، ممبئی,https://www.inquilab.com/blog/articles/munshi-naval-kishore-journey-in-the-words-of-his-great-grandson-luv-bhargava-50659,,یہ تو ثابت ہوتا ہے کہ اخبار کی کاپیوں کی تعداد زیادہ تھی، لیکن یہ دعویٰ نہیں کرتا کہ یہ تعداد کسی سرکاری سکیم یا حکومت کی طرف سے مقرر کردہ تھی۔,Urdu,,,,,,,,,Not Supported,,,,,,,,
అక్బర్ జిజియా పన్ను రద్దు చేశాడు.,1564లో ముస్లిమేతరులపై జిజియా రద్దు చేశాడు.,Eenadu,https://www.eenadu.net/telugu-article/education/general/0310/125184447,,,Telugu,,,,,,,,,Supported,,,,,,,,
29 अक्टूबर 2002 को भारतीय रिजर्व बैंक ने अपनी मध्य-वर्षीय मौद्रिक समीक्षा में बैंक दर को 6.5% से घटाकर 6.25% कर दिया।,आरबीआई ने अर्थव्यवस्था में ऋण प्रवाह बढ़ाने और ब्याज दरों में नरम रुख का संकेत देने के लिए बैंक दर में 25 बेसिस प्वाइंट की कटौती की थी।,RBI Press Release,https://www.rbi.org.in/scripts/BS_PressReleaseDisplay.aspx?prid=8110,,,Hindi,,,,,,,Supported,,,,,,,,,,
ਬੀ ਪ੍ਰਾਕ ਦੀ ਆਉਣ ਵਾਲੀ ਫਿਲਮ 'ਤੇ ਸੈਂਸਰ ਬੋਰਡ ਨੇ ਬੈਨ ਲਗਾ ਦਿੱਤਾ ਹੈ।,ਸੈਂਸਰ ਬੋਰਡ ਵੱਲੋਂ ਅਜਿਹਾ ਕੋਈ ਫੈਸਲਾ ਨਹੀਂ ਲਿਆ ਗਿਆ ਅਤੇ ਫਿਲਮ ਨੂੰ 'U/A' ਸਰਟੀਫਿਕੇਟ ਮਿਲ ਚੁੱਕਾ ਹੈ।,News18 Punjab,https://punjab.news18.com/?id=10205,,,Punjab,,,,,,,,,,,,,,Not Supported,,,
കാർഡി ബിയും ഭർത്താവ് ഓഫ്സെറ്റും തമ്മിലുള്ള വിവാഹമോചനം 2024 ഒക്ടോബറിൽ അന്തിമമായി.,2023 ഡിസംബർ മുതൽ വേർപിരിഞ്ഞ ഇരുവരുടെയും വിവാഹമോചനം രണ്ട് തവണ ഫയൽ ചെയ്തതിന് ശേഷം ഒക്ടോബറിൽ അന്തിമമായി.,The Mirror US,,,കാർഡി ബിയും ഓഫ്സെറ്റും 2023 ഡിസംബർ മുതൽ വേർപിരിഞ്ഞ് രണ്ട് തവണ വിവാഹമോചനത്തിന് അപേക്ഷ നൽകിയ ശേഷം 2024 ഒക്ടോബറിൽ വിവാഹമോചനം അന്തിമമായെന്ന് സ്ഥിരീകരിക്കുന്നു.,Malayalam,,,,,,,,,Supported,,,https://www.themirror.com/entertainment/2024-celebrity-breakups-divorces-list-866414,,,,,
ఔరంగజేబు కాశీ విశ్వనాథ్ ఆలయం కూల్చాలని ఆదేశించాడు.,1669లో దేవాలయాలు కూల్చేయాలని ఉత్తర్వు.,BBC News తెలుగు,https://www.bbc.com/telugu/articles/cgjd97eg2xpo,,,Telugu,,,,,,,,,Supported,,,,,,,,
ਅਮਰਿੰਦਰ ਗਿੱਲ ਦੀ ਨਵੀਂ ਫਿਲਮ ਨੇ ਪਹਿਲੇ ਦਿਨ 20 ਕਰੋੜ ਦੀ ਕਮਾਈ ਕੀਤੀ।,ਬਾਕਸ ਆਫਿਸ ਰਿਪੋਰਟਾਂ ਅਨੁਸਾਰ ਅਮਰਿੰਦਰ ਗਿੱਲ ਦੀ ਫਿਲਮ ਨੇ ਓਪਨਿੰਗ ਡੇਅ 'ਤੇ ਵਾਕਈ 20 ਕਰੋੜ ਕਮਾਏ ਹਨ।,PTC News,https://www.ptcnews.tv/?id=10499,,,Punjab,,,,,,,,,,,,,,Supported,,,
वित्त मंत्री यशवंत सिन्हा ने पहली बार शाम 5 बजे के बजाय सुबह 11 बजे केंद्रीय बजट प्रस्तुत करने की ऐतिहासिक परंपरा की शुरुआत की।,ब्रिटिश काल से चली आ रही शाम 5 बजे बजट पेश करने की प्रथा को समाप्त कर सुबह 11 बजे बजट प्रस्तुत करने का नया वित्तीय इतिहास रचा गया।,Union Budget Archives / Ministry of Finance,https://pib.gov.in/archive/releases/1999/budget_1999.html,,,Hindi,,,,,,,Supported,,,,,,,,,,
తిరుమలలో డ్రోన్ ఎగరేసిన యూట్యూబర్ అరెస్టు.,హరినామ సంకీర్తన మండపం దగ్గర డ్రోన్ ఎగరేసినందుకు అరెస్టు.,Telugu360,https://www.telugu360.com/youtuber-arrested-for-flying-drone-at-tirumala-temple/,,,Telugu,,,,,,,,,Supported,,,,,,,,
"वर्ष 1996 में सेबी ने जोखिम भरे स्टार्टअप्स और इनोवेटिव उपक्रमों में संस्थागत पूंजी प्रवाह को बढ़ावा देने के लिए 'वेंचर कैपिटल फंड्स (VCF) विनियम, 1996' अधिसूचित किए।",भारत में निजी इक्विटी और वेंचर कैपिटल फंड्स के पंजीकरण व संचालन हेतु औपचारिक नियामक ढांचा पहली बार लागू किया गया।,Securities and Exchange Board of India (SEBI),https://www.sebi.gov.in/legal/regulations/1996/vcf-regulations.html,,,Hindi,,,,,,,Supported,,,,,,,,,,
ਆਰੀਅਨ ਬੱਬਰ ਨੇ ਯੂਕੇ ਵਿੱਚ ਆਪਣੇ ਨਵੇਂ ਸੰਗੀਤਕ ਟੂਰ ਦਾ ਐਲਾਨ ਕੀਤਾ ਹੈ।,"ਅਧਿਕਾਰਤ ਸੋਸ਼ਲ ਮੀਡੀਆ ਹੈਂਡਲ ਮੁਤਾਬਕ, ਆਰੀਅਨ ਬੱਬਰ ਨੇ ਯੂਕੇ ਟੂਰ ਦੀ ਪੁਸ਼ਟੀ ਕੀਤੀ ਹੈ।",Rozana Spokesman,https://www.rozanaspokesman.in/?id=10070,,,Punjab,,,,,,,,,,,,,,Supported,,,
തുർക്കിയിലെ ഇസ്താംബുളിലുള്ള റെയ്ന നൈറ്റ്ക്ലബ്ബിൽ 2017 ജനുവരി 1-ന് പുതുവർഷ ആഘോഷത്തിനിടെ നടന്ന വെടിവയ്പിൽ 39 പേർ കൊല്ലപ്പെട്ടു.,"ഐഎസ്ഐഎസ് ബന്ധമുള്ള ഒരു തോക്കുധാരി ബോസ്ഫറസ് തീരത്തുള്ള നൈറ്റ്ക്ലബ്ബിൽ കയറി വെടിവയ്പ് നടത്തി, പിന്നീട് 17 ദിവസത്തിന് ശേഷം അറസ്റ്റിലായി.",Wikipedia (Reina nightclub attack),https://en.wikipedia.org/wiki/Reina_nightclub_attack,,,Malayalam,,,,,,,Supported,,,,"വിക്കിപീഡിയ സ്ഥിരീകരിക്കുന്നു: 2017 ജനുവരി 1-ന് ഇസ്താംബുൾ റെയ്ന നൈറ്റ്ക്ലബ് വെടിവയ്പിൽ 39 പേർ കൊല്ലപ്പെട്ടു, ISIS ബന്ധമുള്ള തോക്കുധാരി 17 ദിവസത്തിനുശേഷം അറസ്റ്റിലായി — ക്ലെയിം കൃത്യമാണ്.",,,,,,
गगन थापालाई सर्लाहीमा लखेटियो।,"गगन थापालाई सर्लाहीमा लखेटियो? होइन, भाइरल भिडियो आठ वर्ष पुरानो - Nepal Factcheck ☰ होम हाम्रो बारे मिथ्या सूचना के हो? हाम्रो वर्गीकरणको अर्थ मिथ्या सूचना: के गर्ने? FAQs तथ्यजाँच अनुरोध × होम हाम्रो बारे मिथ्या सूचना के हो? हाम्रो वर्गीकरणको अर्थ मिथ्या सूचना: के गर्ने? FAQs तथ्यजाँच अनुरोध तथ्यजाँच भ्रामक सूचना मधेश सम्बन्धित प्रदेश गगन थापालाई सर्लाहीमा लखेटियो? होइन, भाइरल भिडियो आठ वर्ष पुरानो Home तथ्यजाँच भ्रामक सूचना नेपाल फ्याक्ट चेक फाल्गुन २०, २०८२ गगन थापालाई सर्लाहीमा लखेटियो? होइन, भाइरल भिडियो आठ वर्ष पुरानो नेपाली कांग्रेसका सभापति तथा सर्लाही–४ का उम्मेदवार गगन थापा लाई सर्लाहीका जनताले लखेटेको दावीसहितको एउटा भिडियो सामाजिक सञ्जालमा भाइरल भएको छ। तर नेपालफ्याक्टचेकको तथ्यजाँचमा उक्त भिडियो अहिलेको नभई आठ वर्ष पुरानो स्थानीय निर्वाचनको मौन अवधिको भिडियो भएको पुष्टि भएको छ। पुरानो भिडियोको सानो अंश काटेर अहिले सर्लाहीको घटना जस्तो प्रस्तुत गरिएको हो। दावी के छ ? ३ लाख ५६ हजारभन्दा बढी फलोअर्स रहेको सूर्य खबर डटकम नामक फेसबुक पेजले “गगन थापाको सर्लाहीमा लखेटेको भनेको विषयको भिडियो…” लेख्दै एउटा भिडियो अपलोड गरेको छ। ३० सेकेन्डको उक्त भिडियोमा: “गगन थापा मुर्दाबाद”, “गगनलाई लखेट” जस्ता नाराबाजी सुनिन्छ। भिडियोमा गगन थापा गाडीमा देखिन्छन्। त्यहाँ एक युवतीले उनलाई “आचार संहिता उल्लंघन गर्न पाइन्छ ?” भनेर प्रश्न गरेको सुनिन्छ। त्यसको जवाफमा थापाले “किन डराको यसरी… हत्तेरिका” भनेको सुनिन्छ। बुधबार दिउँसो यो तथ्यजाँच गर्ने समयसम्म भिडियोमा २१,९०० प्रतिक्रिया १,३०० कमेन्ट २,७०० शेयर भइसकेका छन्। हेर्नुस्, स्क्रिन रेकर्ड, भिडियो लिंक https://nepalfactcheck.org/wp-content/uploads/2026/03/2-Facebook.mp4 तथ्य के हो ? यस विषयमा तथ्यजाँच गर्न हामीले फेसबुकमा “गगन थापा मुर्दाबाद”, “गगन थापा विरुद्ध नाराबाजी” लगायतका कीवर्ड प्रयोग गरेर खोजी गर्‍यौँ। त्यस क्रममा २०१७ मे १३ मा अपलोड गरिएको १ मिनेट १७ सेकेन्ड लामो भिडियो फेला पर्‍यो। उक्त भिडियोमा गगन थापाको पहिरन, चढेको गाडी, नाराबाजी, प्रश्न सोध्ने युवतीको आवाज, वरिपरिको परिवेश अहिले भाइरल गरिएको भिडियोसँग ठ्याक्कै मेल खान्छ। तुलना गर्दा अहिले भाइरल भिडियो त्यही भिडियोको करिब ३० सेकेन्ड मात्र काटेर प्रयोग गरिएको दे",NepalFactCheck.org,https://nepalfactcheck.org/2026/03/gagan-thapa-sarlahi-chased-viral-video-fact-check/,,"भारत-पाकिस्तान युद्ध बारे प्रधानमन्त्री ओलीले के भनेका हुन् ? बैशाख ३०, २०८२ यसमा प्रकाशित सबै सामग्री CC BY 4.0 अन्तर्गत छन्। यसलाई NepalFactCheck.org भनेर स्रोत खोलेर पूर्ण वा आशय फरक नपर्ने गरी सम्पादन गरी पुन: प्रकाशन गर्न पाइन्छ। ×",Nepali,,,,,,,,,REFUTES,,,,politics_elections,,,,
వ్యాయామం రోగనిరోధక శక్తికి సహాయపడుతుంది.,క్రమం తప్పని శారీరక శ్రమ మొత్తం ఆరోగ్యాన్ని మెరుగుపరుస్తుంది.,WHO,https://www.who.int/news-room/fact-sheets/detail/physical-activity,,,Telugu,,,,,,,,,,,,,,,,Supported,Supported
ਕਰਨ ਔਜਲਾ ਦੀ ਆਉਣ ਵਾਲੀ ਫਿਲਮ 'ਤੇ ਸੈਂਸਰ ਬੋਰਡ ਨੇ ਬੈਨ ਲਗਾ ਦਿੱਤਾ ਹੈ।,ਸੈਂਸਰ ਬੋਰਡ ਵੱਲੋਂ ਅਜਿਹਾ ਕੋਈ ਫੈਸਲਾ ਨਹੀਂ ਲਿਆ ਗਿਆ ਅਤੇ ਫਿਲਮ ਨੂੰ 'U/A' ਸਰਟੀਫਿਕੇਟ ਮਿਲ ਚੁੱਕਾ ਹੈ।,Zee News Punjab,https://zeenews.india.com/punjabi?id=10424,,,Punjab,,,,,,,,,,,,,,Not Supported,,,
ਗਿੱਪੀ ਗਰੇਵਾਲ ਨੇ ਯੂਰਪ ਵਿੱਚ ਆਪਣੇ ਨਵੇਂ ਸੰਗੀਤਕ ਟੂਰ ਦਾ ਐਲਾਨ ਕੀਤਾ ਹੈ।,"ਅਧਿਕਾਰਤ ਸੋਸ਼ਲ ਮੀਡੀਆ ਹੈਂਡਲ ਮੁਤਾਬਕ, ਗਿੱਪੀ ਗਰੇਵਾਲ ਨੇ ਯੂਰਪ ਟੂਰ ਦੀ ਪੁਸ਼ਟੀ ਕੀਤੀ ਹੈ।",ABP Sanjha,https://punjabi.abplive.com/?id=10481,,,Punjab,,,,,,,,,,,,,,Supported,,,
అక్బర్ జిజియా పన్ను రద్దు చేశాడు.,1564లో ముస్లిమేతరులపై జిజియా రద్దు చేశాడు.,Eenadu,https://www.eenadu.net/telugu-article/education/general/0310/125184447,,,Telugu,,,,,,,,,Supported,,,,,,,,
फरवरी 2022 में कृषि कार्यों में 'किसान ड्रोन' (Kisan Drones) के उपयोग हेतु दिशानिर्देश जारी किए गए।,कीटनाशक छिड़काव व फसल आकलन हेतु किसान ड्रोन पर वित्तीय सब्सिडी की घोषणा की गई।,Ministry of Agriculture,,,,Hindi,,,,https://pib.gov.in/PressReleasePage.aspx?PRID=1802115,Supported,कृषि एवं किसान कल्याण मंत्रालय के नोटिफिकेशन से सत्यापित।,,,,,,,,,,,
తిరుమల ఆలయంలో విదేశీ కరెన్సీ దొంగతనం జరిగింది.,పారకమణి నుంచి సిబ్బంది విదేశీ కరెన్సీ దొంగిలించినట్లు ఆరోపణ.,Telugu360,https://www.telugu360.com/major-scam-uncovered-at-tirumala-temple-foreign-currency-theft/,,,Telugu,,,,,,,,,Supported,,,,,,,,
ریلوے کے کرائے میں اضافے کے خلاف عوامی تحفظات موجود ہیں۔,مضمون میں بتایا گیا ہے کہ کانگریس کے رہنما اجے کمار للو نے کرائے میں اضافہ کو عوام پر اضافی بوجھ قرار دیا اور کہا کہ یہ مہنگائی کے وقت میں ہو رہا ہے، جس سے عوام متاثر ہو رہے ہیں۔ ان کا کہنا تھا کہ ٹرینوں کے سفر میں اب حفاظت کا خیال نہیں رکھا جا رہا۔,Munsif Daily (Urdu) - منصف ڈیلی، حیدرآباد,https://munsifdaily.com/facilities-far-outweigh-minor-hike-jdu/,,یہ شواہد واضح طور پر دعوے کی تصدیق کرتے ہیں کہ عوام کی جانب سے کرائے میں اضافے کے باعث تشویش پائی جاتی ہے، خاص طور پر مہنگائی اور حفاظت کے مسائل کی وجہ سے۔,Urdu,,,,,,,,,Supported,,,,,,,,
ਐਮੀ ਵਿਰਕ ਨੇ ਆਸਟ੍ਰੇਲੀਆ ਵਿੱਚ ਆਪਣੇ ਨਵੇਂ ਸੰਗੀਤਕ ਟੂਰ ਦਾ ਐਲਾਨ ਕੀਤਾ ਹੈ।,"ਅਧਿਕਾਰਤ ਸੋਸ਼ਲ ਮੀਡੀਆ ਹੈਂਡਲ ਮੁਤਾਬਕ, ਐਮੀ ਵਿਰਕ ਨੇ ਆਸਟ੍ਰੇਲੀਆ ਟੂਰ ਦੀ ਪੁਸ਼ਟੀ ਕੀਤੀ ਹੈ।",Punjabi Tribune,https://www.punjabitribuneonline.com/?id=10001,,,Punjab,,,,,,,,,,,,,,Supported,,,
എ.എസ്.എ.പി റോക്കി 2025 ഫെബ്രുവരിയിലെ വിചാരണയിൽ കുറ്റക്കാരനാണെന്ന് കണ്ടെത്തി ശിക്ഷിക്കപ്പെട്ടു.,"വാസ്തവത്തിൽ റോക്കി കുറ്റവിമുക്തനാക്കപ്പെടുകയാണ് ചെയ്തത്, ശിക്ഷിക്കപ്പെട്ടതായി റിപ്പോർട്ടുകളൊന്നുമില്ല.",Sportskeeda,,,"എ.എസ്.എ.പി റോക്കി കുറ്റവിമുക്തനാക്കപ്പെടുകയാണ് ചെയ്തതെന്നും ശിക്ഷിക്കപ്പെട്ടതായി റിപ്പോർട്ടുകളൊന്നുമില്ലെന്നും Rolling Stone, ABC News സ്ഥിരീകരിക്കുന്നു.",Malayalam,,,,,,,,,Not Supported,,,https://www.sportskeeda.com/pop-culture/news-are-jay-z-beyonce-suing-rihanna-a-ap-rocky-roc-nation-issues-catchy-response,,,,,
नवंबर 2024 में आईसीआईसीआई प्रूडेंशियल के एमडी निमेश शाह ने एक आधिकारिक वीडियो जारी करके निवेशकों को 100% गारंटीड रिटर्न वाले शेयर खरीदने की सलाह दी है।,"इस फर्जी वीडियो में उनके द्वारा 2024 के लिए कई स्टॉक खरीदने की सिफारिशें की जा रही हैं... निवेश के बाजार में पहुंचे डीपफेक वीडियो, निवेशकों को रहना होगा सावधान।",ABP Live,https://www.abplive.com/business/deepfake-videos-are-entering-into-the-investment-market-people-should-be-very-careful-2594113,,"सबूत दावे का स्पष्ट रूप से खंडन करता है, क्योंकि वायरल हो रहा वीडियो आधिकारिक नहीं बल्कि एक एआई-जनरेटेड डीपफेक (Deepfake) है।",Hindi,,,,,,,,,Not Supported,,,,,,,,
नोबेल साहित्य पुरस्कार एनी एरनॉक्स को मिला।,साहस/नैदानिक तीक्ष्णता हेतु।,Nobel Prize Committee,,,,Hindi,,,,https://www.nobelprize.org/prizes/literature/2022/summary/,Supported,नोबेल विज्ञप्ति से पुष्ट।,,,,,,,,,,,
पुर्पक्षका लागि जेल चलान हुने आदेश आए सँगै टोपबहादुर रायमाझीको सांसद पद खारेज हुने,"के पुर्पक्षका लागि थुनामा गएका टोपबहादुर रायमाझीको सांसद पद खारेज भएको हो? - Nepal Factcheck ☰ होम हाम्रो बारे मिथ्या सूचना के हो? हाम्रो वर्गीकरणको अर्थ मिथ्या सूचना: के गर्ने? FAQs तथ्यजाँच अनुरोध × होम हाम्रो बारे मिथ्या सूचना के हो? हाम्रो वर्गीकरणको अर्थ मिथ्या सूचना: के गर्ने? FAQs तथ्यजाँच अनुरोध तथ्यजाँच मिथ्या सूचना वागमती के पुर्पक्षका लागि थुनामा गएका टोपबहादुर रायमाझीको सांसद पद खारेज भएको हो? Home तथ्यजाँच मिथ्या सूचना उमेश श्रेष्ठ असार १, २०८० के पुर्पक्षका लागि थुनामा गएका टोपबहादुर रायमाझीको सांसद पद खारेज भएको हो? ४० लाख फलोअर भएको फेसबुक पेज ‘रुटिन अफ नेपाल बन्द’ले शुक्रबार साँझ ७ बजे ‘पुर्पक्षका लागि जेल चलान हुने आदेश आए सँगै टोप बहादुर रायमझीको सांसद पद खारेज हुनेभएको छ’ लेखेको छ। युवामाझ चर्चित फेसबुक पेजले लेखेपछि फेसबुकमा यो सूचना भाइरल भएको छ। तर हाम्रो तथ्य जाँचमा यो सूचना मिथ्या देखिएको छ। रायमाझीको पद खारेज हुने नभई निलम्बन हुने प्रतिनिधि सभा नियमावलीमा उल्लेख छ। यस्तो छ भाइरल सूचना ‘रुटिन अफ नेपाल बन्द’ फेसबुक पेजले टोपबहादुर रायमाझीको फोटो राख्दै ‘पुर्पक्षका लागि जेल चलान हुने आदेश आए सँगै टोप बहादुर रायमझीको सांसद पद खारेज हुनेभएको छ’ लेखेको छ। तीन घण्टामा यो पोस्टमा १० हजार रियाक्सन, १४ सय कमेन्ट र ९३ सेयर देखिन्छ। अर्काइभ लिङ्क। नक्कली भुटानी शरणार्थी प्रकरणमा चलिरहेको मुद्दामा अर्घाखाँचीबाट नेकपा एमालेबाट प्रतिनिधि सभा सदस्य निर्वाचित टोपबहादुर रायमाझीसहित १६ जनालाई पुर्पक्षका लागि थुनामा राख्न काठमाडौँ जिल्ला अदालतले शुक्रबार (२०८० असार १ गते) आदेश दिएको हो। यसको अर्थ अब उनीहरुले मुद्दा टुङ्गो नलागुन्जेल थुनामै बस्नु पर्नेछ। यद्यपि उनीहरुले अदालतको यो आदेशविरुद्ध उच्च अदालतमा पुनरावेदन गर्न पाउने छन्। रुटिन अफ नेपाल बन्दसँगै थुप्रैले त्यही सूचनालाई फेसबुकमा लेखेको देखिन्छ। हेर्नुस् स्क्रिनरेकर्ड- के हो तथ्य ? यो विषयमा तथ्य जाँचका लागि हामीले प्रतिनिधि सभा नियमावली २०७९ हेर्‍यौँ। नियमावलीको नियम २४८ को उपनियम ३ मा यससम्बन्धी व्यवस्था छ। उक्त नियममा लेखिएको छ- प्रचलित कानुन बमोजिम तीन वर्ष वा सोभन्दा बढी कैदको सजाय हुने वा नैतिक पतन देखिने फौजदारी मुद्दामा अभियोगपत्र दायर भई निज पुर्पक्षका लागि थुनामा रहेकोमा त्यस्तो थुनामा रहेको अव",NepalFactCheck.org,https://nepalfactcheck.org/2023/06/routine-of-nepal-banda-misinformation/,,"मिथ्या सूचना। प्रतिनिधि सभा नियमावली २०७९ को नियम २४८ को उपनियम ३ अनुसार टोपबहादुर रायमाझी निलम्बनमा पर्ने हुन्, सांसद पद खारेज हुने होइन। यदि अदालतले उनलाई सफाई दिएमा वा थुनामुक्त गरेमा उनको निलम्बन फुकुवा हुने व्यवस्था छ।",Nepali,,,,,,,,,REFUTES,,,,politics_elections,,,,
अगस्त 2022 में संपन्न 5G स्पेक्ट्रम नीलामी में रिकॉर्ड ₹1.50 लाख करोड़ की बोलियाँ प्राप्त हुईं।,"दूरसंचार विभाग द्वारा आयोजित 5G स्पेक्ट्रम नीलामी में ₹1,50,173 करोड़ मूल्य के स्पेक्ट्रम बेचे गए।",Department of Telecommunications,,,,Hindi,,,,https://pib.gov.in/PressReleasePage.aspx?PRID=1847185,Supported,दूरसंचार विभाग की आधिकारिक विज्ञप्ति से सत्यापित।,,,,,,,,,,,
ਸੋਨਮ ਬਾਜਵਾ ਦੀ ਆਉਣ ਵਾਲੀ ਫਿਲਮ 'ਤੇ ਸੈਂਸਰ ਬੋਰਡ ਨੇ ਬੈਨ ਲਗਾ ਦਿੱਤਾ ਹੈ।,ਸੈਂਸਰ ਬੋਰਡ ਵੱਲੋਂ ਅਜਿਹਾ ਕੋਈ ਫੈਸਲਾ ਨਹੀਂ ਲਿਆ ਗਿਆ ਅਤੇ ਫਿਲਮ ਨੂੰ 'U/A' ਸਰਟੀਫਿਕੇਟ ਮਿਲ ਚੁੱਕਾ ਹੈ।,Zee News Punjab,https://zeenews.india.com/punjabi?id=10496,,,Punjab,,,,,,,,,,,,,,Not Supported,,,
سکم اسمبلی انتخابات میں بی جے پی کو مشکلات کا سامنا ہے۔,بی جے پی کے رکن اسمبلی وائی ٹی لیپچا نے دعویٰ کیا ہے کہ اگر پارٹی سکم اسمبلی کا انتخاب تنہا لڑتی ہے تو وہ 500 ووٹ بھی حاصل نہیں کر پائے گی۔ اس سے ظاہر ہوتا ہے کہ پارٹی کی حالت اس وقت اچھی نہیں ہے۔,The Siasat Daily (Urdu) - سیاست ڈیلی، حیدرآباد,https://urdu.siasat.com/news/%d8%b3%da%a9%d9%85-%d9%85%db%8c%da%ba-%d8%a8%db%8c-%d8%ac%db%92-%d9%be%db%8c-%d8%aa%d9%86%db%81%d8%a7-%d9%84%da%91%db%92-%d8%aa%d9%88-500-%d9%88%d9%88%d9%b9-%d8%a8%da%be%db%8c-%d9%86%db%81-%d9%85-1488115/,,یہ ثبوت دعوے کی تصدیق کرتا ہے کیونکہ لیپچا نے بی جے پی کی کمزور حیثیت کا اشارہ دیا ہے، خاص طور پر اگر وہ اکیلے انتخابات میں حصہ لیں گے۔,Urdu,,,,,,,,,Supported,,,,,,,,
"₹2,000 से अधिक के UPI ट्रांजैक्शन पर सरकार GST लगाने जा रही है।","वित्त मंत्रालय ने स्पष्ट किया कि ₹2,000 से अधिक के UPI ट्रांजैक्शन पर GST लगाने का कोई प्रस्ताव नहीं है। UPI ट्रांजैक्शन पर वर्तमान में MDR लागू नहीं है, इसलिए उस पर GST लगाने का प्रश्न नहीं उठता।",PIB Hindi,https://www.pib.gov.in/PressReleasePage.aspx?PRID=2122747&lang=2,,सोशल मीडिया पर वायरल दावा भ्रामक है।,Hindi,,,,,,,,,,Not Supported,,,,,,,
2021-ൽ ലോകമെമ്പാടും ആയുധ സംഘട്ടനങ്ങളിലും ഭീകരവാദത്തിലും മരിച്ചവരെക്കാൾ കൂടുതൽ ആളുകൾ കൊലപാതകത്തിൽ മരിച്ചു.,ഓരോ മണിക്കൂറിലും ശരാശരി 52 പേർ ലോകത്ത് കൊലപാതകത്തിന് ഇരയായെന്ന് UNODC-യുടെ റിപ്പോർട്ട് വ്യക്തമാക്കുന്നു.,UNODC (via UN Information Service),https://unis.unvienna.org/unis/pressrels/2023/uniscp1165.html,,,Malayalam,,,,,,,Supported,,,,"UNODC ഡേറ്റ സ്ഥിരീകരിക്കുന്നു: ആയുധ സംഘട്ടനങ്ങളിലും ഭീകരവാദത്തിലും മരിച്ചവരെക്കാൾ കൂടുതൽ ആളുകൾ കൊലപാതകത്തിൽ മരിക്കുന്നു, ഓരോ മണിക്കൂറിലും ശരാശരി 52 പേർ — ക്ലെയിം കൃത്യമാണ്.",,,,,,
ബ്രിട്ടീഷ് രാജകുമാരൻ ഹാരി ഉൾപ്പെടെയുള്ളവർ ഡെയ്‌ലി മെയിൽ പ്രസാധകർക്കെതിരെ നൽകിയ വിവരശേഖരണ കേസിൽ 2026 ജൂലൈ 7-ന് കോടതി വിധി പ്രതികൂലമായി.,"എൽട്ടൻ ജോൺ, എലിസബത്ത് ഹർലി എന്നിവരും ഉൾപ്പെട്ട സംയുക്ത കേസിലാണ് ബ്രിട്ടീഷ് ജഡ്ജി വിധി പുറപ്പെടുവിച്ചത്.",E! Online,,,"പ്രിൻസ് ഹാരി, എൽട്ടൻ ജോൺ, എലിസബത്ത് ഹർലി തുടങ്ങിയവർ ഡെയ്‌ലി മെയിൽ പ്രസാധകർക്കെതിരെ നൽകിയ വിവരശേഖരണ കേസിൽ 2026 ജൂലൈ 7-ന് ജഡ്ജി മാത്യു നിക്ലിൻ പ്രതികൂലമായി വിധിച്ചെന്ന് Reuters, CBC, Deadline സ്ഥിരീകരിക്കുന്നു.",Malayalam,,,,,,,,,Supported,,,https://www.eonline.com/news/lawsuit,,,,,
تلنگانہ اسمبلی کے اجلاس کی کارروائی کی مدت میں کسی بھی قسم کی توسیع نہیں کی گئی۔,حیدرآباد میں ہونے والے اجلاس میں حکومت نے تین دن کی توسیع دی تھی، جس کی وجہ گزشتہ ماہ کی شدید بارش تھی۔ اجلاس کی کارروائی 24 ستمبر سے شروع ہوئی تھی اور 7 دن جاری رہی۔,The Siasat Daily (Urdu) - سیاست ڈیلی، حیدرآباد,https://urdu.siasat.com/news/%d8%a7%d8%b3%d9%85%d8%a8%d9%84%db%8c-%d8%a7%d8%ac%d9%84%d8%a7%d8%b3-%d8%ba%db%8c%d8%b1-%d9%85%d8%b9%db%8c%d9%86%db%81-%d9%85%d8%af%d8%aa-%da%a9%db%8c%d9%84%d8%a6%db%92-%d9%85%d9%84%d8%aa%d9%88%db%8c-2-1332066/,,مضمون میں واضح طور پر بتایا گیا ہے کہ اسمبلی کے اجلاس کی مدت میں توسیع کی گئی تھی، جو دعوے کی تردید کرتا ہے۔,Urdu,,,,,,,,,Not Supported,,,,,,,,
उडिरहेको प्लेनमा चार घण्टा योग गराएर गिनिज बुक अफ वर्ल्ड रेकर्डमा कीर्तिमान कायम गरेको।,"उडिरहेको प्लेनमा योग शिविर गरेर 'गिनिज वर्ल्ड रेकर्ड' कायम गरेको दावी मिथ्या - Nepal Factcheck ☰ होम हाम्रो बारे मिथ्या सूचना के हो? हाम्रो वर्गीकरणको अर्थ मिथ्या सूचना: के गर्ने? FAQs तथ्यजाँच अनुरोध × होम हाम्रो बारे मिथ्या सूचना के हो? हाम्रो वर्गीकरणको अर्थ मिथ्या सूचना: के गर्ने? FAQs तथ्यजाँच अनुरोध तथ्यजाँच मिथ्या सूचना वागमती सम्बन्धित प्रदेश उडिरहेको प्लेनमा योग शिविर गरेर ‘गिनिज वर्ल्ड रेकर्ड’ कायम गरेको दावी मिथ्या Home तथ्यजाँच मिथ्या सूचना सागर बुढाथोकी मंसिर ५, २०८१ उडिरहेको प्लेनमा योग शिविर गरेर ‘गिनिज वर्ल्ड रेकर्ड’ कायम गरेको दावी मिथ्या अमेरिकाको आकाशमा उडिरहेको प्लेनमा चार घण्टा योग शिविर राखेर ‘गिनिज बुक अफ वर्ल्ड रेकर्ड’मा उल्लेख विश्व कीर्तिमान कायम गरेको दावी सामाजिक सञ्जालमा भाइरल भएको छ। तर हाम्रो तथ्यजाँचले यो दावी मिथ्या रहेको ठहर गरेको छ। गिनिज बुक अफ वर्ल्ड रेकर्डमा हालसम्म त्यस्तो कीर्तिमान दर्ता भएको छैन। के छ दावी? पत्रकार बिनु पोखरेलको २२ हजार फलोअर्स रहेको फेसबुक पेजमा एउटा रिल अपलोड गरिएको छ। आचार्य राजन शर्मासँग गरेको कुराकानीको क्लिप काटेर नोभेम्बर १७ मा अपलोड गरिएको उक्त रिलमा आचार्य राजनले ‘उडिरहेको प्लेनमा योगा सिकाएर गिनिज बुक अफ वर्ल्ड रेकर्डमा रेकर्ड कायम गरेको’ दावी गरेका छन्। उनले भनेका छन्, “अमेरिकामा उडिरहेको प्लेनमा क्याप्टेनलाई ध्यानको लागि भनेँ… योगको लागि भनेँ… स्वीकार गरे,… पछि ओर्लिँदा र दुई दिनपछि थाहा भयो, त्यो त वर्ल्ड रेकर्ड कायम भएछ गिनिज बुकमा..।” हेर्नुस्, स्क्रिन रेकर्ड https://nepalfactcheck.org/wp-content/uploads/2024/11/Facebook-2.mp4 आचार्यले थप भनेका छन्, “पहिलो योग शिविर थियो २०१७ को सेप्टेम्बरमा…मैले न्यूयोर्कबाट लस एञ्जलस जाँदाखेरि करिब पाँच घण्टा चानचुनको उडानमा चार घण्टाको शिविर थियो त्यहाँभित्र…. अहिले म गएँ भने एटलान्टा एयरलाइन्सले फ्रि टिकट दिन्छ।” हामीले तथ्यजाँच गर्दासम्म यो भिडियोमा १,६०० रियाक्शन छ भने ६१ कमेण्ट र १४४ पटक सेयर गरिएको छ। पत्रकार पाेखरेलले नै सामाजिक सञ्जाल एक्समा सेयर गरेको सोही भिडियो हामीले तथ्यजाँच गर्दासम्म ९२ हजार जनाले हेरेका छन् भने १२२ वटा रियाक्सन, ५० वटा कमेण्ट र ६२ वटा रिपोस्ट छ। हेर्नुस् स्क्रिनसट पाेखरेल*को व्यक्तिगत युट्युब च्यानलमा पुरा भिडियो अपलोड गरिएको छ",NepalFactCheck.org,https://nepalfactcheck.org/2024/11/claim-of-world-record-for-yoga-in-a-flying-plane-is-false/,,मिथ्या सूचना। हालसम्म उडिरहेको प्लेनमा चार घण्टा योग गराएको रेकर्ड गिनिज बुक अफ वर्ल्ड रेकर्डमा दर्ता भएको छैन्। त्यसैले राजन शर्माले पत्रकार बिनु पोखरेलसँगको कुराकानीका क्रममा गरेको दावी मिथ्या छ। * असावधानीवश अर्कै नाम पर्न गएकोले सच्याइएको ।,Nepali,,,,,,,,,REFUTES,,,,finance_investment,,,,
स्थानीय तह निर्वाचनका क्रममा विभिन्न स्थानीय तहमा विभिन्न उम्मेदवार निर्वाचित भइसकेका छन्।,"के विभिन्न स्थानीय तहमा निर्विरोध निर्वाचित भएको घोषणा भइसकेको हो? - Nepal Factcheck ☰ होम हाम्रो बारे मिथ्या सूचना के हो? हाम्रो वर्गीकरणको अर्थ मिथ्या सूचना: के गर्ने? FAQs तथ्यजाँच अनुरोध × होम हाम्रो बारे मिथ्या सूचना के हो? हाम्रो वर्गीकरणको अर्थ मिथ्या सूचना: के गर्ने? FAQs तथ्यजाँच अनुरोध तथ्यजाँच भ्रामक सूचना के विभिन्न स्थानीय तहमा निर्विरोध निर्वाचित भएको घोषणा भइसकेको हो? Home तथ्यजाँच भ्रामक सूचना उमेश श्रेष्ठ बैशाख १५, २०७९ के विभिन्न स्थानीय तहमा निर्विरोध निर्वाचित भएको घोषणा भइसकेको हो? वैशाख ३० गते हुन लागेको स्थानीय तहको निर्वाचनका क्रममा वैशाख ११ र १२ गते उम्मेदवारको मनोनयन दर्ता सकिए लगत्तै केही मिडिया र सामाजिक सञ्जालमा पनि विभिन्न ठाउँमा निर्विरोध निर्वाचित भएको खबर आएका छन्। तर हाम्रो तथ्य जाँचमा ती खबर भ्रामक रहेको देखिएको छ। कहाँ कस्तो खबर ? विभिन्न मिडियामा निर्विरोध निर्वाचित भएको सम्बन्धी आएका समाचार यस्ता छन्- पर्वतमा एमालेका दुई महिला उम्मेदवार निर्विरोध निर्वाचित (रेडियो नेपाल) पाल्पामा दुई महिला वडा सदस्य निर्विरोध निर्वाचित (देशसञ्चार) स्थानीय तह निर्वाचन: तीन गाउँपालिकाको नेतृत्व निर्विरोध (नागरिक) स्थानीय निर्वाचन : इन्द्रसरोवरमा एमालेबाट दुई वडा सदस्य निर्विरोध (फरकधार) रसुवामा दुई महिला वडा सदस्य निर्विरोध (सेतोपाटी) पाल्पामा एमालेका दुई उम्मेदवार सदस्यमा निर्विरोध (अन्नपूर्ण पोस्ट) त्यसैगरी फेसबुकमा २ लाख ३६ हजारभन्दा बढी फलोअर भएका पूर्व सचिव भीम उपाध्यायले बिहीबार यस्तो लेखेका छन्- बिहीबार रातिसम्म उनको यो पोस्टमा १४ सय रियाक्सन, १८५ कमेन्ट र ९५ सेयर भएको देखिन्छ। के हो तथ्य? निर्वाचन आयोगले जारी गरेको स्थानीय तह निर्वाचन निर्देशिका २०७८ को दफा ५५ मा निर्विरोध निर्वाचित भएको घोषणा कसरी गर्ने बारे विवरण छ- निर्देशिका अनुसार उम्मेदवारको अन्तिम नामावली प्रकाशन भइसकेपछि मात्र जति जना निर्वाचित हुनुपर्ने हो, त्यति मात्र संख्यामा वा कम उम्मेदवार कायम भएमा निर्विरोध निर्वाचित भएको घोषणा गर्नुपर्ने उल्लेख छ। तर यो तथ्य जाँच तयार पार्दा (वैशाख १५ गते बिहीबार)सम्म अन्तिम नामावली नै प्रकाशन भइसकेको छैन। निर्वाचन आयोगको इबुलेटिनमा भएको सूचना अनुसार वैशाख १६ गते बल्ल उम्मेदवारको अन्तिम नामावली प्रकाशन हुन्छ। बिहीबार निर्वाचन आयोगले गरेको प",NepalFactCheck.org,https://nepalfactcheck.org/2022/04/local-election/,,भ्रामक सूचना। निर्वाचन आयोगले निर्विरोध निर्वाचित भएको घोषणा गरिसकेको छैन। निर्देशिका र तालिका अनुसार निर्वाचन आयोगले वैशाख १६ गते उम्मेदवारको अन्तिम नामावली प्रकाशन गरिसकेपछि मात्र निर्विरोध निर्वाचित भएको घोषणा गर्नेछ।,Nepali,,,,,,,,,REFUTES,,,,politics_elections,,,,
"కేంద్ర ప్రభుత్వం పాలు, పెరుగు మరియు నిత్యావసరాలపై జీఎస్‌టీ ని 50% కి పెంచింది.",నిత్యావసరాలపై 50% జీఎస్‌టీ విధించబడలేదు; సాధారణ ప్రామాణిక రేట్లు మాత్రమే అమల్లో ఉన్నాయి.,GST Council / PIB Fact Check,https://factcheck.pib.gov.in,,,Telugu,,,,,,,Not Supported,,,,,,,,,,
تلینگانہ کے پہلے حاجیوں کا قافلہ اپنے مقدس سفر کے بعد حیدرآباد واپس پہنچ گیا ہے۔,تلینگانہ کے پہلے حاجیوں کا قافلہ 13 جون کو صبح 4 بجے حیدرآباد پہنچا، جس میں 262 حاجی شامل تھے۔ انہوں نے 46 روحانی دن مقدس شہروں میں گزارے اور اپنی واپسی پر تلینگانہ ریاستی حجہ کمیٹی کی انتظامات پر شکریہ ادا کیا۔,Munsif Daily (Urdu) - منصف ڈیلی، حیدرآباد,https://munsifdaily.com/first-batch-of-telangana-hajj-pilgrims-returns/,,یہ ثبوت دعویٰ کی تصدیق کرتا ہے کیونکہ مضمون میں حاجیوں کے حیدرآباد واپسی کی تفصیلات اور ان کے سفر کی مدت کے بارے میں بتایا گیا ہے۔,Urdu,,,,,,,,,Supported,,,,,,,,
रवि लामिछाने नागरिकताको प्रमाणपत्र लिन जिल्ला प्रशासन कार्यालय काठमाडौँमा लाइन लागेको फोटो।,"के हो नागरिकता लिन रवि लामिछाने लाइनमा बसेको भाइरल फोटोको तथ्य? - Nepal Factcheck ☰ होम हाम्रो बारे मिथ्या सूचना के हो? हाम्रो वर्गीकरणको अर्थ मिथ्या सूचना: के गर्ने? FAQs तथ्यजाँच अनुरोध × होम हाम्रो बारे मिथ्या सूचना के हो? हाम्रो वर्गीकरणको अर्थ मिथ्या सूचना: के गर्ने? FAQs तथ्यजाँच अनुरोध तथ्यजाँच भ्रामक सूचना वागमती के हो नागरिकता लिन रवि लामिछाने लाइनमा बसेको भाइरल फोटोको तथ्य? Home तथ्यजाँच भ्रामक सूचना उमेश श्रेष्ठ माघ १६, २०७९ के हो नागरिकता लिन रवि लामिछाने लाइनमा बसेको भाइरल फोटोको तथ्य? अमेरिकी नागरिकता परित्याग पछि नेपाली नागरिकता पुनः कायम गर्ने प्रक्रिया पूरा गरेको नदेखिएको ठहर गर्दै प्रतिनिधि सभा सदस्यको उम्मेदवार हुन नपाउने आदेश सर्वोच्च अदालतले गरेपछि पूर्व उपप्रधान तथा गृहमन्त्री रवि लामिछानेले आइतबार (२०७९ माघ १५ गते) जिल्ला प्रशासन कार्यालय काठमाडौँमा गई नागरिकता लिए। योसँगै सामाजिक सञ्जालमा एउटा फोटो भाइरल भयो जसमा रवि अरु थुप्रै मानिसको बीचमा लाइन लागेको देख्न सकिन्छ। फोटोसँगै नागरिकता लिन सर्वसाधारण सँग लाइनमा बसेको दावी पनि गरिएको छ। तर हाम्रो तथ्य जाँचमा यो फोटो पुरानो भएको र गलत व्याख्याका साथ भ्रामक रुपमा फैलिएको देखिएको छ। यसरी भयो भाइरल ११ लाख फलोअर्स भएको जोक्स नेपाल नामको फेसबुक पेजमा आइतबार बिहान १० बजेर ५६ मिनेटमा ‘रबि लामिछाने नागरिकताको प्रमाणपत्रका लागि जिल्ला प्रशासन कार्यालयमा..’ लेख्दै फोटो राखिएको थियो। २४ घण्टामा यो पोस्टमा १५ हजार रियाक्सन, ४५२ कमेन्ट र ९५ सेयर देख्न सकिन्छ। अर्काइभ त्यसैगरी ७ लाख ७६ हजार फलोअर्स भएको पाथीभरा न्युज नामको फेसबुक पेजले आइतबार ११ बजेर ११ मिनेटमा ‘निवर्तमान गृहमन्त्री रवि लामिछाने नागरिकताको प्रमाणपत्र लिनको लागि लाइनमा जिल्ला प्रशासन कार्यालय’ लेख्दै सोही फोटोसहितको पोस्ट गरेको छ। सोमबार मध्याह्नसम्ममा यो पोस्टमा ३२ सय रियाक्सन, ३४४ कमेन्ट र १०१ सेयर देख्न सकिन्छ। अर्काइभ सामाजिक सञ्जालमा भाइरल भएको यो फोटोलाई केही अनलाइन मिडियाले पनि राखेका छन्। नेपालन्युजले Former HM Lamichhane to take citizenship today शीर्षकमा राखेको समाचारमा राखेका तीन फोटोहरुमध्ये अन्तिमको फोटो यही छ। हेर्नुस् अर्काइभ। के हो तथ्य ? यो फोटोलाई हामीले इनभिड वी भेरिफाइमा रहेका सबै रिभर्स इमेज सर्च इन्जिनहरुमा खोज्ने प्रयास ",NepalFactCheck.org,https://nepalfactcheck.org/2023/01/rabi-lamichhane-viral-photo/,,भ्रामक सूचना। रवि लामिछाने कार्यालयमा पुग्नुअघि नै सामाजिक सञ्जालमा लाइन लागिरहेको फोटो राखेको देखिन्छ। उनले त्यो दिन लगाएको पोशाक र भाइरल भएको फोटोमा रहेको पोशाक फरक देखिन्छ। भाइरल भएको फोटोमा देखिएका कम्तिमा दुई व्यक्तिलाई हामीले राष्ट्रिय स्वतन्त्र पार्टीको गत भदौमा काठमाडौँको स्वयम्भू स्टार ब्याङ्क्वेटमा भएको केन्द्रीय प्रशिक्षण भेलाको फोटोमा भेटेका छौँ। उक्त भेलाको फोटो र भाइरल भएको फोटोमा धेरै समानता देखिन्छ। तसर्थ नागरिकताको प्रमाणपत्र लिन लाइन लागेको दावी गरिएको फोटोको व्याख्या भ्रामक रुपमा गरेको हामीले पायौँ।,Nepali,,,,,,,,,REFUTES,,,,politics_elections,,,,
2018 മേയ് 3-ന് ബാസ്‌ക് വേർപിരിയൽ ഗ്രൂപ്പ് ETA (Euskadi Ta Askatasuna) ഔദ്യോഗികമായി പിരിച്ചുവിടൽ പ്രഖ്യാപിച്ചു.,1959 ൽ സ്ഥാപിതമായ ETA 853 കൊലപ്പെടുത്തൽ ഉൾക്കൊള്ളുന്ന 50 വർഷത്തെ ഭീകരവാദ ചരിത്രം ഔദ്യോഗികമായി അവസാനിപ്പിച്ചതായി ഒരു പ്രഖ്യാപന കത്ത് വഴി അറിയിച്ചു.,BBC,https://www.bbc.com/news/world-europe-44009378,,,Malayalam,,,,,,,Supported,,,,"BBC, NPR, Global Security തുടങ്ങിയ ഒന്നിലധികം അന്താരാഷ്ട്ര സ്രോതസ്സുകൾ 2018 മേയ് 3-ന് (ചില റിപ്പോർട്ടുകളിൽ മേയ് 2/3) ETA ഔദ്യോഗികമായി പിരിച്ചുവിടൽ പ്രഖ്യാപിച്ചതും, 1959-ൽ സ്ഥാപിതമായി 50-60 വർഷത്തെ ഭീകരവാദ ചരിത്രത്തിൽ ഏകദേശം 850-854 പേരെ കൊലപ്പെടുത്തിയതും സ്ഥിരീകരിക്കുന്നു. കണക്കുകൾ ഏകദേശം പൊരുത്തപ്പെടുന്നു (853 vs റിപ്പോർട്ട് ചെയ്യപ്പെട്ട 850-854 എന്ന റേഞ്ച്).",,,,,,
کانگریس پارٹی میں اصلاحات کی ضرورت محسوس کی جا رہی ہے۔,G-23 کے نام سے ایک گروپ قیادت کے فیصلوں پر اعتراضات کر رہا ہے، جس سے ظاہر ہوتا ہے کہ پارٹی کے اندر اصلاحات کی ضرورت کا احساس ہو رہا ہے۔ یہ گروپ قیادت کی طاقت کو چیلنج کر رہا ہے بلکہ پارٹی کے استحکام کے لیے سنجیدگی کا مظاہرہ بھی کر رہا ہے۔,The Siasat Daily (Urdu) - سیاست ڈیلی، حیدرآباد,https://urdu.siasat.com/news/%db%81%d9%85-%d8%b3%d8%a7%db%8c%db%81-%d8%af%d8%a7%d8%b1-%d9%be%db%8c%da%91-%d8%b2%d9%85%d8%a7%d9%86%db%92-%da%a9%db%92-%da%a9%d8%a7%d9%85-%d8%a2%d8%a6%db%92-1330773/,,یہ دعویٰ اس بات کی تصدیق کرتا ہے کہ کانگریس پارٹی میں اصلاحات کی ضرورت محسوس کی جا رہی ہے، کیونکہ G-23 گروپ قیادت کے فیصلوں پر سوال اٹھا رہا ہے۔,Urdu,,,,,,,,,Supported,,,,,,,,
"मार्च 2024 में एआई (AI) का इस्तेमाल करके पीएम नरेंद्र मोदी और विदेश मंत्री एस जयशंकर का फर्जी डीपफेक वीडियो बनाया गया है, जो एक निवेश योजना (Investment Scam) का झूठा प्रचार कर रहा है।",PIB ने सोशल मीडिया पर वायरल निवेश वीडियो को एआई से बना फर्जी डीपफेक बताया है। वीडियो में पीएम नरेंद्र मोदी और एस जयशंकर के नाम का गलत इस्तेमाल किया गया है। लोगों से बिना जांच किसी निवेश योजना पर भरोसा नहीं करने की अपील की गई है।,Navbharat Times,https://navbharattimes.indiatimes.com/india/pib-warns-fake-ai-video-uses-narendra-modi-and-s-jaishankar-to-promote-false-investment-scam-on-social-media/articleshow/132527250.cms,,यह दावा पूरी तरह समर्थित है। सबूत से प्रमाणित होता है कि एआई का उपयोग करके शीर्ष राजनेताओं के डीपफेक बनाए गए हैं ताकि लोगों को निवेश धोखाधड़ी का शिकार बनाया जा सके।,Hindi,,,,,,,,,Supported,,,,,,,,
కంటి చూపు తగ్గితే క్యారెట్ మాత్రమే తింటే సరిపోతుంది.,చూపు తగ్గడానికి అనేక కారణాలు ఉంటాయి.,American Academy of Ophthalmology,https://www.aao.org,,,Telugu,,,,,,,,,,,,,,,,Not Supported,Not Supported
RBI ग्राहकों को बैंकिंग जानकारी मांगने वाले संदिग्ध ईमेल और वेबसाइटों से सावधान रहने की सलाह देता है।,RBI की उपभोक्ता जागरूकता सामग्री फिशिंग और फर्जी वेबसाइटों से बचने की सलाह देती है।,instagram.com,https://www.instagram.com/reel/DV8LKRhDM0n/,,आधिकारिक साइबर सुरक्षा सलाह।,Hindi,,,,,,,,,,Supported,,,,,,,
साउदी अरबका मरुभूमिमा इतिहासमा पहिलो पटक हिउँ देखिएको।,"साउदी अरबमा इतिहासमै पहिलो पटक हिउँ परेको होइन, भाइरल फोटो दुई वर्ष पुरानो - Nepal Factcheck ☰ होम हाम्रो बारे मिथ्या सूचना के हो? हाम्रो वर्गीकरणको अर्थ मिथ्या सूचना: के गर्ने? FAQs तथ्यजाँच अनुरोध × होम हाम्रो बारे मिथ्या सूचना के हो? हाम्रो वर्गीकरणको अर्थ मिथ्या सूचना: के गर्ने? FAQs तथ्यजाँच अनुरोध तथ्यजाँच भ्रामक सूचना वागमती सम्बन्धित प्रदेश साउदी अरबमा इतिहासमै पहिलो पटक हिउँ परेको होइन, भाइरल फोटो दुई वर्ष पुरानो Home तथ्यजाँच भ्रामक सूचना सागर बुढाथोकी कार्तिक २२, २०८१ साउदी अरबमा इतिहासमै पहिलो पटक हिउँ परेको होइन, भाइरल फोटो दुई वर्ष पुरानो साउदी अरबको मरुभूमिमा इतिहासमै पहिलो पटक हिउँ परेको दावी गर्दै फोटोसहितका फेसबुक पोस्टहरु सामाजिक सञ्जालमा भाइरल भएको छ। तर, हाम्रो तथ्यजाँचमा फोटो र पोस्ट दुवै भ्रामक रहेको देखियो। भाइरल फोटो दुई वर्ष पुरानो (सन् २०२२ को) हो भने साउदी अरबका विभिन्न क्षेत्रमा यसअघि पनि हिउँ परेको थियो। के छ दावी ? ६ लाख ५६ हजार फलोअर्स रहेको शिक्षा नामको फेसबुक पेजमा मंगलबार (नोभेम्बर ५) मा ‘इतिहासमै पहिलोपटक साउदी अरबका मरुभूमिहरूमा हिउँ परेको छ’ क्याप्सन राख्दै एउटा फोटो पोस्ट गरिएको छ। उक्त फोटोमा केही सवारी साधन देखिन्छन् भने जमिनमा हिउँ परेको जस्तो सेतो देख्न सकिन्छ। अर्काइभ लिंक । यो तथ्य जाँच गर्दासम्म यो पोस्टमा २ हजार २ सय रिक्याक्सन, १ सय ११ कमेन्ट गरिएको छ भने ४५ पटक सेयर गरिएको छ। सोही दिन सोही पोस्ट र फोटो ‘एनइबी रिजल्ट एण्ड न्यूज’ नामक फेसबुक पोस्टमा समेत पोस्ट गरिएको छ। अर्काइभ लिंक यो तथ्यजाँच तयार पार्दासम्म उक्त पोस्टमा २३ सय रिक्याक्सन, ११३ कमेन्ट गरिएको छ भने १५ पटक सेयर गरिएको छ। तथ्य के हो ? साउदी अरबका मरुभूमिहरुमा इतिहासमै पहिलोपटक हिउँ परेको हो त ? सबैभन्दा पहिले हामीले नेपालमा भाइरल भएको फोटोलाई गुगलमा रिभर्स इमेज सर्च गर्‍यौँ। यस क्रममा २०२२ जनवरी २० मा सीएनएनमा प्रकाशित ‘रेयर स्नो एण्ड हिलस्टोर्म कभर साउदी डिजर्ट’ शीर्षकको समाचार फेला पार्‍यौँ। सीएनएनमा प्रकाशित समाचार अनुसार, शिक्षा र एनइबी रिजल्ट एण्ड न्यूजले राखेको भाइरल फोटो भर्खरैको नभएर दुई वर्ष अघि साउदी फोटोग्राफर ‌ओसामा अल हर्बीले खिचेका हुन्। त्यतिबेला साउदी अरेबको बादर (badr) मरुभूमि क्षेत्रमा हिउँ देखिएको थियो। हामीले ‘स्नोफल इन साउदी अरब, स्नोफ",NepalFactCheck.org,https://nepalfactcheck.org/2024/11/saudi-arabia-first-snowfall-al-jawf-desert-weather-fact-check/,,"भ्रामक सूचना। साउदी अरबमा इतिहासमै पहिलो पटक हिउँ परेको होइन। यसअघि पनि साउदी अरबका विभिन्न क्षेत्रमा हिउँ परिसकेको छ। अहिले साउदी अरबको अल जौफ क्षेत्रमा इतिहासमा पहिलो पटक हिउँ परेको हो। त्यस्तै, शिक्षा र एनइबी रिजल्ट एण्ड न्यूज फेसबुक पेजले पोस्ट गरेको फोटो पनि अल जौफ क्षेत्रको नभएर बादर क्षेत्रको दुई वर्षअघिको हो। त्यसैले, साउदी अरबका मरुभूमिमा इतिहासमा पहिलो पटक हिउँ परेको दावी भ्रामक हो।",Nepali,,,,,,,,,REFUTES,,,,finance_investment,,,,
ਬੱਬੂ ਮਾਨ ਦੀ ਨਵੀਂ ਫਿਲਮ ਨੇ ਪਹਿਲੇ ਦਿਨ 15 ਕਰੋੜ ਦੀ ਕਮਾਈ ਕੀਤੀ।,ਬਾਕਸ ਆਫਿਸ ਰਿਪੋਰਟਾਂ ਅਨੁਸਾਰ ਬੱਬੂ ਮਾਨ ਦੀ ਫਿਲਮ ਨੇ ਓਪਨਿੰਗ ਡੇਅ 'ਤੇ ਵਾਕਈ 15 ਕਰੋੜ ਕਮਾਏ ਹਨ।,Punjabi Tribune,https://www.punjabitribuneonline.com/?id=10022,,,Punjab,,,,,,,,,,,,,,Supported,,,
کانگریس نے 2024 کے لوک سبھا انتخابات میں بی جے پی کے خلاف کوئی ٹھوس اقدام نہیں اٹھایا ہے۔,ٹیجاشوی یادو نے کہا کہ اپوزیشن جماعتیں بی جے پی کو مرکز سے ہٹانے کے لیے پرعزم ہیں، لیکن کانگریس اس سلسلے میں کوئی سرگرمی نہیں دکھا رہی ہے۔ انہوں نے کانگریس سے اپوزیشن اتحاد کی قیادت کرنے کی اپیل کی۔,Munsif Daily (Urdu) - منصف ڈیلی، حیدرآباد,https://munsifdaily.com/all-oppn-parties-except-congress-uniting-against-bjp-tejashwi/,,ایویڈنس میں یہ بتایا گیا ہے کہ اپوزیشن جماعتیں بی جے پی کے خلاف متحد ہو رہی ہیں، لیکن کانگریس کے اقدام کی کمی کے بارے میں کوئی تفصیلات نہیں ہیں، جو دعویٰ کی تردید کرتا ہے۔,Urdu,,,,,,,,,Not Supported,,,,,,,,
बाघले घटघटी रगत पिउँछ।,"बाघले रगत पिउँदैन, भ्रममा नपर्नुस् ! - Nepal Factcheck ☰ होम हाम्रो बारे मिथ्या सूचना के हो? हाम्रो वर्गीकरणको अर्थ मिथ्या सूचना: के गर्ने? FAQs तथ्यजाँच अनुरोध × होम हाम्रो बारे मिथ्या सूचना के हो? हाम्रो वर्गीकरणको अर्थ मिथ्या सूचना: के गर्ने? FAQs तथ्यजाँच अनुरोध तथ्यजाँच भ्रामक सूचना वागमती सम्बन्धित प्रदेश बाघले रगत पिउँदैन, भ्रममा नपर्नुस् ! Home तथ्यजाँच भ्रामक सूचना सागर बुढाथोकी पुस २५, २०८१ बाघले रगत पिउँदैन, भ्रममा नपर्नुस् ! सेतोपाटी अनलाइनको युट्युबमा बाघले ‘घटघट रगत पिएको’ दावी गरिएको एउटा अडियो फिचर प्रकाशन भएको छ। बाघले रगत पिएको दावी अरु बेला पनि हाम्रो समाजमा सुनिन्छ। के साँच्चै बाघले रगत पिउँछ त ? हामीले यो विषयमा तथ्य जाँच गरेका छौँ। हाम्रो तथ्य जाँचले बाघले रगत नपिउने देखायो। के छ दावी ? तीन लाख ७० हजार सस्क्राइबर भएको सेतोपाटी अनलाइनको युट्युब च्यानलमा डिसेम्बर २६ मा ‘ मान्छे खाएको बाघको कथा ’ शीर्षकमा एउटा अडियो फिचर प्रकाशन भएको छ। उक्त फिचरमा चितवन राष्ट्रिय निकुञ्जको मध्यवर्ती क्षेत्रमा पर्ने गणेशकुञ्ज गाउँ नजिकै जोडिएको जंगलमा भएको घटना प्रस्तुत छ। यही फिचर सेतोपाटीको शुल्क लाग्ने ‘प्रिमियम’ सेक्सनमा पनि प्रकाशित छ। फिचरमा बाघले मान्छे खाएको घटना वर्णन गरिएको छ। त्यही क्रममा न्यारेटरले .. ‘बाघले आफ्नो धारिलो दारा गाडेर माधवलाई करप्पै पारेको छ,उ आफ्ना हातका पञ्जाले माधवको छाती र पेट चिथोर्दै छ…’ भन्छन्। फिचर अगाडि बढाउने क्रममा न्यारेटर भन्छन्, ‘ … हेर्दाहेर्दै माधवको पेट,छाती र घाँटीबाट रगतको धारा बग्न थाल्यो, बाघ घटघट रगत पिउँदै थियो, बेला-बेला टाउको उठाएर रगतले लुछुप्पै भिजको जिब्रो चलाउँथ्यो र मुख मिठ्याउँथ्यो… ।’ सुन्नुस्, अडियोको स्क्रिन रेकर्ड https://nepalfactcheck.org/wp-content/uploads/2025/01/11-मान्छे-खाएको-बाघको-कथा-__-Setopati-Audio-Story-__-Rajesh-Ghimire-__-Sudeep-Shrestha-__-YouTube.mp4 त्यसपछि न्यारेटरले, ‘टन्न रगत पिएर डम्म अगाएपछि बाघ जोडसँग गर्जियो’ भनेका छन्। यो तथ्यजाँच तयार पार्दासम्म उक्त स्टोरी ३५ सय जनाले सुनेका छन् भने चार जनाले कमेण्ट गरेका छन्। तथ्य के हो ? के फिचर स्टोरीमा न्यारेटरले दावी गरेजस्तै बाघले घटघट रगत पिउँछ त ? हामीले यो विषयमा तथ्यजाँच गर्नका लागि बाघविज्ञ बाबुराम लामिछानेलाई सम्पर्क गर्‍यौँ। बाघ व",NepalFactCheck.org,https://nepalfactcheck.org/2025/01/nepali-tigers-do-not-drink-blood-fact-check/,,"भ्रामक सूचना। बाघले सिकारको आक्रमणपछि रगत पिउँदैन। बाघले सिकार मार्नको लागि सिकारको श्वासनली मुखले थिच्ने गर्छ, त्यही प्रक्रियालाई बाघले रगत पिएको भन्ने भाष्य निर्माण भएको हुनसक्छ। विज्ञहरु बाबुराम लामिछाने, प्रा. करण शाह र रजा एच टेहसिनले पनि यसै भनेका छन्।",Nepali,,,,,,,,,REFUTES,,,,finance_investment,,,,
రక్తంలో చక్కెర ఎక్కువగా ఉంటే కిడ్నీలు దెబ్బతినవచ్చు.,నియంత్రణలో లేని డయాబెటిస్ కిడ్నీ వ్యాధికి దారితీస్తుంది.,CDC,https://www.cdc.gov/diabetes,,,Telugu,,,,,,,,,,,,,,,,Supported,Supported
ਜੌਰਡਨ ਸੰਧੂ ਦੀ ਨਵੀਂ ਫਿਲਮ ਨੇ ਪਹਿਲੇ ਦਿਨ 5 ਕਰੋੜ ਦੀ ਕਮਾਈ ਕੀਤੀ।,ਬਾਕਸ ਆਫਿਸ ਰਿਪੋਰਟਾਂ ਅਨੁਸਾਰ ਜੌਰਡਨ ਸੰਧੂ ਦੀ ਫਿਲਮ ਨੇ ਓਪਨਿੰਗ ਡੇਅ 'ਤੇ ਵਾਕਈ 5 ਕਰੋੜ ਕਮਾਏ ਹਨ।,BBC News Punjabi,https://www.bbc.com/punjabi?id=10376,,,Punjab,,,,,,,,,,,,,,Supported,,,
ਗੁਰਨਾਮ ਭੁੱਲਰ ਦੀ ਨਵੀਂ ਫਿਲਮ ਨੇ ਪਹਿਲੇ ਦਿਨ 20 ਕਰੋੜ ਦੀ ਕਮਾਈ ਕੀਤੀ।,ਬਾਕਸ ਆਫਿਸ ਰਿਪੋਰਟਾਂ ਅਨੁਸਾਰ ਗੁਰਨਾਮ ਭੁੱਲਰ ਦੀ ਫਿਲਮ ਨੇ ਓਪਨਿੰਗ ਡੇਅ 'ਤੇ ਵਾਕਈ 20 ਕਰੋੜ ਕਮਾਏ ਹਨ।,Ajit Web TV,https://www.ajitjalandhar.com/?id=10355,,,Punjab,,,,,,,,,,,,,,Supported,,,
అక్బర్ జిజియా మరియు తీర్ధయాత్ర పన్నులు రద్దు చేశాడు.,"1563లో తీర్ధయాత్ర పన్ను, 1564లో జిజియా పన్ను రద్దు చేశాడు.",Eenadu,https://www.eenadu.net/telugu-article/education/general/0310/125184447,,,Telugu,,,,,,,,,Supported,,,,,,,,
ਜੈਜ਼ੀ ਬੀ ਨੇ ਦੁਬਈ ਵਿੱਚ ਆਪਣੇ ਨਵੇਂ ਸੰਗੀਤਕ ਟੂਰ ਦਾ ਐਲਾਨ ਕੀਤਾ ਹੈ।,"ਅਧਿਕਾਰਤ ਸੋਸ਼ਲ ਮੀਡੀਆ ਹੈਂਡਲ ਮੁਤਾਬਕ, ਜੈਜ਼ੀ ਬੀ ਨੇ ਦੁਬਈ ਟੂਰ ਦੀ ਪੁਸ਼ਟੀ ਕੀਤੀ ਹੈ।",ABP Sanjha,https://punjabi.abplive.com/?id=10430,,,Punjab,,,,,,,,,,,,,,Supported,,,
अमिशा पराजुलीले आफू विवाहित भएको बताएको भाइरल क्लिप ।,"अमिशाले आफू विवाहित भएको बताएकी होइनन्, अर्कै सन्दर्भलाई तोडमोड गरिएको हो - Nepal Factcheck ☰ होम हाम्रो बारे मिथ्या सूचना के हो? हाम्रो वर्गीकरणको अर्थ मिथ्या सूचना: के गर्ने? FAQs तथ्यजाँच अनुरोध × होम हाम्रो बारे मिथ्या सूचना के हो? हाम्रो वर्गीकरणको अर्थ मिथ्या सूचना: के गर्ने? FAQs तथ्यजाँच अनुरोध तथ्यजाँच भ्रामक सूचना वागमती सम्बन्धित प्रदेश अमिशाले आफू विवाहित भएको बताएकी होइनन्, अर्कै सन्दर्भलाई तोडमोड गरिएको हो Home तथ्यजाँच भ्रामक सूचना सुरज घिमिरे चैत्र २७, २०८२ अमिशाले आफू विवाहित भएको बताएकी होइनन्, अर्कै सन्दर्भलाई तोडमोड गरिएको हो नेकपा (एमाले)को प्रदर्शनबाट चर्चामा आएकी अमिशा पराजुलीले पत्रकार राजेन्द्र बानियाँसँगको कुराकानीमा आफू विवाहित भएको बताएको एउटा क्लिप अहिले सामाजिक सञ्जालमा भाइरल बनेको छ। तर, नेपालफ्याक्टचेकले गरेको तथ्य जाँचले उक्त भिडियो क्लिपलाई अर्कै सन्दर्भको कुराकानीबाट काँटछाँट गरी भ्रामक बनाइएको पुष्टि गरेको छ। के हो दावी ? राष्ट्रका लागि आवाज (Voice.for.nation4) नामक टिकटक एकाउन्टमा बिहीबार (अप्रिल ९, २०२६) एउटा भिडियो पोस्ट भयो। उक्त भिडियोमा पत्रकार राजेन्द्र बानियाँ र अमिशा पराजुलीबीचको अन्तर्वार्ताको एउटा अंश राखिएको छ, जहाँ उनी भन्छिन्: “मेरो श्रीमान् हुनुहुन्छ, म विवाहित मान्छे हो। यो कुरा मैले चुप लागेको कारण के हो भन्दाखेरि मेरो घरको मान्छेले, सासू ससुराले के भन्नुहुन्छ…” भिडियोमा प्रस्तोता बानियाँले थप्छन्— “मेरो घरबार बिग्रिन्छ।” र, अमिषाले त्यसलाई स्वीकार गर्दै “हो, मेरो घरबार बिग्रिन्छ। सामाजिक रूपमा म विचलित हुन्छु कि भनेर…” भनेको सुनिन्छ। दावीको प्रभाव शुक्रबार दिउँसो यो तथ्य जाँच तयार पार्दासम्म १४ सेकेन्डको उक्त टिकटक क्लिपमा निम्न अनुसारको रियाक्सन देखिएको छ: भ्युज: ६ लाख ९४ हजारभन्दा बढी रियाक्सन: २० हजारभन्दा बढी सेयर: ६ हजार ४ सय २६ पटक कमेन्ट: ३ सय २० वटा हेर्नुहोस्, उक्त भिडियो क्लिपको स्क्रिन रेकर्ड : https://nepalfactcheck.org/wp-content/uploads/2026/04/Amisha-Fake-Clip.mp4 उक्त भिडियोको लिङ्क , अर्काइभ लिङ्क र अर्काइभ लिङ्क के हो तथ्य ? तथ्य जाँच गर्ने क्रममा हामीले पत्रकार राजेन्द्र बानियाँ र अमिशा पराजुलीबीचको अन्तर्वार्ता खोज्यौँ। हामीले ‘ नेपाल लिड’ नामक युट्युब च्यान ल मा अप्रिल ७, २०२६ मा प्रिमियर गरि",NepalFactCheck.org,https://nepalfactcheck.org/2026/04/amisha-parajuli-married-claim-misleading-edited-video/,,"भारत-पाकिस्तान युद्ध बारे प्रधानमन्त्री ओलीले के भनेका हुन् ? बैशाख ३०, २०८२ यसमा प्रकाशित सबै सामग्री CC BY 4.0 अन्तर्गत छन्। यसलाई NepalFactCheck.org भनेर स्रोत खोलेर पूर्ण वा आशय फरक नपर्ने गरी सम्पादन गरी पुन: प्रकाशन गर्न पाइन्छ। ×",Nepali,,,,,,,,,REFUTES,,,,finance_investment,,,,
नई कर व्यवस्था में बजट 2023 के बाद मानक कटौती का लाभ उपलब्ध कराया गया।,बजट 2023 में नई कर व्यवस्था के अंतर्गत मानक कटौती का विस्तार किया गया।,Ministry of Finance,https://www.indiabudget.gov.in/,,आधिकारिक बजट दस्तावेज़ से सत्यापित।,Hindi,,,,,,,,,,Supported,,,,,,,
ਸੋਨਮ ਬਾਜਵਾ ਅਗਲੇ ਮਹੀਨੇ ਯੂਰਪ ਵਿੱਚ ਆਪਣਾ ਨਵਾਂ ਰੈਸਟੋਰੈਂਟ ਖੋਲ੍ਹਣ ਜਾ ਰਹੇ ਹਨ।,ਕੁਝ ਖ਼ਬਰਾਂ ਜ਼ਰੂਰ ਹਨ ਪਰ ਸੋਨਮ ਬਾਜਵਾ ਜਾਂ ਉਨ੍ਹਾਂ ਦੀ ਟੀਮ ਵੱਲੋਂ ਅਜੇ ਕੋਈ ਅਧਿਕਾਰਤ ਪੁਸ਼ਟੀ ਨਹੀਂ ਕੀਤੀ ਗਈ।,PTC News,https://www.ptcnews.tv/?id=10028,,,Punjab,,,,,,,,,,,,,,not enough information (NEI),,,
अप्रैल 2022 में RBI की मौद्रिक नीति समिति ने FY23 के लिए भारत की जीडीपी वृद्धि दर अनुमान को 7.8% से घटाकर 7.2% किया।,अप्रैल 2022 में RBI की मौद्रिक नीति समिति ने FY23 के लिए भारत की जीडीपी वृद्धि दर अनुमान को 7.8% से घटाकर 7.2% किया।,अप्रैल 2022 में RBI की मौद्रिक नीति समिति ने FY23 के लिए भारत की जीडीपी वृद्धि दर अनुमान को 7.8% से घटाकर 7.2% किया।,अप्रैल 2022 में RBI की मौद्रिक नीति समिति ने FY23 के लिए भारत की जीडीपी वृद्धि दर अनुमान को 7.8% से घटाकर 7.2% किया।,,अप्रैल 2022 में RBI की मौद्रिक नीति समिति ने FY23 के लिए भारत की जीडीपी वृद्धि दर अनुमान को 7.8% से घटाकर 7.2% किया।,Hindi,,,,,,,,,,Supported,,,,,,,
ਜੈਜ਼ੀ ਬੀ ਦੀ ਨਵੀਂ ਫਿਲਮ ਨੇ ਪਹਿਲੇ ਦਿਨ 20 ਕਰੋੜ ਦੀ ਕਮਾਈ ਕੀਤੀ।,ਬਾਕਸ ਆਫਿਸ ਰਿਪੋਰਟਾਂ ਅਨੁਸਾਰ ਜੈਜ਼ੀ ਬੀ ਦੀ ਫਿਲਮ ਨੇ ਓਪਨਿੰਗ ਡੇਅ 'ਤੇ ਵਾਕਈ 20 ਕਰੋੜ ਕਮਾਏ ਹਨ।,BBC News Punjabi,https://www.bbc.com/punjabi?id=10202,,,Punjab,,,,,,,,,,,,,,Supported,,,
2019 മാർച്ച് 15-ന് ന്യൂസിലാൻഡിലെ ക്രൈസ്റ്റ്ചർച്ചിലെ രണ്ട് പള്ളികളിൽ വെടിവയ്പിൽ 51 പേർ കൊല്ലപ്പെട്ടു.,"വെടിവയ്പ് സാമൂഹിക മാധ്യമത്തിൽ തത്സമയം സംപ്രേഷണം ചെയ്യപ്പെട്ടു, ഇത് ന്യൂസിലാൻഡിന്‍റെ ചരിത്രത്തിലെ ഏറ്റവും വലിയ കൂട്ടക്കൊലയായി മാറി.",CNN,https://www.cnn.com/2020/08/26/asia/christchurch-mosque-sentencing-intl-hnk,,,Malayalam,,,,,,,Supported,,,,അന്താരാഷ്ട്ര മാധ്യമങ്ങൾ സ്ഥിരീകരിക്കുന്നു: 2019 മാർച്ച് 15-ന് ക്രൈസ്റ്റ്ചർച്ചിലെ രണ്ട് പള്ളികളിൽ വെടിവയ്പിൽ 51 പേർ കൊല്ലപ്പെട്ടു — ന്യൂസിലാൻഡ് ചരിത്രത്തിലെ ഏറ്റവും വലിയ കൂട്ടക്കൊല — ക്ലെയിം കൃത്യമാണ്.,,,,,,
लगातार उच्च जोखिम वाले एचपीवी संक्रमण से गर्भाशय ग्रीवा का कैंसर हो सकता है।,डब्ल्यूएचओ लगातार उच्च जोखिम एचपीवी संक्रमण को सर्वाइकल कैंसर का कारण बताता है।,World Health Organization (WHO),https://www.who.int/news-room/fact-sheets/detail/cervical-cancer,SUPPORTED,WHO के संबंधित तथ्य-पत्र में उपलब्ध जानकारी दावे को सीधे समर्थन देती है।,Hindi,,,,,,,,,,,,,,,,,
ഗായിക ദുവ ലിപയും നടൻ കാലം ടർണറും തമ്മിലുള്ള വിവാഹനിശ്ചയം 2025 ജൂണിൽ സ്ഥിരീകരിക്കപ്പെട്ടു.,2025 ജൂണിൽ വോഗ് മാസികയ്ക്ക് നൽകിയ അഭിമുഖത്തിൽ ദുവ ലിപ ഇക്കാര്യം സ്ഥിരീകരിച്ചു.,PinkNews,,,"ദുവ ലിപയും കാലം ടർണറും 2025 ജൂൺ 12-ന് ബ്രിട്ടീഷ് വോഗിന് നൽകിയ അഭിമുഖത്തിൽ വിവാഹനിശ്ചയം സ്ഥിരീകരിച്ചെന്ന് TMZ, NBC News, Hola സ്ഥിരീകരിക്കുന്നു.",Malayalam,,,,,,,,,Supported,,,https://www.thepinknews.com/2025/12/31/celebrity-weddings-engagements-2025-zendaya-taylor-swift-demi-lovato-selena-gomez/,,,,,
वर्ष 1991 में नरसिम्हन समिति (Narasimham Committee) ने बैंकिंग और वित्तीय सुधारों की सिफारिश की थी।,"वित्तीय प्रणाली पर नरसिम्हन समिति (1991) ने बैंकिंग संरचना सुधार, ब्याज दर उदारीकरण और CRR/SLR में कटौती की सिफारिश की।",Reserve Bank of India (RBI),https://www.rbi.org.in/upload/Publications/PDFs/58851.pdf,,,Hindi,,,,,,,Supported,आरबीआई की वित्तीय स्थिरता रिपोर्ट 1991 की नरसिम्हन समिति की सिफारिशों का समर्थन करती है।,,,,,,,,,
"ഒക്ടോബർ 7 ആക്രമണത്തിൽ 1,400 ഇസ്രായേൽ പൗരൻമാർ കൊല്ലപ്പെട്ടെന്ന ആദ്യ ഇസ്രായേൽ ഗവൺമെൻ്റ് കണക്ക് പിന്നീട് 1,200-ലധികമായി പുനർ-പ്രഖ്യാപിച്ചു.","ഇസ്രായേൽ ഗവൺമെൻ്റ് 2023 നവംബറിൽ ആദ്യ 1,400 കണക്ക് തിരുത്തി 1,195-1,200 ആക്കി; ഇത് ആരംഭ ആശയക്കുഴപ്പത്തിൻ്റെ ഫലമായിരുന്നു.",AP News,https://apnews.com/article/israel-hamas-death-toll-october-7-attack-2023,,,Malayalam,,,,,,,Supported,,,,"AP News, Times of Israel, Al Jazeera എന്നിവ വ്യക്തമായി സ്ഥിരീകരിക്കുന്നു: 2023 നവംബർ 10-ന് ഇസ്രായേൽ വിദേശകാര്യ മന്ത്രാലയം ഒക്ടോബർ 7 മരണസംഖ്യ 1,400-ൽ നിന്ന് ഏകദേശം 1,200 ആയി ഔദ്യോഗികമായി തിരുത്തി (തിരിച്ചറിയാത്ത മൃതദേഹങ്ങൾ ഹമാസ് പോരാളികളുടേതാണെന്ന് കണ്ടെത്തിയതിനാൽ) — ഇത് നന്നായി രേഖപ്പെടുത്തിയ, സ്ഥിരീകരിക്കാവുന്ന സംഭവമാണ്, NEI അല്ല.",,,,,,
അമേരിക്കയിൽ കുടിയേറ്റക്കാർ കാരണം ഒരു ക്രൈം വേവ് ഉണ്ടാകുന്നു എന്ന അവകാശവാദം പ്രചരിച്ചു.,കുടിയേറ്റക്കാർ യുഎസ് ജനിച്ചവരെക്കാൾ കൂടുതൽ കുറ്റകൃത്യങ്ങൾ ചെയ്യുന്നു എന്നതിന് തെളിവില്ലെന്ന് ഗവേഷണങ്ങൾ കാണിക്കുന്നു എന്ന് ഫാക്ട് ചെക്ക് സ്ഥിരീകരിച്ചു.,Brennan Center for Justice,https://www.brennancenter.org/our-work/analysis-opinion/debunking-myth-migrant-crime-wave,,,Malayalam,,,,,,,Not Supported,,,,കുടിയേറ്റക്കാർ യുഎസ്-ജനിച്ചവരെക്കാൾ കൂടുതൽ കുറ്റകൃത്യം ചെയ്യുന്നു എന്നതിന് ഗവേഷണ തെളിവില്ല എന്ന് Brennan Center for Justice-ന്‍റെ ഫാക്ട്-ചെക്ക് അടക്കം ഒന്നിലധികം അക്കാദമിക്/ഗവേഷണ പഠനങ്ങൾ സ്ഥിരീകരിക്കുന്നു. അതിനാൽ 'ക്രൈം വേവ്' എന്ന വൈറൽ അവകാശവാദം Not Supported ആയി ശരിയായി രേഖപ്പെടുത്തിയിരിക്കുന്നു.,,,,,,
"2023 में RBI ने सभी प्रकार के साइबर धोखाधड़ी मामलों की कुल संख्या ठीक 1,00,000 बताई।",उपलब्ध आधिकारिक स्रोत इस सटीक संख्या की पुष्टि नहीं करते।,facebook.com,https://www.facebook.com/LiveTimesNewsChannel/videos/cyber-fraud-%E0%A4%91%E0%A4%A8%E0%A4%B2%E0%A4%BE%E0%A4%87%E0%A4%A8-%E0%A4%AB%E0%A5%8D%E0%A4%B0%E0%A5%89%E0%A4%A1-%E0%A4%95%E0%A4%BE-%E0%A4%B6%E0%A4%BF%E0%A4%95%E0%A4%BE%E0%A4%B0-%E0%A4%B9%E0%A5%81%E0%A4%8F-%E0%A4%A4%E0%A5%8B-%E0%A4%AE%E0%A4%BF%E0%A4%B2%E0%A5%87%E0%A4%97%E0%A4%BE-25000-%E0%A4%A4%E0%A4%95-%E0%A4%95%E0%A4%BE-%E0%A4%AE%E0%A5%81%E0%A4%86%E0%A4%B5%E0%A4%9C%E0%A4%BE-%E0%A4%B5%E0%A5%80%E0%A4%A1%E0%A4%BF%E0%A4%AF%E0%A5%8B-%E0%A4%AE%E0%A5%87%E0%A4%82-%E0%A4%9C%E0%A4%BE/1579754737103615/,,दिए गए सटीक दावे के समर्थन हेतु पर्याप्त आधिकारिक साक्ष्य उपलब्ध नहीं हैं।,Hindi,,,,,,,,,,Not Enough Information (NEI),,,,,,,
ബ്ലേക്ക് ലൈവ്‌ലിയും ജസ്റ്റിൻ ബാൽഡോനിയും തമ്മിലുള്ള നിയമ വ്യവഹാരം 2026 മെയ് 4-ന് വിചാരണയ്ക്ക് തൊട്ടുമുമ്പ് ഒത്തുതീർപ്പിലായി.,'ഇറ്റ് എൻഡ്സ് വിത്ത് അസ്' സഹതാരങ്ങൾ തമ്മിലുള്ള കേസ് മെയ് 18-ലെ വിചാരണയ്ക്ക് രണ്ടാഴ്ച മുൻപ് ഒത്തുതീർപ്പാക്കി.,Deadline,,,"ബ്ലേക്ക് ലൈവ്‌ലി-ജസ്റ്റിൻ ബാൽഡോനി കേസ് മെയ് 18-ലെ വിചാരണയ്ക്ക് രണ്ടാഴ്ച മുൻപ്, 2026 മെയ് 4-ന് ഒത്തുതീർപ്പിലായെന്ന് Deadline സ്ഥിരീകരിക്കുന്നു.",Malayalam,,,,,,,,,Supported,,,https://deadline.com/feature/blake-lively-justin-baldoni-feud-timeline-1236279854/,,,,,
2008 के वैश्विक वित्तीय संकट के दौरान भारतीय रिजर्व बैंक (RBI) ने रेपो रेट में भारी कटौती की।,अक्टूबर-नवंबर 2008 में लेहमैन ब्रदर्स पतन के बाद तरलता बढ़ाने के लिए RBI ने रेपो दर घटाकर 7.5% कर दी थी।,RBI Archives / BBC Hindi,https://www.indiatoday.in/latest-headlines/story/rbi-cuts-repo-rate-by-100-basis-points-31927-2008-10-20?utm_source,,,Hindi,,,,,,,Supported,,,,,,,,,,
कमल थापाले ‘बाहुन क्षेत्री मूर्दाबाद’को नारा लगाए।,"कमल थापाले 'बाहुन क्षेत्री मूर्दाबाद' नारा लगाएका हैनन्, भाइरल भिडियोको तथ्य यस्तो छ - Nepal Factcheck ☰ होम हाम्रो बारे मिथ्या सूचना के हो? हाम्रो वर्गीकरणको अर्थ मिथ्या सूचना: के गर्ने? FAQs तथ्यजाँच अनुरोध × होम हाम्रो बारे मिथ्या सूचना के हो? हाम्रो वर्गीकरणको अर्थ मिथ्या सूचना: के गर्ने? FAQs तथ्यजाँच अनुरोध तथ्यजाँच भ्रामक सूचना वागमती सम्बन्धित प्रदेश कमल थापाले ‘बाहुन क्षेत्री मूर्दाबाद’ नारा लगाएका हैनन्, भाइरल भिडियोको तथ्य यस्तो छ Home तथ्यजाँच भ्रामक सूचना सागर बुढाथोकी कार्तिक २३, २०८१ कमल थापाले ‘बाहुन क्षेत्री मूर्दाबाद’ नारा लगाएका हैनन्, भाइरल भिडियोको तथ्य यस्तो छ राष्ट्रिय प्रजातन्त्र पार्टी नेपाल (राप्रपा नेपाल) का अध्यक्ष कमल थापाले ‘बाहुन, क्षेत्री मूर्दाबाद..’ भन्दै नारा लगाइरहेको ‘भिडियो क्लिप’ सामाजिक सञ्जालमा भाइरल भएको छ। तर, हाम्रो तथ्यजाँचले यो भिडियो भ्रामक भएको ठहर गरेको छ। उनको भिडियोमा राजु परियारको गीतको अडियो सम्पादन गरी राखिएको हो। के छ दावी ? सेप्टेम्बर १८ (असोज २ गते) २९ हजार फलोअर रहेको सिएम खड्का नामक फेसबुक पेज मा ‘होइन के हो यो..’ क्याप्सन राखेर राप्रपाका अध्यक्ष कमल थापाले नारा लगाइरहेको भिडियो पोस्ट भएको छ। भिडियोमा मञ्चबाट कमल थापाले हात हल्लाउँदै ‘बाहुन क्षेत्री मुर्दाबाद’ भनिरहेको आवाज आइरहेको छ भने मञ्चको अगाडि पट्टी भाषण सुन्नेहरुले पनि उनीसँगै मूर्दाबाद भनिरहेको सुनिन्छ। कमल थापासँगै नारा लगाउनेको हातमा राप्रपा नेपालको झण्डा देख्न सकिन्छ। यो तथ्यजाँच गर्दासम्म यो पोस्टमा ४ हजार कमेन्ट र २६ हजारभन्दा बढी रियाक्सन दिइएको छ भने २२ सय पटक सेयर गरिएको छ। यसले यो पोस्टको भाइरलपना प्रष्ट हुन्छ। हेर्नुहोस् भिडियोको स्क्रिन रेकर्ड https://nepalfactcheck.org/wp-content/uploads/2024/11/Facebook.mp4 के हो तथ्य? कमल थापाले यस्तो नारा लगाएका हुन् कि होइनन् जाँच गर्न हामीले पछिल्लो समय उनी के कस्ता कार्यक्रममा सहभागी भए भन्ने जानकारी खोज्यौँ। यसका लागि हामीले उनको आधिकारिक फेसबुक प्रोफाइलमा सर्च गर्‍यौँ। यस क्रममा मार्च १४ मा लाइभ गरिएको ३७ मिनेट लामो एउटा भिडियो भेट्यौँ। उक्त भिडियोमा कमल थापाले लगाएको पोशाक, मञ्च र कार्यक्रममा उपस्थित मानिसहरुको भीड ‘बाहुन क्षेत्री मुर्दाबाद..’ भनेर नारा लगाइएको भिडियोसँग मिल्न जान्छ। भिडियो लिंक",NepalFactCheck.org,https://nepalfactcheck.org/2024/11/fact-check-viral-video-falsely-claims-kamal-thapa-chanted-bahun-chhetri-murdabad/,,भ्रामक सूचना। राप्रपा नेपालको अध्यक्ष कमल थापाले यो भिडियोमा बाहुन क्षेत्री मुर्दाबाद भन्ने नारा लगाएका होइनन्। थापाले हिन्दु राष्ट्र र राजतन्त्रको समर्थनमा लगाएको नाराको भिडियोमा ‘नेपाली हाम्रो जात’ नामक गीतमा प्रयोग गरिएको र हाल हटाइसकिएको नारा मिसाइएको हो।,Nepali,,,,,,,,,REFUTES,,,,politics_elections,,,,
جرمن وزیر دفاع نے افغانستان میں فوجی مشن کے حوالے سے کوئی اہم اعلان نہیں کیا۔,برلن میں ہونے والی بحث میں، جرمن وزیر دفاع آنیگرَیٹ کرامپ کارن باؤر افغانستان میں جرمن مشن کے بارے میں سیکھے گئے اسباق پر بات چیت کرنے والے ہیں۔ یہ اس بات کی نشاندہی کرتا ہے کہ کوئی اہم اعلان نہیں کیا گیا بلکہ صرف بحث کی جا رہی ہے。,The Siasat Daily (Urdu) - سیاست ڈیلی، حیدرآباد,https://urdu.siasat.com/news/%d8%ac%d8%b1%d9%85%d9%86%db%8c-%d9%85%db%8c%da%ba-%d8%a7%d9%81%d8%ba%d8%a7%d9%86%d8%b3%d8%aa%d8%a7%d9%86-%da%a9%db%92-%d9%85%d9%88%d8%b6%d9%88%d8%b9-%d9%be%d8%b1-%d8%a8%d8%ad%d8%ab-%da%a9%d8%a7-%d8%a7-1331613/,,مضمون میں بیان کردہ معلومات سے پتہ چلتا ہے کہ وزیر دفاع بحث میں شامل ہیں اور کوئی اہم اعلان نہیں کیا گیا، لہذا دعویٰ مسترد ہے۔,Urdu,,,,,,,,,Not Supported,,,,,,,,
बजट 2023 में रेलवे के लिए रिकॉर्ड पूंजीगत निवेश का प्रावधान किया गया।,केंद्रीय बजट 2023-24 में भारतीय रेलवे के लिए पूंजीगत व्यय बढ़ाने की घोषणा की गई।,Press Information Bureau (PIB),https://www.pib.gov.in/PressReleasePage.aspx?PRID=2036144,,बजट दस्तावेज़ से सत्यापित।,Hindi,,,,,,,,,,Supported,,,,,,,
भारत सरकार ने क्रिप्टो लेनदेन की टैक्स रिपोर्टिंग को और सख्त किया है।,सरकार ने क्रिप्टोकरेंसी से जुड़े लेनदेन की टैक्स रिपोर्टिंग को अधिक पारदर्शी बनाने के लिए नियमों को सख्त किया है ताकि टैक्स चोरी रोकी जा सके।,नवभारत टाइम्स,https://navbharattimes.indiatimes.com/personal-finance/savings-and-investments/govt-tightens-crypto-rules-what-it-means-for-digital-asset-investors-and-taxpayers/articleshow/132673711.cms,,समाचार रिपोर्ट के अनुसार सरकार ने क्रिप्टो टैक्स रिपोर्टिंग संबंधी नियमों को सख्त किया है।,Hindi,,,,,,,,,,Supported,,,,,,,
అధిక కొలెస్ట్రాల్ లక్షణాలు లేకుండానే ఉండవచ్చు.,కొలెస్ట్రాల్ ఎక్కువగా ఉన్నా లక్షణాలు కనిపించకపోవచ్చు.,CDC,https://www.cdc.gov/cholesterol,,,Telugu,,,,,,,,,,,,,,,,Supported,Supported
2009 में टाटा नैनो की पहली व्यावसायिक बिक्री और डिलीवरी शुरू हुई।,मार्च 2009 में टाटा नैनो की आधिकारिक बुकिंग शुरू हुई और जुलाई 2009 में पहली कार ग्राहक को सौंपी गई।,Tata Motors ,https://www.tatamotors.com/press-releases/tata-motors-delivers-first-tata-nano-in-the-country-in-mumbai/?utm,,,Hindi,,,,,,,Supported,,,,,,,,,,
కాలిఫోర్నియాలో హిందూ ఆలయంపై దాడి జరిగింది.,చినో హిల్స్‌లో బాప్స్ స్వామినారాయణ్ మందిర్‌పై విధ్వంసం.,Andhra Jyothi,https://www.andhrajyothy.com/2025/national/india-condemns-vandalism-of-hindu-temple-in-california-calls-for-strict-action-avr-1379519.html,,,Telugu,,,,,,,,,Supported,,,,,,,,
అన్ని గుండె నొప్పులు గుండెపోటే.,ఛాతి నొప్పికి అనేక కారణాలు ఉండవచ్చు.,American Heart Association,https://www.heart.org/en/health-topics/heart-attack/warning-signs-of-a-heart-attack,,,Telugu,,,,,,,,,,,,,,,,Not Supported,Not Supported
وزیر اعلیٰ نے دعویٰ کیا ہے کہ ریاست میں کوئی بھی امتحان منسوخ نہیں ہوگا۔,وزیر اعلیٰ سکھوندر سنگھ سکھو نے واضح کیا کہ اب کوئی پرچہ لیک نہیں ہوگا اور بھرتی کے امتحانات منسوخ نہیں ہوں گے۔ اس کے باوجود، کسی دعوے کی تردید یا تصدیق کی تفصیل فراہم نہیں کی گئی ہے۔,The Siasat Daily (Urdu) - سیاست ڈیلی، حیدرآباد,https://urdu.siasat.com/news/%db%81%d9%85%d8%a7%da%86%d9%84-%d9%85%db%8c%da%ba-%d8%b9%d9%86%d9%82%d8%b1%db%8c%d8%a810-%db%81%d8%b2%d8%a7%d8%b1-%d8%ac%d8%a7%d8%a6%db%8c%d8%af%d8%a7%d8%af%d9%88%da%ba-%d9%be%d8%b1-%d8%aa%d9%82%d8%b1-1489675/,,اس مضمون میں امتحانات کے منسوخ ہونے کی کوئی تصدیق یا باقاعدہ معلومات نہیں ہیں، جس کی وجہ سے یہ دعویٰ ناقابل تصدیق ہے۔,Urdu,,,,,,,,,Not Supported,,,,,,,,
ਸਤਿੰਦਰ ਸਰਤਾਜ ਦੀ ਨਵੀਂ ਫਿਲਮ ਨੇ ਪਹਿਲੇ ਦਿਨ 10 ਕਰੋੜ ਦੀ ਕਮਾਈ ਕੀਤੀ।,ਬਾਕਸ ਆਫਿਸ ਰਿਪੋਰਟਾਂ ਅਨੁਸਾਰ ਸਤਿੰਦਰ ਸਰਤਾਜ ਦੀ ਫਿਲਮ ਨੇ ਓਪਨਿੰਗ ਡੇਅ 'ਤੇ ਵਾਕਈ 10 ਕਰੋੜ ਕਮਾਏ ਹਨ।,BBC News Punjabi,https://www.bbc.com/punjabi?id=10295,,,Punjab,,,,,,,,,,,,,,Supported,,,
2022-ൽ സ്ത്രീകൾക്കെതിരായ സൈബർ കുറ്റകൃത്യങ്ങളിൽ ഏറ്റവും കൂടുതൽ കേസുകൾ രേഖപ്പെടുത്തിയത് ഒഡീഷയിലാണ്.,"NCRB റിപ്പോർട്ട് പ്രകാരം ഒഡീഷയിൽ 542 കേസുകൾ രേഖപ്പെടുത്തി, ഇതിൽ 269 എണ്ണം ലൈംഗിക ഉള്ളടക്കമുള്ള വസ്തുക്കൾ പ്രസിദ്ധീകരിക്കുന്നതുമായി ബന്ധപ്പെട്ടതാണ്.",Deccan Herald (NCRB Data),https://www.deccanherald.com/amp/story/india%2Fodisha%2Fodisha-reports-highest-cases-of-cybercrime-against-women-in-2022-ncrb-2798048,,,Malayalam,,,,,,,Supported,,,,Deccan Herald (NCRB ഡേറ്റ) സ്ഥിരീകരിക്കുന്നു: 2022-ൽ സ്ത്രീകൾക്കെതിരായ സൈബർ കുറ്റകൃത്യങ്ങളിൽ ഒഡീഷ 542 കേസുകളോടെ മുന്നിൽ — ക്ലെയിം കൃത്യമാണ്.,,,,,,
एभिन्युज टिभीले तारा एयरको जहाज दुर्घटना स्थलको ताजा दृश्य भन्दै प्रसारण गरेको दृश्य,"तारा एयरको जहाज दुर्घटनाको भन्दै एभिन्युज टिभीमा देखाइएको दृश्य गलत - Nepal Factcheck ☰ होम हाम्रो बारे मिथ्या सूचना के हो? हाम्रो वर्गीकरणको अर्थ मिथ्या सूचना: के गर्ने? FAQs तथ्यजाँच अनुरोध × होम हाम्रो बारे मिथ्या सूचना के हो? हाम्रो वर्गीकरणको अर्थ मिथ्या सूचना: के गर्ने? FAQs तथ्यजाँच अनुरोध तथ्यजाँच गण्डकी मिथ्या सूचना वागमती सम्बन्धित प्रदेश तारा एयरको जहाज दुर्घटनाको भन्दै एभिन्युज टिभीमा देखाइएको दृश्य गलत Home तथ्यजाँच मिथ्या सूचना उमेश श्रेष्ठ जेष्ठ १५, २०७९ तारा एयरको जहाज दुर्घटनाको भन्दै एभिन्युज टिभीमा देखाइएको दृश्य गलत पोखराबाट जोमसोमका लागि २०२२ मे २९ आइतबार बिहान उडेको तारा एयरको एउटा जहाज सम्पर्कविहीन भयो। यस सम्बन्धी समाचार दिने क्रममा एभिन्युज खबर टेलिभिजनले आइतबार दिउँसो ‘दुर्घटना भएको स्थलको ताजा दृश्य प्राप्त भएको’ दावी गर्दै फोटो प्रसारण गरेको थियो। तर हाम्रो तथ्य जाँचमा उक्त दृश्य नेपालको नभई भारतमा भएको हेलिकप्टर दुर्घटनाको दृश्य भएको खुलेको छ। के थियो एभिन्युजको समाचारमा? एभिन्युज टेलिभिजनमा ब्रेकिङ न्युज भन्दै समाचारवाचकले भन्दै गरेको देखिएको छ- “पोखराबाट मुस्ताङको जोमसोमतर्फ उडेको तारा एयरको विमान सम्पर्कविहीन भएको छ र यतिखेर पछिल्लो जानकारी अनुसार विमानको दुर्घटना भएको स्थलको हामीसँग ताजा दृश्य पनि प्राप्त भएको छ। यो केही बेर अगाडि मात्रै प्राप्त भएको दृश्य हो….” के हो तथ्य ? हामीले यसको तथ्य जाँच गर्ने क्रममा एभिन्युज टेलिभिजनले तारा एयरको दुर्घटनाको दृश्य दावी गर्दै प्रसारण गरेको दृश्यको स्क्रिनसट लिएर गुगलमा रिभर्स इमेज सर्च गर्‍यौँ। यो क्रममा हामी इन्डिया टुडेमा प्रकाशित यो पेजमा पुग्यौँ- हेर्नुस् अर्काइभ लिङ्क एभिन्युज टेलिभिजनमा प्रसारण भएको तारा एयरको दुर्घटना स्थल भनी दावी गरिएको दृश्य र इन्डिया टुडेमा प्रकाशित प्रेस ट्रस्ट अफ इन्डिया (पीटीआई) लाई क्रेडिट दिई प्रकाशित दृश्य एउटै देखिन्छ। इन्डिया टुडेमा जनवरी ५, २०२२ मा प्रकाशित यो समाचारमा राखिएको दृश्य तत्कालीन भारतीय सेना प्रमुख विपिन रावत चढेको हेलिकप्टर दुर्घटनाको भग्नावशेषको भएको त्यसमा खुलाइएको छ। सोही फोटो बिजनेस टुडेमा यहाँ, आउटलुक इन्डियामा यहाँ , द हिन्दूमा यहाँ , इन्डियाटिभीमा यहाँ , डेक्कनहेराल्डमा यहाँ पनि हेर्न सकिन्छ। तथ्य जाँच",NepalFactCheck.org,https://nepalfactcheck.org/2022/05/avenues-tv/,,मिथ्या सूचना । उक्त दृश्य भारतमा डिसेम्बर २०२१ मा भएको हेलिकप्टर दुर्घटनाको हो।,Nepali,,,,,,,,,REFUTES,,,,religion_communal,,,,
KCR خاندان کے درمیان جاری تنازع عوامی مفادات کی بجائے ذاتی دولت کے لئے ہے۔,ٹی پی سی سی کے صدر مہیش کمار گود نے دعویٰ کیا ہے کہ KCR کے خاندان میں جاری لڑائی عوامی مفاد کے بجائے ذاتی دولت اور جائیداد پر تنازع کے بارے میں ہے۔ انہوں نے کہا کہ یہ تنازع تلنگانہ کے لوگوں سے متعلق نہیں ہے۔,Munsif Daily (Urdu) - منصف ڈیلی، حیدرآباد,https://munsifdaily.com/kcr-family-fighting-over-telangana/,,مضمون میں KCR خاندان کے تنازع کی وجوہات کی وضاحت تو کی گئی ہے، لیکن عوامی مفادات کی عدم موجودگی کے بارے میں کوئی واضح ثبوت فراہم نہیں کیا گیا۔,Urdu,,,,,,,,,Not Enough Information (NEI),,,,,,,,
2022-ൽ കണ്ടെത്തിയ എല്ലാ ആഗോള മനുഷ്യക്കടത്ത് കേസുകളിലും കുറ്റവാളികൾക്ക് ശിക്ഷ ലഭിച്ചതായി സ്ഥിരീകരിക്കപ്പെട്ടിട്ടുണ്ട്.,UNODC-യുടെ 2024 റിപ്പോർട്ട് കണ്ടെത്തിയ ഇരകളുടെ എണ്ണത്തിലെ വർദ്ധനവിനെക്കുറിച്ചാണ് പ്രധാനമായും വിശദീകരിക്കുന്നത്; ശിക്ഷാ നിരക്ക് സംബന്ധിച്ച സമഗ്രമായ ആഗോള കണക്ക് റിപ്പോർട്ടിൽ വ്യക്തമായി ലഭ്യമല്ല.,UNODC Global Report on Trafficking in Persons 2024,https://www.unodc.org/unodc/en/press/releases/2024/December/unodc-global-human-trafficking-report_-detected-victims-up-25-per-cent-as-more-children-are-exploited-and-forced-labour-cases-spike.html,,,Malayalam,,,,,,,Not Supported,,,,"UNODC 2024 റിപ്പോർട്ട് പ്രകാരം 2022-ൽ ശിക്ഷാവിധികളിൽ 36% വർദ്ധനവ് ഉണ്ടായെങ്കിലും, ഇത് 'എല്ലാ കണ്ടെത്തിയ കേസുകളും ശിക്ഷിക്കപ്പെട്ടു' എന്നല്ല അർത്ഥമാക്കുന്നത് — മനുഷ്യക്കടത്ത് കേസുകളിൽ ശിക്ഷാ നിരക്ക് ചരിത്രപരമായി വളരെ താഴ്ന്നതാണ്. 'എല്ലാ കേസുകളിലും ശിക്ഷ' എന്ന അവകാശവാദം വ്യക്തമായി തെറ്റാണ്.",,,,,,
"മമ്മൂട്ടിയുടെ ആരോഗ്യത്തെക്കുറിച്ചുള്ള ആശങ്കകൾക്കിടെ 2025 മാർച്ചിൽ മോഹൻലാൽ ശബരിമലയിൽ പോയി പ്രാർത്ഥന നടത്തി, ഇത് വിവാദമായി.","മോഹൻലാൽ മമ്മൂട്ടിക്ക് വേണ്ടി പ്രാർത്ഥിച്ചെന്ന വാർത്ത പുറത്തുവന്നതോടെ ചില കോണുകളിൽ നിന്ന് വിമർശനം ഉയർന്നു, മോഹൻലാൽ ഇതിനോട് പരസ്യമായി പ്രതികരിച്ചു.",Free Press Journal,,,മമ്മൂട്ടിയുടെ ആരോഗ്യത്തെക്കുറിച്ചുള്ള ആശങ്കകൾക്കിടെ 2025 മാർച്ചിൽ മോഹൻലാൽ ശബരിമലയിൽ പ്രാർത്ഥന നടത്തിയത് വിവാദമായെന്നും ഇതിനോട് മോഹൻലാൽ പരസ്യമായി പ്രതികരിച്ചെന്നും Free Press Journal സ്ഥിരീകരിക്കുന്നു.,Malayalam,,,,,,,,,Supported,,,https://www.freepressjournal.in/entertainment/whats-wrong-mohanlal-responds-amid-controversy-over-his-sabarimala-puja-for-mammootty-netizens-divided,,,,,
माइग्रेन में मतली और प्रकाश या ध्वनि के प्रति संवेदनशीलता हो सकती है।,डब्ल्यूएचओ माइग्रेन के साथ मतली और प्रकाश/ध्वनि के प्रति संवेदनशीलता जैसे लक्षणों का उल्लेख करता है।,World Health Organization (WHO),https://www.who.int/news-room/fact-sheets/detail/headache-disorders,SUPPORTED,WHO के तथ्य-पत्र की जानकारी दावे को सीधे समर्थन देती है।,Hindi,,,,,,,,,,,,,,,,,
शिक्षकका लागि राखेको पानी पिएको आरोपमा कुटिएका दलित विद्यार्थीको मृत्यु ।,"पानी पिएको आरोपमा कुटिएका दलित विद्यार्थीको मृत्यु भन्दै भाइरल भएको सूचनाको तथ्य के हो? - Nepal Factcheck ☰ होम हाम्रो बारे मिथ्या सूचना के हो? हाम्रो वर्गीकरणको अर्थ मिथ्या सूचना: के गर्ने? FAQs तथ्यजाँच अनुरोध × होम हाम्रो बारे मिथ्या सूचना के हो? हाम्रो वर्गीकरणको अर्थ मिथ्या सूचना: के गर्ने? FAQs तथ्यजाँच अनुरोध तथ्यजाँच भ्रामक सूचना सम्बन्धित प्रदेश सुदूरपश्चिम पानी पिएको आरोपमा कुटिएका दलित विद्यार्थीको मृत्यु भन्दै भाइरल भएको सूचनाको तथ्य के हो? Home तथ्यजाँच भ्रामक सूचना वसन्त खड्का भदौ ४, २०८० पानी पिएको आरोपमा कुटिएका दलित विद्यार्थीको मृत्यु भन्दै भाइरल भएको सूचनाको तथ्य के हो? केही दिन यता शिक्षकका लागि राखेको पानी पिएको आरोपमा कुटिएका दलित विद्यार्थीको मृत्यु भएको दावी गर्दै एउटा तस्बिरसहितको पोस्ट सामाजिक सञ्जालमा भाइरल भइरहेको छ। तर, हाम्रो तथ्य जाँचमा भने अर्कै सन्दर्भको फोटो राखेर भ्रामक दाबी गरेको पोस्ट भाइरल भएको देखियो। के छ भाइरल पोस्टमा ? सानो आवाज नाम गरेको फेसबुक पेजबाट २० अगस्त २०२३ मा शिक्षकका लागि राखेको पानी पिएको आरोपमा कुटिएका दलित विद्यार्थीको मृत्यु भन्दै एउटा तस्बिर राखिएको छ र स्रोतका रुपमा नेपालप्रेस खबर लेखिएको छ। यो पोस्टलाई सोमबार दिउँसो (२१ अगस्त, २०२३) सम्म ११०० पटक रियाक्ट, २७२ कमेन्ट र ५६० पटक सेयर गरिएको छ । भाइरल पोस्टको स्क्रिनसट। अर्काइभ लिङ्क रुटिन अफ नेप्लिज युनिभर्सिटी नाम गरेको फेसबुक पेजले पनि २० अगस्तमा सोही विवरणसहितको तस्बिर पोस्ट गरेको छ जसमा सोमबार दिउँसोसम्म ३६०० पटक रियाक्ट, २८४ कमेन्ट र ३०६ पटक सेयर गरिएको छ । भाइरल पोस्टको स्क्रिनसट। फेसबुक अर्काइभ लिंक अन्य विभिन्न फेसबुक एकाउन्ट तथा पेजमार्फत पनि उक्त तस्बिर सहितको दाबी पोस्ट तथा सेयर गरिएको छ । भाइरल भइरहेका ती पोस्टको स्क्रिन रेकर्डको लिंक के हो तथ्य ? तथ्य जाँच गर्ने क्रममा हामीले भाइरल तस्बिरलाई गुगल रिभर्स इमेज सर्च गर्‍यौँ। यस क्रममा हामी केन्द्रबिन्दु डट कममा २०६९ साउन २४ गते बैतडी डेटलाइनमा प्रकाशित एउटा समाचारमा पुग्यौँ। समाचारमा ‘बझाङमा दैनिक छात्रा बेहोस हुन थालेपछि एक सातालाई विद्यालय बन्द’ शीर्षकसहित बझाङका विद्यालय र बेहोस विद्यार्थीको तस्बिर छापिएको छ। भाइरल सामग्रीमा प्रयोग गरिएको तस्बिर सोही केन्द्रबिन्दुमा प्रकाशित मध्यको एउटा तस्बिरलाई ",NepalFactCheck.org,https://nepalfactcheck.org/2023/08/fake-photo-viral/,,"भ्रामक सूचना। हामीले सामाजिक सञ्जालमा शिक्षकका लागि राखेको पानी पिएको आरोपमा कुटिएका दलित विद्यार्थीको मृत्यु भएको दाबी सहितको भाइरल तस्बिर गुगल रिभर्स इमेज सर्च गरेर खोज्दा बैतडीमा बेहोस भएका विद्यार्थीको समाचार र तस्बिर फेला पार्‍यौँ। शिक्षकका लागि राखेको पानी पिएको आरोपमा कुटिएका दलित विद्यार्थीको मृत्यु भएको खबर पनि हामीले भेट्यौँ। तर, त्यो नेपालको नभई भारतको राजस्थानको एक वर्ष पुरानो हो। अतः ठाउँ र सन्दर्भसमेत प्रष्ट नपारी गलत तस्बिरका साथ भ्रामक सूचना भाइरल भएको हाम्रो निश्कर्ष रह्यो।",Nepali,,,,,,,,,REFUTES,,,,finance_investment,,,,
अप्रैल 2023 में बैंक दर (Bank Rate) 6.75% पर बनी रही।,RBI ने बैंक दर 6.75% पर अपरिवर्तित रखने की घोषणा की।,instagram.com,https://www.instagram.com/reel/DW250USgF8j/,,आधिकारिक नीति वक्तव्य दावे का समर्थन करता है।,Hindi,,,,,,,,,,Supported,,,,,,,
नारायण वाग्लेले यसो भने- ‘संविधानमा धर्म निरपेक्षता लेखिएको छ। त्यसैले मन्दिर बनाउने पूजा गर्ने काम बन्द हुनुपर्छ। धर्म निरपेक्षताका लागि मन्दिरहरु भत्काउनु पर्छ। पूजापाठ बन्द गरिनु पर्छ।’,"के नारायण वाग्लेले मन्दिर भत्काउनु पर्छ भनेका हुन् ? - Nepal Factcheck ☰ होम हाम्रो बारे मिथ्या सूचना के हो? हाम्रो वर्गीकरणको अर्थ मिथ्या सूचना: के गर्ने? FAQs तथ्यजाँच अनुरोध × होम हाम्रो बारे मिथ्या सूचना के हो? हाम्रो वर्गीकरणको अर्थ मिथ्या सूचना: के गर्ने? FAQs तथ्यजाँच अनुरोध तथ्यजाँच भ्रामक सूचना वागमती सम्बन्धित प्रदेश के नारायण वाग्लेले मन्दिर भत्काउनु पर्छ भनेका हुन् ? Home तथ्यजाँच भ्रामक सूचना उमेश श्रेष्ठ माघ १३, २०७७ के नारायण वाग्लेले मन्दिर भत्काउनु पर्छ भनेका हुन् ? सामाजिक सञ्जालमा यतिबेला नारायण वाग्ले चर्चामा छन्। ट्विटरमा ‘नारायण वाग्ले’ लेखिएका ट्विट सोमबार रातिदेखि सुरु भएर मंगलबार दिउँसो यो फ्याक्टचेक तयार पार्दासम्म झण्डै हजार ट्विट भइसकेको देखिन्छ । नागरिक समाजको ब्यानरमा सोमबार* भएको ‘बालुवाटार मार्च’ कार्यक्रमका क्रममा भएको प्रहरी कारबाही र त्यही कार्यक्रममा उनले गरेको भाषण हिजोदेखि चर्चामा छ। यसै क्रममा नारायण वाग्लेको फोटोसहित एउटा भनाई अहिले भाइरल भएको छ। के उनले यसो भनेकै हुन् ? यसबारे हामीले फ्याक्ट चेक गरेका छौँ। Use Hoaxy to see how this spreads online: नारायण वाग्ले सोसल मिडियामा नागरिक वाग्लेको चर्चा। पत्रकार बिनु पोखरेलले मंगलबार (जनवरी २६) बिहान ६ बजेर ४६ मिनेटमा यही फोटोसहित गरेको ट्विटमा दिउँसोसम्म २८ रिट्विट, १० कोट ट्विट र १२८ लाइक छ। पूजा भन्दापनि ध्यान गर्ने ठाउँ हो मन्दिर । समय दिनु हुन्छ भने मन्दिर कसरी बन्छ म त्यसको फेहरिस्त दिन सक्छु । खासमा मन्दिर बन्न भरपुर उर्जा दिने ठाउँ हुनुपर्छ र हुन्छ कि जहाँ पुग्दा आफसेआफ हामीमा भएको नकारात्मक उर्जा शिथिल होस् यस्तो ठाउँ हटाउ भन्न केले उद्द्त्त गर्छ भनिदिनुस त? pic.twitter.com/L4IleTMIpG — Binu pokharel (@binuebhi) January 26, 2021 त्यसैगरी कुसुम ज्ञवालीले मंगलबार बिहान ६ बजेर २१ मिनेटमा यही फोटोसहित गरेको ट्विट मा पनि ३६ रिट्विट र ११७ लाइक देखिन्छ। डा. गोथे लगायत परिचय नखुलाएका अरु धेरैले पनि नारायण वाग्लेको भनाई दावी गरिएको यो फोटो ट्विटरमा राखेका छन्। मन्दिरहरु भत्काउनु पर्छ भने यो शैतानलाई सनातन पुन्यभुमीबाट लखेटिनु पर्छ नत्र आस्थाका धरोहरमाथी यी डलरे स्यालहरुले बारम्बार प्रहार गरिरहने छ। अब त अत्ति गर्न थाले!😡 pic.twitter.com/Xc86jTT57w — डा. गोथे🇳🇵🙏 (@Dr_Gothe) January 2",NepalFactCheck.org,https://nepalfactcheck.org/2021/01/narayan-wagle-speech/,,"भ्रामक । सोमबार प्रधानमन्त्री केपी शर्मा ओली पशुपतिमा संकल्प पूजा गर्न गएको समाचार सार्वजनिक भएको थियो। त्यसैलाई लक्षित गरी वाग्लेले अहिले जो बालुवाटारमा बस्या छन्, यिनले देशभरी पहिला मन्दिर बनाउँछु भन्दै हिँडे, अब पूजाआरती गर्दै हिँड्दैछन् भनेको देखिन्छ। भाषणमा उनले ‘संविधानमा धर्म निरपेक्षता लेखिएको छ’ त भनेका हुन्। तर दावी गरिए जस्तो उनले ‘मन्दिर बनाउने र पूजा गर्ने काम बन्द हुनुपर्ने, धर्म निरपेक्षताका लागि मन्दिरहरु भत्काउनु पर्ने, पूजापाठ बन्द गर्नुपर्ने भनेको देखिएन। *यसअघि बालुवाटार मार्च कार्यक्रम सोमबार भएको हुनुपर्नेमा भूलवश मंगलबार भएको उल्लेख भएकोमा सच्याइएको छ।",Nepali,,,,,,,,,REFUTES,,,,religion_communal,,,,
ద్రవ్య సరఫరా కొలమానాలలో 'M1' ని అత్యంత ద్రవ్యత కలిగిన 'నారో మనీ' (Narrow Money) అని పిలుస్తారు.,M1 = చలామణిలోని నోట్లు/నాణేలు + బ్యాంకుల వద్ద డిమాండ్ డిపాజిట్లు + ఆఆర్‌బీఐ వద్ద ఇతర డిపాజిట్లు.,Reserve Bank of India,https://www.rbi.org.in,,,Telugu,,,,,,,Supported,,,,,,,,,,
2024-ലെ ആഗോള ഭീകരവാദ സൂചികയിൽ ഇറാഖ് ആദ്യമായി ആദ്യ പത്ത് സ്ഥാനങ്ങളിൽ നിന്ന് പുറത്തായി.,2023-ൽ ഇറാഖിലെ ഭീകരവാദ മരണങ്ങൾ 65 ശതമാനം കുറഞ്ഞു; 2007-ലെ ഏറ്റവും ഉയർന്ന നിലയിൽ നിന്ന് 99 ശതമാനം കുറവാണ്.,Global Terrorism Index 2024 (via Vision of Humanity),https://www.visionofhumanity.org/7-key-findings-from-the-global-terrorism-index-2024/,,,Malayalam,,,,,,,Supported,,,,"Vision of Humanity-യുടെ GTI 2024 റിപ്പോർട്ട് സ്ഥിരീകരിക്കുന്നു: ഇറാഖിലെ ഭീകരവാദ മരണം 2023-ൽ 65% കുറഞ്ഞു (69 മരണങ്ങൾ), ഇതോടെ ഇറാഖ് ആദ്യമായി ആദ്യ പത്ത് സ്ഥാനങ്ങളിൽ നിന്ന് പുറത്തായി (GTI ആരംഭിച്ചത് മുതൽ എല്ലാ വർഷവും ടോപ്പ് 10-ൽ ഉണ്ടായിരുന്നത്). 2007-ലെ ഏറ്റവും ഉയർന്ന നിലയിൽ നിന്ന് 99% കുറവ് എന്നതും റിപ്പോർട്ടിൽ കൃത്യമായി കാണാം. കണക്കുകൾ പൂർണ്ണമായി ഒത്തുപോകുന്നു.",,,,,,
टाइप 2 मधुमेह का जोखिम केवल उम्र से निर्धारित होता है।,विश्व स्वास्थ्य संगठन अधिक वजन और मोटापे को टाइप 2 मधुमेह के बढ़े जोखिम से जोड़ता है।,World Health Organization (WHO),https://www.who.int/news-room/fact-sheets/detail/diabetes,REFUTED,"WHO अधिक वजन और मोटापे को टाइप 2 मधुमेह के बढ़े जोखिम से जोड़ता है, केवल उम्र को नहीं, इसलिए दावा गलत है। (मूल दावा नकारात्मक वाक्य में था; सकारात्मक वाक्य-रूप में पुनर्लेखन कर लेबल विविधता के लिए संतुलित किया गया)",Hindi,,,,,,,,,,,,,,,,,
"2023 ഫെബ്രുവരി 6-ന്  ടർക്കിയ-സിറിയ ഭൂകമ്പത്തിൽ 50,000-ലധികം ആളുകൾ കൊല്ലപ്പെട്ടു, 2023-ലെ ഏറ്റവും ഭീകരമായ ഭൂകമ്പ ദുരന്തം.",7.8 മാഗ്‌നിറ്റ്യൂഡ് ഭൂകമ്പം 10 ടർക്കിഷ് പ്രദേശം ബാധിക്കുകയും 1.9 ദശലക്ഷം ആളുകൾ ഗൃഹഹീനർ ആകുകയും ചെയ്തു.,BBC,https://www.bbc.com/news/world-europe-64568818,,,Malayalam,,,,,,,Supported,,,,"ഒന്നിലധികം സ്രോതസ്സുകൾ (BBC, Al Jazeera, France24) 2023 ഫെബ്രുവരി ടർക്കിയ-സിറിയ ഭൂകമ്പത്തിൽ മരണസംഖ്യ 50,000 കടന്നതായി സ്ഥിരീകരിക്കുന്നു (അന്തിമ ഔദ്യോഗിക കണക്ക് ഏകദേശം 59,000 വരെ ഉയർന്നു) — ക്ലെയിം ശരിയാണ്. എന്നാൽ എവിഡൻസിലെ '1.9 ദശലക്ഷം ഭവനരഹിതർ' എന്ന കണക്ക് UNDP-യുടെ ഏകദേശം 1.5 ദശലക്ഷം എന്ന കണക്കിനെക്കാൾ അല്പം കൂടുതലാണ് — ചെറിയൊരു അപൊരുത്തം, എന്നാൽ പ്രധാന ക്ലെയിമിനെ ബാധിക്കുന്നില്ല.",,,,,,
टेस्ला कम्पनीका सिइओ एलन मस्कले १० हजार डलर पर्ने स्वचालित मोटर होम सार्वजनिक गर्ने घोषणा गरे।,"नझुक्किनुस्, एलन मस्कले १० हजार डलर पर्ने स्वचालित मोटर होम बनाउन लागेका हैनन् - Nepal Factcheck ☰ होम हाम्रो बारे मिथ्या सूचना के हो? हाम्रो वर्गीकरणको अर्थ मिथ्या सूचना: के गर्ने? FAQs तथ्यजाँच अनुरोध × होम हाम्रो बारे मिथ्या सूचना के हो? हाम्रो वर्गीकरणको अर्थ मिथ्या सूचना: के गर्ने? FAQs तथ्यजाँच अनुरोध तथ्यजाँच मिथ्या सूचना वागमती सम्बन्धित प्रदेश नझुक्किनुस्, एलन मस्कले १० हजार डलर पर्ने स्वचालित मोटर होम बनाउन लागेका हैनन् Home तथ्यजाँच मिथ्या सूचना सागर बुढाथोकी मंसिर २४, २०८१ नझुक्किनुस्, एलन मस्कले १० हजार डलर पर्ने स्वचालित मोटर होम बनाउन लागेका हैनन् ‘टेस्ला कम्पनीका सिइओ एलन मस्कले १० हजार डलर पर्ने स्वचालित मोटर होम सार्वजनिक गर्ने’ दावी गरिएको एउटा पोस्ट सामाजिक सञ्जाल फेसबुकमा फैलिएको छ। तर, हाम्रो तथ्यजाँचले यो दावी मिथ्या रहेको ठहर गरेको छ। मस्कले यस्तो कुनै घोषणा गरेका छैनन्। के छ दावी ? १२ हजार फलोअर्स रहेको शंकर जनाला नामको फेसबुक पेजमा डिसेम्बर १ मा ‘Elon Musk: “I Am Releasing $10,000 Tesla Autonomous Mobile Home Today!”’ शीर्षकसहित एक पोस्ट गरिएको छ। फोटोमा एलन मस्कका दुई तस्बिरहरूका पृष्ठभूमिमा दुई फरक प्रकारका गाडीजस्तै देखिने संरचना (मोटर होम) समावेश गरिएका छन्। उक्त पोस्टमा ‘एलन मस्कले १० हजार डलर पर्ने स्वचालित टेस्ला मोटर होम आजै सार्वजानिक गर्ने’ लेखिएको छ। हेर्नुस् स्क्रिनसट। अर्काइभ लिंक यो तथ्यजाँच तयार गर्दासम्म उक्त पोस्टमा ४० वटा कमेन्ट छ भने १३ पटक सेयर गरिएको छ। तथ्य के हो ? यो विषयमा तथ्यजाँच गर्नका लागि हामीले टेस्ला कम्पनीको आधिकारिक वेबसाइटमा यस्तो प्रोडक्ट बनाउन लागेको छ/छैन भनेर हेर्‍यौँ। तर उक्त वेबसाइटमा यस्तो प्रोडक्ट सूचिमा राखेको भेटेनौँ। यो विषयमा थप बुझ्नका लागि हामीले गुगलमा ‘Elon Musk, $10000, Motor Home’ कीवर्ड राखेर सर्च गर्‍यौँ। सो क्रममा पोलिटी फ्याक्ट नामक फ्याक्टचेकिङ संस्थाले नोभेम्बर २७ मा ‘No, Elon Musk did not announce a Tesla motor home’ शीर्षकमा प्रकाशित गरेको तथ्यजाँच फेला पार्‍यौँ। उक्त तथ्यजाँच अनुसार टेस्लाको सिइओ मस्कले ‘टेस्ला स्वचालित मोटर होम’ सार्वजानिक गर्ने घोषणा गरेका छैनन्। हेर्नुस् स्क्रिनसट उक्त संस्थाले नोभेम्बर ८ मा पनि ‘Claims that Elon Musk is launching a low-cost house lack evidence",NepalFactCheck.org,https://nepalfactcheck.org/2024/12/elon-musk-tesla-10k-autonomous-mobile-home-fact-check/,,"यो दावी मिथ्या हो। एलन मस्कले यस्तो कुनै स्वचालित मोटर होम बनाउने घोषणा गरेका छैनन्। टेस्ला कम्पनीको आधिकारिक वेबसाइट र विश्वसनीय समाचार स्रोतहरूमा यो विषय उल्लेख छैन। पोलिटीफ्याक्ट र स्नुप्सजस्ता तथ्यजाँच संस्थाहरूले पनि यस्ता दावीहरूलाई असत्य ठहर गरेका छन्। त्यसैले, शंकर जनलाको दावी मिथ्या हो।",Nepali,,,,,,,,,REFUTES,,,,finance_investment,,,,
معاشی بحران کا اصل حل عوام کی قربانیوں میں نہیں ہے.,مضمون میں بتایا گیا ہے کہ معیشتیں عوامی قربانیوں سے نہیں بلکہ دانشمندانہ پالیسیوں، شفاف حکمرانی، انصاف پر مبنی نظام اور قومی اعتماد سے مضبوط ہوتی ہیں۔ یہ حقیقت کہ عام شہری معیشت کی کمزوری کے ذمہ دار نہیں ہیں، اس بات کی تصدیق کرتی ہے کہ عوام کی قربانی اصل حل نہیں ہے۔,Inquilab (Urdu) - انقلاب، ممبئی,https://www.inquilab.com/features/articles/sunday-magazine-is-economic-crisis-facing-indian-society-a-major-or-intellectual-crisis-99753,,یہ مضمون عوامی قربانیوں کو حل کے طور پر مسترد کرتا ہے اور حکومت کی پالیسیاں مسئلے کی اصل وجہ قرار دیتا ہے، جو دعویٰ کی تردید کرتا ہے.,Urdu,,,,,,,,,Not Supported,,,,,,,,
सरकार ने 2025 में एकीकृत पेंशन योजना (UPS) के तहत 25 साल की न्यूनतम सेवा पर 50% गारंटीकृत पेंशन का प्रावधान रखा।,केंद्रीय मंत्रिमंडल द्वारा स्वीकृत यूपीएस ढांचे के तहत पात्र सरकारी कर्मचारियों को अंतिम 12 महीनों के औसत मूल वेतन का 50% पेंशन के रूप में देने का प्रावधान है।,Ministry of Finance,https://www.pib.gov.in,,वित्त मंत्रालय का आधिकारिक नीतिगत ढांचा इस दावे की पुष्टि करता है।,Hindi,,,,,,,,,,Supported,,,,,,,
افغانستان میں حالیہ بم دھماکوں کے نتیجے میں کوئی حکومتی عہدیدار ہلاک نہیں ہوا۔,خبر میں یہ ذکر ہے کہ دھماکے کے دوران مولوی مجیب الرحمن جاں بحق ہوگئے ہیں، جو ایک معروف عالم دین تھے۔ اس کے علاوہ، سابق صدر حامد کرزائی اور عبداللہ عبداللہ نے دھماکے کی مذمت کی ہے، جس سے یہ ظاہر ہوتا ہے کہ حکومتی عہدیدار متاثر ہوئے ہیں۔,The Siasat Daily (Urdu) - سیاست ڈیلی، حیدرآباد,https://urdu.siasat.com/news/%d8%a7%d9%81%d8%ba%d8%a7%d9%86%d8%b3%d8%aa%d8%a7%d9%86-%da%a9%db%92-%db%81%db%8c%d8%b1%d8%a7%d8%aa-%da%a9%db%8c-%d9%85%d8%b3%d8%ac%d8%af-%d9%85%db%8c%da%ba-%d9%be%db%8c%d8%b4-%d8%a7%d8%a6%db%92-%d8%a8-1405398/,,دھماکے میں مولوی مجیب الرحمن کی ہلاکت نے یہ واضح کیا کہ حکومتی عہدیدار متاثر ہوئے ہیں، لہذا دعویٰ مسترد ہے۔,Urdu,,,,,,,,,Not Supported,,,,,,,,
మక్కా మసీదు బ్లాస్ట్‌లో అభియోగాలు మోపిన అయిదుగురూ నిర్దోషులు.,ఎన్‌ఐఎ కోర్టు ప్రాసిక్యూషన్ ఆరోపణలు నిరూపించలేకపోయిందని అందరినీ విడుదల చేసింది.,Telugu360,https://www.telugu360.com/all-5-accused-in-makkah-masjid-blast-acquitted/,,,Telugu,,,,,,,,,Supported,,,,,,,,
జలుబు ఉన్నప్పుడు విటమిన్ C తీసుకుంటే జలుబు పూర్తిగా నయం అవుతుంది.,విటమిన్ C జలుబు వ్యవధిని కొద్దిగా తగ్గించవచ్చు కానీ పూర్తిగా నయం చేయదు.,NCCIH,https://www.nccih.nih.gov/health/vitamin-c,,,Telugu,,,,,,,,,,,,,,,,Not Supported,Not Supported
बैक्टीरियल मेनिनजाइटिस से बचने वालों में लंबे समय तक सुनने की हानि हो सकती है।,डब्ल्यूएचओ के अनुसार बैक्टीरियल मेनिनजाइटिस से बचने वाले कुछ लोगों में सुनने की हानि सहित दीर्घकालिक प्रभाव हो सकते हैं।,World Health Organization (WHO),https://www.who.int/news-room/fact-sheets/detail/meningitis,SUPPORTED,WHO सुनने की हानि को दीर्घकालिक परिणामों में शामिल करता है।,Hindi,,,,,,,,,,,,,,,,,
2025-ൽ ഇന്ത്യൻ ബോക്സ് ഓഫീസ് ചരിത്രത്തിലാദ്യമായി 1.48 ബില്യൺ ഡോളർ കടന്ന് റെക്കോർഡ് സ്ഥാപിച്ചു.,2026-ൽ 37 ചിത്രങ്ങൾ 110 മില്യൺ ഡോളർ കടന്നപ്പോൾ 2024-ൽ ഇത് 22 ചിത്രങ്ങൾ മാത്രമായിരുന്നു.,Deadline,,,"ഇന്ത്യൻ ബോക്സ് ഓഫീസ് 2025-ൽ 1.48 ബില്യൺ ഡോളർ കടന്ന് റെക്കോർഡ് സ്ഥാപിച്ചെന്നും, 2026-ൽ 37 ചിത്രങ്ങൾ 110 മില്യൺ ഡോളറിലധികം നേടിയപ്പോൾ 2024-ൽ ഇത് 22 ചിത്രങ്ങൾ മാത്രമായിരുന്നെന്നും Deadline സ്ഥിരീകരിക്കുന്നു.",Malayalam,,,,,,,,,Supported,,,https://deadline.com/2026/01/indian-box-office-2025-dhurandhar-kantara-chhaava-1236683900/,,,,,
മേഗൻ ഫോക്സും മെഷീൻ ഗൺ കെല്ലിയും കുഞ്ഞിന്റെ ജനനത്തിന് ശേഷം തങ്ങളുടെ ബന്ധം തുടരുന്നുണ്ടോ എന്ന് വ്യക്തമല്ല.,"ബന്ധത്തിലെ പ്രശ്നങ്ങളെക്കുറിച്ചുള്ള റിപ്പോർട്ടുകൾക്കിടയിലാണ് കുഞ്ഞ് ജനിച്ചതെന്ന് മാത്രമേ റിപ്പോർട്ടുള്ളൂ, നിലവിലെ ബന്ധനിലയെക്കുറിച്ച് വ്യക്തതയില്ല.",Swooon,,,"മേഗൻ ഫോക്സും മെഷീൻ ഗൺ കെല്ലിയും കുഞ്ഞ് ജനിച്ചതിന് (2025 മാർച്ച്) ശേഷം റൊമാന്റിക് ബന്ധം പുനരാരംഭിച്ചിട്ടില്ലെന്നും ഇപ്പോൾ കോ-പേരന്റിങ്ങിൽ മാത്രം ഒതുങ്ങിയെന്നും 2026 ജനുവരിയിൽ People, Yahoo സ്ഥിരീകരിക്കുന്നു; അതിനാൽ ബന്ധനില വ്യക്തമല്ലെന്നത് ഇപ്പോൾ ശരിയല്ല.",Malayalam,,,,,,,,,Not Supported,,,https://www.swooon.com/gallery/celebrity-pregnancy-announcements-baby-births-2025/,,,,,
हुम्लाबाट रास्वपाकी उम्मेदवार टासी ल्हान्जोमले ‘म कांग्रेसको उम्मेदवार’ भनेर बोलेको दावीसहितको भिडिओ।,"टासी ल्हान्जोमले ‘म कांग्रेसको उम्मेदवार’ भनेको भिडियो यसकारण भ्रामक - Nepal Factcheck ☰ होम हाम्रो बारे मिथ्या सूचना के हो? हाम्रो वर्गीकरणको अर्थ मिथ्या सूचना: के गर्ने? FAQs तथ्यजाँच अनुरोध × होम हाम्रो बारे मिथ्या सूचना के हो? हाम्रो वर्गीकरणको अर्थ मिथ्या सूचना: के गर्ने? FAQs तथ्यजाँच अनुरोध तथ्यजाँच कर्णाली भ्रामक सूचना टासी ल्हान्जोमले ‘म कांग्रेसको उम्मेदवार’ भनेको भिडियो यसकारण भ्रामक Home तथ्यजाँच भ्रामक सूचना टेकमान शाक्य फाल्गुन १४, २०८२ टासी ल्हान्जोमले ‘म कांग्रेसको उम्मेदवार’ भनेको भिडियो यसकारण भ्रामक प्रतिनिधिसभा सदस्य निर्वाचनका लागि हुम्लाबाट रास्वपा उम्मेदवार टासी ल्हान्जोमले ‘म कांग्रेसको उम्मेदवार’ भनेर बोलेको दावीसहितको भिडिओ सामाजिक सञ्जालमा फैलिएको छ। तर, हामीले गरेको तथ्य जाँचमा पूरा भिडियोबाट अंशमात्र काटेर सन्दर्भविहीन रूपमा भ्रामक बनाई प्रस्तुत गरिएको भेटिएको छ। के हो दावी ? ७९ हजार फलोअर्स रहेको जनता मिडिया नामक फेसबुक पेजमा बुधवार (२०२६ को फेब्रुअरी २५) को दिन प्रतिनिधिसभा सदस्य निर्वाचनका लागि हुम्लाबाट रास्वपा उम्मेदवार टासी ल्हान्जोमले बोल्दै गरेको एउटा क्लिपलाई समावेश गरेर १ मिनेट १६ सेकेन्डको भिडिओ अपलोड भएको छ। भिडिओमा टासीले भनेकी छिन्, ‘सम्पूर्णलाई नमस्ते है म टासी ल्हान्जोम, र म हाल कांग्रेसको उम्मेदवार हुम्लाबाट….।’ त्यसपछि भिडिओमा न्यारेटरले टासीले आफू कुन पार्टीको उम्मेदवार हुँ भन्ने सामान्य हेक्कासमेत नराखेको भनेको सुनिन्छ। बुधबार राति यो तथ्य जाँच गर्ने समयसम्म जनता मिडियाको पोष्टमा ८ सय ४२ पटक रियाक्ट भएको छ भने १४५ पटक कमेन्ट गरिएको छ। ९४ पटक सेयर गरिएको भिडियो ४४ हजार पटक हेरिएको छ । हेर्नुहोस् जनता मिडियाले गरेको भिडिओ पोष्टको स्क्रिनरेकर्ड https://nepalfactcheck.org/wp-content/uploads/2026/02/tashi-final.mp4 पोष्टको ओरिजिनल लिंक यहाँ छ , अर्काइभ लिंक यहाँ छ , अर्काइभ भिडिओ यहाँ छ । पत्रकार सुमन ढुंगानाले पनि ५ सेकेन्डको भिडिओ पोष्ट गर्दै घण्टीको टोपी लगाएर कांग्रेसको उम्मेदवार भन्दै रास्वपा उम्मेदवार टासी ल्हान्जोमले भोट माग्दै गरेको दावी भनेका छन्। उनको पोष्टमा यो तथ्य जाँच गर्ने समयसम्ममा ३३ पटक सेयर भएको छ भने ६ हजार पटकभन्दा धेरै भिडिओलाई हेरिएको छ । पत्रकार सुमन ढुंगानाको पोष्टको ओरिजिनल लिंक यहाँ छ भने भिडिओको",NepalFactCheck.org,https://nepalfactcheck.org/2026/02/tashi-lhazoms-speech/,,"भारत-पाकिस्तान युद्ध बारे प्रधानमन्त्री ओलीले के भनेका हुन् ? बैशाख ३०, २०८२ यसमा प्रकाशित सबै सामग्री CC BY 4.0 अन्तर्गत छन्। यसलाई NepalFactCheck.org भनेर स्रोत खोलेर पूर्ण वा आशय फरक नपर्ने गरी सम्पादन गरी पुन: प्रकाशन गर्न पाइन्छ। ×",Nepali,,,,,,,,,REFUTES,,,,politics_elections,,,,
امام عبد اللہ بن مبارک نے ایک بوڑھی خاتون سے ملاقات کے دوران ان کے علم و فہم کی تعریف کی۔,امام عبد اللہ بن مبارک کے سوالات کے جواب میں خاتون نے قرآن کی آیات کا حوالہ دیا اور گفتگو میں ان کی مہارت کا مظاہرہ کیا۔ تاہم، ابن مبارک نے خاتون سے ان کے قبیلے کا پوچھا تو خاتون نے ناگواری کا اظہار کیا۔,Inquilab (Urdu) - انقلاب، ممبئی,https://www.inquilab.com/blog/articles/editors-pick-our-relationship-with-the-holy-quran-51212,,خاتون نے اپنے علم کا مظاہرہ کیا اور امام کی بعض باتوں پر ناپسندیدگی دکھائی، اس لیے یہ دعویٰ اس مضمون کی تفصیلات سے متعارف نہیں ہوتا بلکہ اس کی تردید کرتا ہے۔,Urdu,,,,,,,,,Not Supported,,,,,,,,
చలి వాతావరణం వల్ల మాత్రమే జలుబు వస్తుంది.,జలుబు వైరస్ వల్ల వస్తుంది.,CDC,https://www.cdc.gov/common-cold,,,Telugu,,,,,,,,,,,,,,,,Not Supported,Not Supported
ബ്രാഡ് പിറ്റും ആഞ്ജലീന ജോളിയും തമ്മിലുള്ള വിവാഹമോചനം 2024 ഡിസംബറിൽ എട്ട് വർഷത്തെ നിയമനടപടികൾക്കൊടുവിൽ അന്തിമമായി.,ആറ് മക്കളുള്ള ഇരുവരുടെയും വിവാഹമോചന കേസ് ദീർഘകാലം കോടതിയിൽ തുടർന്നിരുന്നു.,HELLO! Magazine,,,"ബ്രാഡ് പിറ്റും ആഞ്ജലീന ജോളിയും തമ്മിലുള്ള വിവാഹമോചനം 2024 ഡിസംബർ 30-ന് അന്തിമമായി ഒപ്പുവച്ചെന്നും, 2016-ൽ ജോളി ആദ്യമായി അപേക്ഷ നൽകിയശേഷം എട്ട് വർഷത്തിലധികം നീണ്ട നിയമനടപടികൾക്കൊടുവിലാണ് ഇത് സംഭവിച്ചതെന്നും TMZ, People, Fox News എന്നിവ സ്ഥിരീകരിക്കുന്നു. അവകാശവാദം പിന്തുണയ്ക്കപ്പെടുന്നു.",Malayalam,,,,,,,,,Supported,,,https://www.hellomagazine.com/tags/celebrity-break-ups/,,,,,
लद्दाख के हनले में पहला 'डार्क स्काई रिजर्व' स्थापित।,चांगथांग वन्यजीव अभयारण्य का हिस्सा।,DST/UT of Ladakh,,,,Hindi,,,,https://pib.gov.in/PressReleasePage.aspx?PRID=1866730,Supported,विज्ञान मंत्रालय से पुष्ट।,,,,,,,,,,,
والدین کی محنت اور رہنمائی بچوں کی کامیابی میں اہم کردار ادا کرتی ہے。,مضمون میں بیان کیا گیا ہے کہ راؤل کی کامیابی کا سہرا اس کے والدین کی محنت اور رہنمائی کے سر ہے۔ انہوں نے اس کی صلاحیتوں کو سمجھا اور اس کی مناسب تربیت کی، جس نے اسے اپنی مہارتوں میں کامیابی دلائی۔,Inquilab (Urdu) - انقلاب، ممبئی,https://www.inquilab.com/features/articles/inquilab-opinion-badil-chka-hay-zamana-badilye-apana-tariq-99652,,یہی وجہ ہے کہ مضمون میں والدین کی اہمیت کے بارے میں وضاحت کی گئی ہے، جو دعوے کی تصدیق کرتا ہے۔,Urdu,,,,,,,,,Supported,,,,,,,,
ब्लैक कोहोश रजोनिवृत्ति के सभी लक्षणों में प्रभावी है।,एनसीसीआईएच के अनुसार ब्लैक कोहोश पर रजोनिवृत्ति लक्षणों के अध्ययन के परिणाम मिश्रित रहे हैं।,National Center for Complementary and Integrative Health (NCCIH),https://www.nccih.nih.gov/health/black-cohosh,NOT ENOUGH INFORMATION,मिश्रित परिणाम व्यापक प्रभावशीलता स्थापित नहीं करते।,Hindi,,,,,,,,,,,,,,,,,
అన్ని మూలికలు పూర్తిగా సురక్షితం.,కొన్ని మూలికలు మందులతో పరస్పర చర్యలు కలిగిస్తాయి.,NCCIH,https://www.nccih.nih.gov,,,Telugu,,,,,,,,,,,,,,,,Not Supported,Not Supported
برگد جنگل کے باسیوں کے لیے ایک محفوظ پناہ گاہ ہے۔,برگد کا گھنا درخت جنگل کے باسیوں کے لیے ایک پناہ گاہ ہے جہاں وہ امن کے ساتھ رہتے ہیں۔ جنگل کے باسی اس درخت کی چھاؤں میں پناہ لیتے ہیں کیونکہ یہاں جنگل راج نہیں ہے۔,Inquilab (Urdu) - انقلاب، ممبئی,https://www.inquilab.com/features/articles/bargazidah-bargad-98848,,یہ ثبوت دعوے کی تصدیق کرتا ہے کیونکہ مضمون میں کہا گیا ہے کہ جنگل کے باسی برگد کی چھاؤں میں امن سے رہتے ہیں۔,Urdu,,,,,,,,,Supported,,,,,,,,
మొఘలులు కేవలం హిందువులను వేధించడానికే వచ్చారు.,మొఘల్‌లు రాజులుగా పాలించారు. భిన్న మతాల ప్రజలతో రాజ్యం ఉండేది.,BBC News తెలుగు,https://www.bbc.com/telugu/articles/cy9033yvx7jo,,,Telugu,,,,,,,,,Not Supported,,,,,,,,
పండ్లలో ఉండే ఫైబర్ జీర్ణక్రియకు సహాయపడుతుంది.,ఫైబర్ మలబద్ధకాన్ని తగ్గించడంలో సహాయపడుతుంది.,NIDDK,https://www.niddk.nih.gov/health-information/liver-disease/nafld-nash,,,Telugu,,,,,,,,,,,,,,,,Supported,Supported
కాలేయ ఆరోగ్యానికి మద్యపానం తగ్గించడం మంచిది.,మద్యపానం కాలేయాన్ని దెబ్బతీస్తుంది.,NIAAA,https://www.niaaa.nih.gov,,,Telugu,,,,,,,,,,,,,,,,Supported,Supported
حکومت کی جانب سے طلبہ مظاہرین کے ساتھ زیادتی کے واقعات پر غیر جانبدارانہ جانچ کی ضرورت ہے۔,مضمون میں ذکر کیا گیا ہے کہ ۲۰ جولائی کو دہلی پولیس نے طاقت کا استعمال کیا تھا جس کے نتیجے میں طلبہ اور مظاہرین پر زیادتی ہوئی۔ متاثرین کے ساتھ انصاف کے لئے غیر جانبدار جانچ کی ضرورت پر زور دیا گیا ہے۔,Inquilab (Urdu) - انقلاب، ممبئی,https://www.inquilab.com/features/editorial,,مضمون میں واضح طور پر یہ کہا گیا ہے کہ مظاہرین کے ساتھ زیادتی کے واقعات کی جانچ ہونی چاہئے، جو دعوے کی حمایت کرتا ہے۔,Urdu,,,,,,,,,Supported,,,,,,,,
సోషల్ మీడియాలో నకిలీ ఫొటోలు వ్యాప్తి చెందుతున్నాయి.,కంచ గచ్చిబౌలి భూముల్లో ఏఐ నకిలీ వీడియోలు పోస్ట్ అయ్యాయి.,Andhra Jyothi,https://www.andhrajyothy.com/2025/telangana/fake-photos-and-videos-spreading-on-social-media-1390833.html,,,Telugu,,,,,,,,,Supported,,,,,,,,
ٹی آر ایس نے راجیہ سبھا کے انتخابات کے لئے مشہور اداکار پرکاش راج کو نامزد کیا ہے۔,حقیقت میں، ٹی آر ایس نے پرکاش راج کا نام نامزد نہیں کیا، جبکہ دیگر تین امیدواروں کا اعلان کیا گیا ہے۔ یہ تردید مخصوص طور پر کی گئی ہے کہ پرکاش راج کو انتخابی منصوبوں کے لئے اہم سمجھا جاتا ہے لیکن انہیں منتخب نہیں کیا گیا۔,Munsif Daily (Urdu) - منصف ڈیلی، حیدرآباد,https://munsifdaily.com/trs-names-industrialists-as-its-rajya-sabha-candidates/,,یہ ثبوت اس دعوے کی تردید کرتا ہے کہ پرکاش راج کو نامزد کیا گیا ہے، کیونکہ مضمون میں کہا گیا ہے کہ ان کا نام شامل نہیں کیا گیا۔,Urdu,,,,,,,,,Not Supported,,,,,,,,
बजट में राजकोषीय घाटा GDP का 6.4% अनुमानित।,बजट भाषण में स्पष्ट आंकड़ा।,Ministry of Finance,,,,Hindi,,,,https://www.indiabudget.gov.in/doc/bspeech/bs202223.pdf,Supported,बजट दस्तावेज़ से सत्यापित।,,,,,,,,,,,
പിന്നണി ഗായകൻ പി ജയചന്ദ്രൻ 2025 ജനുവരി 9-ന് 80-ാം വയസ്സിൽ അന്തരിച്ചു.,"തൃശൂരിലെ ഒരു സ്വകാര്യ ആശുപത്രിയിൽ വെച്ചാണ് അദ്ദേഹം അന്ത്യശ്വാസം വലിച്ചത്, ദക്ഷിണേന്ത്യൻ സിനിമയിലെ എക്കാലത്തെയും മികച്ച ശബ്ദങ്ങളിലൊന്നായിരുന്നു അദ്ദേഹത്തിന്റേത്.",Filmibeat,,,"പി ജയചന്ദ്രൻ 2025 ജനുവരി 9-ന്, 80-ാം വയസ്സിൽ തൃശൂരിലെ സ്വകാര്യ ആശുപത്രിയിൽ വെച്ച് അന്തരിച്ചെന്ന് Filmibeat സ്ഥിരീകരിക്കുന്നു.",Malayalam,,,,,,,,,Supported,,,https://www.filmibeat.com/top-listing/malayalam-celebrities-who-died-in-2025-4-6492.html,,,,,
ఆదాయపు పన్ను రిటర్న్ (ITR) ఆలస్యంగా దాఖలు చేస్తే పన్ను చెల్లింపుదారులకు తక్షణ జైలు శిక్ష పడుతుంది.,ఐటిఆర్ ఆలస్యానికి ఆలస్య రుసుము (Late fee) మరియు వడ్డీ మాత్రమే విధిస్తారు; తక్షణ జైలు శిక్ష వర్తించదు.,Income Tax Dept,https://www.incometax.gov.in,,,Telugu,,,,,,,Not Supported,,,,,,,,,,
ఏప్రిల్ 1 నుండి దేశవ్యాప్తంగా డెబిట్ కార్డుల వాడకాన్ని ఆఆర్‌బీఐ నిషేధించింది.,డెబిట్ కార్డులు యథావిధిగా పనిచేస్తాయి; నిషేధ వార్తలు కల్పితం.,RBI / PIB Fact Check,https://factcheck.pib.gov.in,,,Telugu,,,,,,,Not Supported,,,,,,,,,,
"RBI ग्राहकों को OTP, PIN और CVV किसी के साथ साझा न करने की सलाह देता है।",RBI की जागरूकता सामग्री इन जानकारियों को गोपनीय रखने की सलाह देती है।,Reserve Bank of India (RBI),https://www.rbi.org.in/commonman/English/scripts/Notification.aspx?Id=1202,,उपलब्ध आधिकारिक SEBI दस्तावेज़ों में इस दावे के समर्थन में कोई स्पष्ट प्रमाण उपलब्ध नहीं है।,Hindi,,,,,,,,,,Supported,,,,,,,
ਪ੍ਰਸਿੱਧ ਅਦਾਕਾਰ ਗੁਰਨਾਮ ਭੁੱਲਰ ਨੂੰ ਬਾਲੀਵੁੱਡ ਫਿਲਮ ਲਈ ਸਾਈਨ ਕੀਤਾ ਗਿਆ ਹੈ।,ਪ੍ਰੋਡਕਸ਼ਨ ਹਾਊਸ ਨੇ ਪ੍ਰੈਸ ਨੋਟ ਜਾਰੀ ਕਰਕੇ ਗੁਰਨਾਮ ਭੁੱਲਰ ਦੇ ਇਸ ਪ੍ਰੋਜੈਕਟ ਵਿੱਚ ਸ਼ਾਮਲ ਹੋਣ ਦੀ ਪੁਸ਼ਟੀ ਕੀਤੀ ਹੈ।,PTC News,https://www.ptcnews.tv/?id=10025,,,Punjab,,,,,,,,,,,,,,Supported,,,
रास्वपाका वरिष्ठ नेता एवम् झापा ५ का उम्मेदवार बालेन शाहविरुद्ध काठमाडौंमा हालसालै नाराबाजी भएको दाबीसहितको भिडियो।,"चुनावी माहौलमा बालेनविरोधी नाराबाजी? नझुक्किनुस्, भिडियो चार वर्ष पुरानो हो - Nepal Factcheck ☰ होम हाम्रो बारे मिथ्या सूचना के हो? हाम्रो वर्गीकरणको अर्थ मिथ्या सूचना: के गर्ने? FAQs तथ्यजाँच अनुरोध × होम हाम्रो बारे मिथ्या सूचना के हो? हाम्रो वर्गीकरणको अर्थ मिथ्या सूचना: के गर्ने? FAQs तथ्यजाँच अनुरोध तथ्यजाँच भ्रामक सूचना वागमती सम्बन्धित प्रदेश चुनावी माहौलमा बालेनविरोधी नाराबाजी? नझुक्किनुस्, भिडियो चार वर्ष पुरानो हो Home तथ्यजाँच भ्रामक सूचना टेकमान शाक्य माघ २३, २०८२ चुनावी माहौलमा बालेनविरोधी नाराबाजी? नझुक्किनुस्, भिडियो चार वर्ष पुरानो हो फागुन २१ गतेका लागि तोकिएको प्रतिनिधिसभा सदस्यको चुनाव नजिकिँदै गर्दा रास्वपाका वरिष्ठ नेता एवम् झापा ५ का उम्मेदवार बालेन शाहविरुद्ध हालै काठमाडौंमा नाराबाजी भएको दावीसहितको भिडिओ सामाजिक सञ्जालमा भाइरल छ। तर हामीले गरेको तथ्य जाँचमा बालेनविरुद्धको यो नाराबाजी अहिलेको नभई चार वर्ष पुरानो (सन् २०२२) को भएको पुष्टि भएको छ। के हो दावी ? १५ हजार फलोअर्स भएको अनिल झा नाम गरेका फेसबुक प्रयोगकर्ताले यही आइतबार (२०२६ को फेब्रुअरी १) को दिन एउटा भिडियो राखेका छन्। भिडियोमा आन्दोलनकारीले बालेनविरुद्ध चर्का नाराबाजी गरेको सुनिन्छ। भिडियोमा यो नाराबाजी आज ( अपलोड भएको दिन- फेब्रुअरी १) मा काठमाडौंमा भएको दाबीसहितको अक्षर लेखेको पढ्न सकिन्छ। यो तथ्य जाँच गर्ने समयसम्ममा भिडियोमा १ हजार ४ सय रियाक्ट आएको छ भने २५२ कमेन्ट र ३७१ सेयर भएको छ भने ८० हजार जनाले हेरेका छन्। हेर्नुहोस् अनिल झाले गरेको पोष्टको स्क्रिन रेकर्ड https://nepalfactcheck.org/wp-content/uploads/2026/02/anil-jha.mp4 भिडिओको ओरिजिनल लिंक यहाँ छ भने अर्काइभ लिंक यहाँ छ । के हो तथ्य ? यो भिडियोको तथ्य जाँचका लागि हामीले एउटा फ्रेम निकालेर गुगल रिभर्स इमेज सर्च गर्दा भिडियोको मुख्य स्रोतसम्म पुग्न सकेनौँ। त्यसपछि हामीले भिडियोको ब्याग्राउन्डलाई अलि राम्रोसँग नियाल्यौं । भिडियोमा पछाडि धुवाँको मुस्लो देखिन्छ भने अगाडि नाराबाजी भइरहेको छ। अगाडि नाराबाजी गरिरहेका व्यक्तिहरुको हुलियालाई पनि नियाल्यौं। हामीले काठमाडौंमा कबाडी व्यवसायीहरुले गरेको आन्दोलन वा थापाथलीमा भएको सुकुम्बासी बस्ती हटाउन खोज्दा भएको अनुमानमा थप खोज अगाडि बढायौँ। त्यसपछि हामीले ‘ महानगर प्रहरी र सुकुम्ब",NepalFactCheck.org,https://nepalfactcheck.org/2026/02/viral-video-claiming-anti-balen-protests-in-kathmandu-is-from-2022-not-recent/,,"भ्रामक सूचना। बालेन शाहविरुद्ध काठमाडौंमा नाराबाजी भएको विषय सत्य हो, तर अहिले हैन सन् २०२२ को नोभेम्बर २८ को दिन । त्यसबेला बालेन भर्खरै काठमाडौंको मेयर निर्वाचित भएका थिए । काठमाडौं महानगरले सुकुम्बासी बस्ती जबरजस्ती हटाउन खोज्दा महानगर प्रहरीसँग झडप भयो भने सुकुम्बासी बस्तीका बासिन्दा बालेनविरुद्ध नाराबाजीसहित ढुंगामुढा र आगजनीमा उत्रिएका थिए। सामाजिक सञ्जालमा कुनै फोटो, भिडियो वा पोस्ट देखेर शंका लाग्यो भने त्यसको लिङ्क हामीलाई ह्वाट्सएपमा पठाउन क्लिक गर्नुस् । , हामी सम्भव भएसम्म तथ्य जाँच गर्नेछौँ।",Nepali,,,,,,,,,REFUTES,,,,politics_elections,,,,
راجستھان میں چھ ایم ایل اے کی نااہلی کے مقدمے کی کوئی تازہ معلومات نہیں ہیں۔,مضمون میں چھ ایم ایل اے کی نااہلی کے حوالے سے 2020 میں دائر کردہ ایک درخواست کا ذکر ہے جو ابھی تک زیر التوا ہے۔ حالانکہ اس وقت کوئی تازہ ترین معلومات فراہم نہیں کی گئیں۔,Munsif Daily (Urdu) - منصف ڈیلی، حیدرآباد,https://munsifdaily.com/plea-in-sc-against-rajasthan-hc-order-on-rajya-sabha-election/,,مضمون میں چھ ایم ایل اے کی نااہلی کے معاملے کی حالیہ صورتحال پر کوئی وضاحت نہیں دی گئی، اس لیے دعویٰ کی تردید ہوتی ہے۔,Urdu,,,,,,,,,Not Supported,,,,,,,,
2015-ൽ ഫിഫ അഴിമതി കേസിൽ അമേരിക്ക ഒരു ഡസനിലധികം ഫിഫ ഉദ്യോഗസ്ഥർക്കെതിരെ അഴിമതി കുറ്റം ചുമത്തി.,"സൂറിച്ചിലെ ഒരു ഹോട്ടലിൽ നിന്ന് സ്വിസ് പോലീസ് നിരവധി മുതിർന്ന ഫിഫ ഉദ്യോഗസ്ഥരെ അറസ്റ്റ് ചെയ്തു, കോടിക്കണക്കിന് ഡോളറിന്‍റെ കോഴയും വഞ്ചനയും ആരോപിക്കപ്പെട്ടു.",Wikipedia (2015 FIFA corruption case),https://en.wikipedia.org/wiki/2015_FIFA_corruption_case,,,Malayalam,,,,,,,Supported,,,,"2015 FIFA അഴിമതി കേസ് വ്യാപകമായി രേഖപ്പെടുത്തിയ സംഭവമാണ് — സൂറിച്ചിലെ ബൗർ ഓ ലാക്ക് ഹോട്ടലിൽ നിന്ന് സ്വിസ് പോലീസ് 2015 മെയ് 27-ന് നിരവധി മുതിർന്ന FIFA ഉദ്യോഗസ്ഥരെ അറസ്റ്റ് ചെയ്തു, യുഎസ് നീതിന്യായ വകുപ്പ് 14-ലധികം പേർക്കെതിരെ അഴിമതി, വഞ്ചന കുറ്റങ്ങൾ ചുമത്തി. Wikipedia ലിങ്ക് നേരിട്ടുള്ളതും കൃത്യവുമാണ്.",,,,,,
چاول کے نقصان کے اسکینڈل میں ملوث افسران کے خلاف قانونی کارروائی کی گئی ہے۔,جموں و کشمیر کی پولیس کی کرائم برانچ نے چاول کی تقسیم کے اسکینڈل میں ملوث تین افسران کے خلاف عدالت میں چارج شیٹ دائر کی ہے۔ اس تحقیقات میں یہ ثابت ہوا کہ افسران نے بڑی مقدار میں چاول کی خوردبرد کی، جس سے ریاست کو مالی نقصان پہنچا۔,Munsif Daily (Urdu) - منصف ڈیلی، حیدرآباد,https://munsifdaily.com/jk-crime-branch-files-charge-sheet-in-rice-diversion-scam/,,مضمون میں صرف چارج شیٹ دائر کرنے کی معلومات فراہم کی گئی ہیں، مگر افسران کے خلاف کارروائی کے مکمل نتائج یا سزاؤں کا ذکر نہیں ہے۔,Urdu,,,,,,,,,Not Enough Information (NEI),,,,,,,,
اتراکھنڈ میں صرف 20 فیصد لوگوں کو کووڈ کی بوسٹر خوراک ملی ہے۔,حکومت اور محکمہ صحت کی کوششوں کے باوجود اتراکھنڈ میں 20 فیصد لوگوں کو بوسٹر خوراک مل سکی ہے۔ ریاست کی کل آبادی تقریباً 1.25 کروڑ ہے اور دونوں ڈوز لینے والوں میں یہ تناسب 20 فیصد ہے۔,The Siasat Daily (Urdu) - سیاست ڈیلی، حیدرآباد,https://urdu.siasat.com/news/%da%a9%d9%88%d8%b1%d9%88%d9%86%d8%a7-%d8%a7%d9%86%d9%81%db%8c%da%a9%d8%b4%d9%86-%d9%85%d8%b9%d9%85%d9%88%d9%84-%d9%be%d8%b1%d8%8c-%d9%b9%db%8c%da%a9%db%81-%d8%a7%d9%86%d8%af%d8%a7%d8%b2%db%8c-%da%a9-1405729/,,دستاویز میں بتایا گیا ہے کہ بوسٹر خوراک لینے والوں کی تعداد 20 فیصد ہے، جو دعوے کی مکمل تصدیق کرتا ہے۔,Urdu,,,,,,,,,Supported,,,,,,,,
COVID-19 వ్యాక్సిన్లు తీవ్రమైన అనారోగ్యాన్ని తగ్గిస్తాయి.,COVID-19 వ్యాక్సిన్లు తీవ్రమైన వ్యాధి మరియు మరణాలను తగ్గిస్తాయి.,WHO,https://www.who.int/emergencies/diseases/novel-coronavirus-2019,,,Telugu,,,,,,,,,,,,,,,,Supported,Supported
యూపీఐ ద్వారా జరిపే ప్రతి చెల్లింపుపై ప్రభుత్వం వినియోగదారుల నుండి రూ. 50 సర్వీస్ ఛార్జీ వసూలు చేస్తుంది.,సాధారణ వ్యక్తిగత యూపీఐ చెల్లింపులపై ఎలాంటి పన్ను లేదా ఛార్జీలు లేవు; ఇది తప్పుదోవ పట్టించే ప్రచారం.,NPCI / PIB Fact Check,https://factcheck.pib.gov.in,,,Telugu,,,,,,,Not Supported,,,,,,,,,,
भाइरल भएको भिडियोमा भएको भड्काउ भाषणको अडियो नेपालगञ्जमा भएको प्रदर्शनको हो।,"भड्किलो नाराको आवाज सम्पादन गरी थपिएको भिडियो नेपालगञ्जको भन्दै भाइरल - Nepal Factcheck ☰ होम हाम्रो बारे मिथ्या सूचना के हो? हाम्रो वर्गीकरणको अर्थ मिथ्या सूचना: के गर्ने? FAQs तथ्यजाँच अनुरोध × होम हाम्रो बारे मिथ्या सूचना के हो? हाम्रो वर्गीकरणको अर्थ मिथ्या सूचना: के गर्ने? FAQs तथ्यजाँच अनुरोध तथ्यजाँच भ्रामक सूचना लुम्बिनी सम्बन्धित प्रदेश भड्किलो नाराको आवाज सम्पादन गरी थपिएको भिडियो नेपालगञ्जको भन्दै भाइरल Home तथ्यजाँच भ्रामक सूचना उमेश श्रेष्ठ अशोज १६, २०८० भड्किलो नाराको आवाज सम्पादन गरी थपिएको भिडियो नेपालगञ्जको भन्दै भाइरल दुई समुदायबीच सामाजिक र धार्मिक सद्‍भाव भड्किने जोखिम बढेपछि नेपालगञ्जमा स्थानीय प्रशासनले मंगलबार कर्फ्यु आदेश जारी गरेको छ। बाँके जिल्ला प्रशासन कार्यालयका अनुसार सामाजिक सञ्जालमा निश्चित समुदायलाई लक्षित गरी लेखिएको भनिएको स्टायटसबाट विवाद सुरु भएको थियो। यसबीच सामाजिक सञ्जालमा भड्किलो आवाजसहितको एउटा भिडियो नेपालगञ्जमा लागेको नारा भएको दावी गर्दै भाइरल भइरहेको छ। तर हाम्रो तथ्य जाँचमा उक्त भिडियोमा भएको नाराको आवाज १२ वर्ष पुरानो भिडियोबाट लिइएको खुलेको छ। के छ भाइरल भिडियोमा ? एक्स (पुरानो नाम ट्विटर) मा आफूलाई भारतको कट्टर हिन्दू राष्ट्रवादी संस्था राष्ट्रिय स्वयंसेवक संघ (आरएसएस) को सदस्य रहेको उल्लेख गरेका पंकज दासले मंगलबार बिहान ९ बजेर २५ मिनेटमा गरेको पोस्टमा एउटा भिडियो रहेको छ। भिडियोमा नाराबाजी, आगजनी र विरोध प्रदर्शन गरिरहेका दृश्य छन्। पोस्टमा उनले नेपालगञ्जमा मुस्लिम समुदायले ‘सर तन से जुदा’ जस्तो हिंसात्मक नारा लगाएको, धार्मिक भावना भडकाउने भाषण गरेको दावी गरिएको छ। भिडियोको अडियोमा भाषण जस्तो सुनिने एक व्यक्तिको आक्रोशपूर्ण अभिव्यक्ति सुनिन्छ जसमा उनले पोस्टमा लेखे जस्तो नारा पनि सुनिन्छ। ६ घण्टामा यो तथ्य जाँचका लागि स्क्रिनसट लिँदासम्म यो पोस्ट ५ हजार ७ सयभन्दा बढी पटक हेरिएको छ भने २४ रिट्विट र ४१ लाइक देखिन्छ। त्यसैगरी १९ रिप्लाइहरु छन्। ट्विटरको स्क्रिनसट हेर्नुस् अर्काइभ लिङ्क। के हो तथ्य ? यो भिडियोमा लागेको नारालाई Gustakhe nabi ki ek saza र sir tan se juda कीवर्ड राखी फेसबुकमा सर्च गर्दा हामीले थुप्रै भिडियो भेट्टायौँ। भारतमा पनि यो नाराका कारण सद्‍भावमा असर परेको समाचारहरु हामीले गुगल गर्दा भेट्यौँ। गुगल स",NepalFactCheck.org,https://nepalfactcheck.org/2023/10/nepalgunj-viral-video/,,भ्रामक सूचना। पंकजले गरेको ट्विटमा उक्त भिडियोमा सुनिएको भड्काउ नारा नेपालगञ्जमै भएको प्रदर्शनको जस्तो दावी गरिएको छ। तर यो भिडियोमा प्रयोग गरिएको आवाज १२ वर्षअघि युट्युबमा अपलोड भएको सइद आफताब अलि कादरी चिस्टीको गीतबाट लिइएको हो।,Nepali,,,,,,,,,REFUTES,,,,religion_communal,,,,
2023-ൽ അമേരിക്കയിൽ മറ്റ് മിക്ക കുറ്റകൃത്യങ്ങളും കുറഞ്ഞപ്പോൾ വാഹന മോഷണം 12.6 ശതമാനം വർദ്ധിച്ചു.,മോഷണവും കവർച്ചയും കുറഞ്ഞെങ്കിലും വാഹന മോഷണത്തിൽ കാര്യമായ വർദ്ധനവുണ്ടായതായി എഫ്ബിഐ ഡാറ്റ കാണിക്കുന്നു.,FBI (via NPR),https://www.npr.org/2024/09/23/g-s1-24184/fbi-crime-data-2023,,,Malayalam,,,,,,,Supported,,,,FBI ഡേറ്റ (NPR വഴി) സ്ഥിരീകരിക്കുന്നു: 2023-ൽ മറ്റ് കുറ്റകൃത്യങ്ങൾ കുറഞ്ഞപ്പോൾ വാഹന മോഷണം ഗണ്യമായി ഉയർന്നു — ക്ലെയിം കൃത്യമാണ്.,,,,,,
"म साथीहरुलाई भन्न चाहन्छु, मास्क मात्रै लगाएर पर्याप्त हुँदैन। मास्कसँगै चश्मा पनि लगाउनु पर्छ। सबभन्दा बढी छिटो सर्ने मुखबाट, त्यसपछि दोस्रो आँखाबाट सर्छ त्यसपछि मात्र नाकबाट सर्छ। आँखाबाट झन् छिटो सर्छ। त्यसकारण चश्मा भरसक लगाउनु वाञ्छनीय हुन्छ।","कोरोना भाइरसबारे मुख्यमन्त्रीहरुलाई प्रधानमन्त्रीको प्रवचन, कति सही कति गलत? - Nepal Factcheck ☰ होम हाम्रो बारे मिथ्या सूचना के हो? हाम्रो वर्गीकरणको अर्थ मिथ्या सूचना: के गर्ने? FAQs तथ्यजाँच अनुरोध × होम हाम्रो बारे मिथ्या सूचना के हो? हाम्रो वर्गीकरणको अर्थ मिथ्या सूचना: के गर्ने? FAQs तथ्यजाँच अनुरोध तथ्यजाँच भ्रामक सूचना वागमती सम्बन्धित प्रदेश कोरोना भाइरसबारे मुख्यमन्त्रीहरुलाई प्रधानमन्त्रीको प्रवचन, कति सही कति गलत? Home तथ्यजाँच भ्रामक सूचना उमेश श्रेष्ठ बैशाख ६, २०७७ कोरोना भाइरसबारे मुख्यमन्त्रीहरुलाई प्रधानमन्त्रीको प्रवचन, कति सही कति गलत? अघिल्लो शनिबार अर्थात् चैत २९ गते प्रधानमन्त्री केपी ओलीले सातै प्रदेशका मुख्यमन्त्रीहरुसित सिंहदरबारस्थित एक्सन रुमबाट छलफल गरेका थिए। त्यतिबेलाको एउटा भिडियोको अंश अहिले सामाजिक सञ्जालमा चर्चाको विषय भएको छ। प्रधानमन्त्रीले मुख्यमन्त्रीहरुलाई कोरोना भाइरसबारे दिएको प्रवचन कति सही, कति गलत? हामीले फ्याक्टचेक गरेका छौँ। प्रधानमन्त्रीले भनेका छन्, भाइरस भनेको निर्जीव तत्व हो। यो निर्जीव तत्वमा जुन बोसो जस्तो फ्याट्टी तत्व हुन्छ, त्यसले त्यसलाई एउटा जीवित तत्वको रुपमा सक्रिय गराइदिन्छ।…भाइरस किन मार्न सकिँदैन भन्दा त्यो निर्जीव तत्व हो। त्यसकारण निर्जीव तत्वको अब यो गीता ज्ञानतिर जानु पर्ने खतरा हुन्छ। यो निर्जीव तत्व हो । त्यसकारण यसलाई मार्न सकिँदैन। जसको जीवन छैन, त्यसलाई कसरी मार्ने ? त्यसकारण यो मर्दैन। यसलाई सक्रिय पार्ने जुन एलिमेन्टहरु छन्, ती एलिमेन्टहरुलाई मेटाउने हो। तथ्य : भाइरस सजीव हो कि निर्जीव हो भन्नेबारेमा धेरैअघिदेखि बहस चलेको हो। तर प्रधानमन्त्रीको भनाइ सही हो- भाइरसहरुलाई निर्जीव नै मान्ने गरिन्छ। कसमस म्यागेजिन मा ह्वाइ भाइरसेस कन्सिडर्ड टु बी नन लिभिङ शीर्षकको लेखमा जेक पोर्टले लेखेका छन्, भाइरसहरुमा जीवनमा हुनुपर्ने धेरै विशेषता हुँदैन। तर सबैभन्दा डरलाग्दा र ज्यानमारा जस्तै इन्फ्लुएन्जा, इबोला, रेबिज, विफर जस्ता रोगहरुका लागि भाइरस नै जिम्मेवार हुन्छन्। एकदम छिटो फैलने, आफूलाई तीव्र गतिमा फैलाउन सक्ने र अरु जीवितलाई संक्रमित गर्न सक्ने भाइरस कसरी निर्जीव हुनसक्छ। कसरी सम्भव हुन्छ यस्तो? यो बहस भाइरसको नाम सन् १८९८ मा राखेदेखि नै भइरहेको उनले लेखेका छन्। साइन्टिफिक अमेरिकनमा प्रकाशित लेख अनुसार",NepalFactCheck.org,https://nepalfactcheck.org/2020/04/pm-about-corona/,,"प्रधानमन्त्रीको मास्क मात्र हैन चश्मा पनि लगाउनु पर्ने दावी सही हो। अमेरिकाको सेन्टर फर डिजिट कन्ट्रोल एन्ड प्रिभेन्सन (सीडीसी) ले कोरोना भाइरस संक्रमित व्यक्तिले खोक्दा वा हाछ्युँ गर्दा निस्कने छिटा नाक, मुख वा आँखाबाट अरु व्यक्तिमा सर्ने सम्भावना हुने बताएको छ। न्युयोर्क युनिभर्सिर्टी स्कूल अफ ग्लोबल पब्लिक हेल्थका इपिडेमियोलोजीका प्रोफेसर रबिन गेर्सनले न्युयोर्कपोस्ट लाई चश्मा लगाउँदा सुरक्षा हुनसक्ने बताएका छन्। अमेरिकाका आँखा चिकित्सकहरुको संघले त कन्ट्याक्ट लेन्स लाउनेहरुलाई चश्मा लगाउन सुझाव पनि दिइसकेको छ। टर्कीका डाक्टरहरुले पनि त्यस्तै भनेका छन्। प्रधानमन्त्रीले सबभन्दा छिटो सर्ने मुखबाट त्यसपछि आँखाबाट र त्यसपछि नाकबाट भन्दै आँखाबाट झन् छिटो सर्ने दावी गरेका छन्। यसको भने वैज्ञानिक आधार छैन। कुनबाट छिटो सर्ने भन्ने बारे त्यस्तो कुनै पत्यारिलो आधार बनिसकेको छैन। काठमाडौँ मेडिकल कलेजमा फर्माकोलोजीका असिस्टेन्ट प्रोफेसर सञ्जय दीक्षितका अनुसार मान्छेको आँखा निकै संवेदनशील हुन्छ। कुनै बाहिरी वस्तु आँखाभित्र प्रवेश गर्नुअघि नै मान्छेले आँखा बन्द गरिहाल्छ। त्यसैले चश्मा सबैका लागि आवश्यक नहुन सक्छ। दीक्षितका अनुसार दिनहुँ बिरामीको सम्पर्कमा आउनु पर्ने स्वास्थ्यकर्मीहरुले भने संक्रमितको छिटाबाट आँखामा भाइरल पार्टिकल्स प्रवेश गर्नबाट रोक्न भाइजर लगाउनु उपयुक्त हुन्छ। पिपिइमा यस्तो भाइजर पनि हुने गर्छ जसले आँखाको सुरक्षा गर्छ। ‘कन्ट्याक्ट लेन्सको साटो चश्मा लगाउन सुझाव दिनुको कारण चाहिँ आँखामा नछुनका लागि हुनसक्छ’, उनी भन्छन्, ‘कन्ट्याक्ट लेन्स राख्न र झिक्नका लागि आँखामा छुनु पर्ने हुन्छ।’ त्यसैले प्रधानमन्त्रीको दावीका अधिकांश तथ्य भ्रामक छन्।",Nepali,,,,,,,,,SUPPORTS,,,,health_medicine,,,,
హిందూమతం సహనశీల మతం.,"ప్రాచీన, మధ్య యుగాలంతటా బ్రాహ్మణ మతానికి - జైనం, బౌద్ధం తదితర శ్రామణ మతాలకు మధ్య శత్రుత్వానికి సంబంధించిన ఆధారాలు ఉన్నాయి. బ్రాహ్మణమతం ఎన్నడూ బౌద్ధమతంతో సయోధ్య కుదుర్చుకోలేదు.",BBC News తెలుగు,https://www.bbc.com/telugu/india-45062485,,,Telugu,,,,,,,,,Not Supported,,,,,,,,
ఇ-వే బిల్లు (E-Way Bill) లేకుండా సరుకులను రవాణా చేస్తే రవాణా సరుకు విలువకు సమానమైన 100% పెనాల్టీ విధించవచ్చు.,జీఎస్‌టీ సెక్షన్ 129 ప్రకారం సరైన పత్రాలు లేకుండా రవాణా చేసే వాహనాలను జప్తు చేసి అపరాధ రుసుము వసూలు చేస్తారు.,CBIC,https://cbic-gst.gov.in,,,Telugu,,,,,,,Supported,,,,,,,,,,
काठमाडौँबाट रसुवाको स्याफ्रुबेँसी जाँदै गरेको एयर डाइनेस्टीको दुर्घटनाग्रस्त हेलिकप्टरको फोटो।,"एयर डाइनेस्टीको हेलिकप्टर दुर्घटनाको भनिएको फोटो १२ वर्ष पुरानो - Nepal Factcheck ☰ होम हाम्रो बारे मिथ्या सूचना के हो? हाम्रो वर्गीकरणको अर्थ मिथ्या सूचना: के गर्ने? FAQs तथ्यजाँच अनुरोध × होम हाम्रो बारे मिथ्या सूचना के हो? हाम्रो वर्गीकरणको अर्थ मिथ्या सूचना: के गर्ने? FAQs तथ्यजाँच अनुरोध तथ्यजाँच मिथ्या सूचना वागमती सम्बन्धित प्रदेश एयर डाइनेस्टीको हेलिकप्टर दुर्घटनाको भनिएको फोटो १२ वर्ष पुरानो Home तथ्यजाँच मिथ्या सूचना प्रविण भट्ट साउन ३२, २०८१ एयर डाइनेस्टीको हेलिकप्टर दुर्घटनाको भनिएको फोटो १२ वर्ष पुरानो काठमाडौँबाट रसुवाको स्याफ्रुबेँसी जाँदै गरेको एयर डाइनेस्टीको हेलिकप्टर गत बुधबार साउन २३ गते दुर्घटनामा परेसँगै दुर्घटनास्थलको भएको दावीसहित एक फोटो सामाजिक सञ्जाल फेसबुक र एक्स (पहिला ट्विटर भनेर चिनिने) मा भाइरल भयो। फोटोमा दुर्घटनाग्रस्त सेतो रङ्गको हेलिकप्टर देख्न सकिन्छ। एयर डाइनेस्टीको हेलिकप्टर दुर्घटनास्थलको भन्दै दावी गरिएको फोटो हाम्रो तथ्यजाँचमा मिथ्या सूचना भएको पाइएको छ। के हो दावी? १६ हजार लाइक र र २२ हजार फलोअर रहेको तिलोत्तमा खबर डबली नामक फेसबुक पेजले “ रसुवाको स्याफ्रुबेसी उडेको एयर डाइनेस्टीको हेलिकप्टर दुर्घटनामा परेको पुष्टि भएको छ” लेख्दै फोटो सेयर गरेको छ। फोटोमा सेतो रङ्गको हेलिकप्टर जंगलमा दुर्घटनाग्रस्त अवस्थामा रहेको देख्न सकिन्छ। हेर्नुहोस स्क्रिनसट यसै गरी ३ हजार ९ सय लाइक र ३६ हजार फलोअर रहेको न्युज एवन नामक फेसबुक पेजले समेत सोही फोटो फेसबुक स्टाटसमा राख्दै “रसुवाको स्याफ्रुबेसी उडेको “एयर डाइनेस्टी” को हेलिकप्टर दुर्घटना हुदा ४ जनाको मृत्यु भएको छ” लेखेको छ। हेर्नुहोस स्क्रिनसट राष्ट्रिय प्रजातन्त्र पार्टीका केन्द्रीय सदस्य जनकराज पाठकले नेपालको आकाश सुरक्षित नरहेको टिप्पणी गर्दै सोही फोटो सामाजिक सञ्जाल फेसबुकमा सेयर गरेका छन्। हेर्नुहोस स्क्रिनसट के हो तथ्य? एयर डाइनेस्टीको हेलिकप्टर दुर्घटनाको फोटो भन्दै दावी गरिएको फोटो वास्तवमा पुरानो फोटो हो। यसबारे हामीले २०८० असार २७ गते पनि तथ्य जाँच प्रकाशित गरिसकेका छौँ। त्यतिबेला सोलुखुम्बुमा मनाङ एयरको हेलिकप्टर दुर्घटना भएको भन्दै यही फोटो नयाँ पत्रिका दैनिक लगायत अन्य सोसल मिडियामा प्रकाशित भएका थिए। हेर्नुस् त्यतिबेलाको तथ्य जाँच – मनाङ एयरको दुर्घटना भन्दै प्रकाशित फोटो ने",NepalFactCheck.org,https://nepalfactcheck.org/2024/08/air-dynasty-old-picture/,,मिथ्या सूचना । एयर डाइनेस्टीको हेलिकप्टर दुर्घटनाको फोटो भन्दै दावी गरिएको फोटो नेपालको नभई अफ्रिकी देश केन्यामा १२ वर्ष अगाडि भएको हेलिकप्टर दुर्घटनाको हो।,Nepali,,,,,,,,,REFUTES,,,,politics_elections,,,,
"2023-ൽ ബ്രസീലിലെ ഉദ്ദേശ്യപൂർവമായ കൊലപാതക നിരക്ക് ഒരു ലക്ഷം ജനസംഖ്യയ്ക്ക് 19.28 ആയിരുന്നു, 2022-നെ അപേക്ഷിച്ച് ഇത് കുറവാണ്.",UNODC കണക്കുകൾ പ്രകാരം ബ്രസീലിന്‍റെ കൊലപാതക നിരക്ക് 2022-ലെ 20.08-ൽ നിന്ന് 2023-ൽ 19.28 ആയി കുറഞ്ഞു; 2017-ൽ ഇത് 31.16 ആയിരുന്നു.,UNODC Data (via Wikipedia - Crime in Brazil),https://en.wikipedia.org/wiki/Crime_in_Brazil,,,Malayalam,,,,,,,Supported,,,,"UNODC ഡേറ്റ (Wikipedia 'Crime in Brazil' പേജ് വഴി) പ്രകാരം ബ്രസീലിന്‍റെ ഉദ്ദേശ്യപൂർവമായ കൊലപാതക നിരക്ക് 2017-ലെ 31.16-ൽ നിന്ന് സ്ഥിരമായി കുറഞ്ഞ് 2022-ൽ 20.08 ആയും 2023-ൽ 19.28 ആയും എത്തി എന്നത് വ്യാപകമായി റിപ്പോർട്ട് ചെയ്യപ്പെട്ട വസ്തുതയാണ്. കണക്കുകൾ ക്ലെയിമുമായി പൊരുത്തപ്പെടുന്നു; എന്നാൽ ലിങ്ക് UNODC-യുടെ ഔദ്യോഗിക ഡേറ്റാ പോർട്ടലല്ല, മറിച്ച് അത് ഉദ്ധരിക്കുന്ന ഒരു Wikipedia പേജാണ് എന്നത് ശ്രദ്ധിക്കണം.",,,,,,
अप्रैल 2024 में आईसीआईसीआई प्रूडेंशियल के एमडी निमेश शाह ने एक आधिकारिक वीडियो जारी करके निवेशकों को 100% गारंटीड रिटर्न वाले शेयर खरीदने की सलाह दी है।,"इस फर्जी वीडियो में उनके द्वारा 2024 के लिए कई स्टॉक खरीदने की सिफारिशें की जा रही हैं... निवेश के बाजार में पहुंचे डीपफेक वीडियो, निवेशकों को रहना होगा सावधान।",ABP Live,https://www.abplive.com/business/deepfake-videos-are-entering-into-the-investment-market-people-should-be-very-careful-2594113,,"सबूत दावे का स्पष्ट रूप से खंडन करता है, क्योंकि वायरल हो रहा वीडियो आधिकारिक नहीं बल्कि एक एआई-जनरेटेड डीपफेक (Deepfake) है।",Hindi,,,,,,,,,Not Supported,,,,,,,,
ആലിയ ഭട്ടും രൺബീർ കപൂറും 2026-ൽ തങ്ങളുടെ രണ്ടാമത്തെ കുഞ്ഞിനെ പ്രതീക്ഷിക്കുന്നുവെന്ന അഭ്യൂഹം സാമൂഹ്യ മാധ്യമങ്ങളിൽ വൈറലായി.,ഒരു ഗൈനക്കോളജിസ്റ്റിനെ സന്ദർശിച്ചതായി അവകാശപ്പെടുന്ന റെഡിറ്റ് പോസ്റ്റിൽ നിന്നാണ് അഭ്യൂഹം ആരംഭിച്ചത്; ദമ്പതികൾ ഇതുവരെ ഔദ്യോഗികമായി സ്ഥിരീകരിച്ചിട്ടില്ല.,News24,,,ആലിയ ഭട്ട്-രൺബീർ കപൂർ രണ്ടാം ഗർഭധാരണ അഭ്യൂഹം ഒരു റെഡിറ്റ് പോസ്റ്റിൽ നിന്ന് ആരംഭിച്ചതാണെന്നും ദമ്പതികൾ ഔദ്യോഗികമായി സ്ഥിരീകരിച്ചിട്ടില്ലെന്നും News24 റിപ്പോർട്ട് ചെയ്യുന്നു.,Malayalam,,,,,,,,,not enough information (NEI),,,https://news24online.com/photos/entertainment/are-alia-bhatt-and-ranbir-kapoor-expecting-a-second-child-couple-spotted-hiding-from-paparazzi-truth-is-unofficial-827802,,,,,
केही नेपाली मिडियामा मंगलबार आएको समाचार अनुसार पाकिस्तानको संसद विघटन गर्ने निर्णय त्यहाँको सर्वोच्च अदालतले बदर गरिसकेको छ।,"के पाकिस्तानको संसद् विघटन सर्वोच्च अदालतले मंगलबार नै बदर गरिसकेको हो? - Nepal Factcheck ☰ होम हाम्रो बारे मिथ्या सूचना के हो? हाम्रो वर्गीकरणको अर्थ मिथ्या सूचना: के गर्ने? FAQs तथ्यजाँच अनुरोध × होम हाम्रो बारे मिथ्या सूचना के हो? हाम्रो वर्गीकरणको अर्थ मिथ्या सूचना: के गर्ने? FAQs तथ्यजाँच अनुरोध तथ्यजाँच मिथ्या सूचना वागमती सम्बन्धित प्रदेश के पाकिस्तानको संसद् विघटन सर्वोच्च अदालतले मंगलबार नै बदर गरिसकेको हो? Home तथ्यजाँच मिथ्या सूचना उमेश श्रेष्ठ चैत्र २४, २०७८ के पाकिस्तानको संसद् विघटन सर्वोच्च अदालतले मंगलबार नै बदर गरिसकेको हो? अपडेट : पाकिस्तानको सर्वोच्च अदालतले बिहीबार राति (अप्रिल ७) बल्ल संसद् ब्युँताउने फैसला गरेको छ। यो तथ्य जाँच यो फैसलाभन्दा दुई दिन अघि नेपाली मिडियामा आएका समाचारहरुमा आधारित छ। *** पाकिस्तानमा गएको आइतबार (२०२२ अप्रिल ३) मा प्रधानमन्त्री इमरान खानको सिफारिशमा राष्ट्रपतिले संसद् (नेसनल एसेम्बली) भंग गरेका थिए। गोरखापत्र, नयाँ पत्रिका, अन्नपूर्ण पोस्ट, जनआस्था लगायत केही नेपाली अनलाइन मिडियाले मंगलबार (अप्रिल ५) मा ‘पाकिस्तानको सर्वोच्च अदालतले संसद् विघटन गर्ने निर्णय बदर गरेको’ समाचार राखेका छन्। तर हाम्रो तथ्य जाँचमा यो खबर गलत देखिएको छ। हामीले बिहीबार (अप्रिल ७) मा यो तथ्य जाँच लेख्दै गर्दासम्म पाकिस्तानको सर्वोच्च अदालतमा लगातार पाँचौँ दिन सुनुवाई जारी छ। कुन मिडियामा कस्तो समाचार ? अन्नपूर्ण पोस्ट राष्ट्रिय दैनिकको अनलाइनमा अविश्वासको प्रस्ताव अस्वीकार गर्न मिल्दैन : पाकिस्तानी प्रधानन्यायाधीश शीर्षकमा समाचार राखिएको छ जसको सुरुको वाक्यमा लेखिएको छ- पाकिस्तानको सर्वोच्च अदालतले संसद् विघटन गर्ने निर्णय बदर गरेको छ। यसले देशमा थप राजनीतिक र संवैधानिक सङ्कट निम्त्याएको छ। समाचारको अन्तिममा स्रोतको रुपमा ‘रासस’ लेखिएको छ। त्यसैगरी नयाँ पत्रिका राष्ट्रिय दैनिकको अनलाइनमा पनि सोही शीर्षकमा सोही व्यहोराको समाचार राखिएको छ। समाचारको अन्तिममा समाचारको स्रोतका रुपमा रासस-एएनआई लेखिएको छ। हेर्नुस् अर्काइभ लिङ्क सरकारी मिडिया गोरखापत्रको अनलाइन संस्करणमा पनि सोही शीर्षक, सोही व्यहोरा र स्रोतका रुपमा रासस-एएनआई लेखिएको समाचार प्रकाशित छ। हेर्नुस् अर्काइभ लिङ्क। त्यसैगरी स्रोत नखुलाई वा एजेन्सीमात्र लेखेर पनि यही खबर थुप्रै नेपाली अनल",NepalFactCheck.org,https://nepalfactcheck.org/2022/04/pakistan-supreme-court/,,मिथ्या सूचना। सरकारी समाचार एजेन्सी राससले एएनआईको समाचारलाई उद्‍धृत गर्दै त्यस्तो समाचार लेखे पनि एएनआईमा भने सो व्यहोराको समाचार देखिँदैन। पाकिस्तानका मिडियाले पनि सुनुवाई यो तथ्य जाँच गर्दाको समय बिहीबार (अप्रिल ७ मध्याह्न) सम्म जारी रहेको समाचार लेखेका छन्। तसर्थ नेपाली मिडियामा आएका समाचार मिथ्या भएको प्रमाणित हुन्छ।,Nepali,,,,,,,,,REFUTES,,,,politics_elections,,,,
14 अगस्त 2004 को केंद्र सरकार ने ओरिएंटल बैंक ऑफ कॉमर्स में ग्लोबल ट्रस्ट बैंक के विलय को मंजूरी दी।,आरबीआई की सिफारिश के बाद मंत्रिमंडल ने संकटग्रस्त जीटीबी का विलय ओरिएंटल बैंक ऑफ कॉमर्स में आधिकारिक रूप से स्वीकृत किया।,Ministry of Finance / PIB,https://pib.gov.in/newsite/PrintRelease.aspx?relid=6010,,,Hindi,,,,,,,Supported,,,,,,,,,,
వృత్తినిపుణులు (Professionals) సెక్షన్ 44ADA కింద తమ మొత్తం రసీదులలో 50% ని ఊహాజనిత ఆదాయంగా చూపించి పన్ను దాఖలు చేయవచ్చు.,"డాక్టర్లు, లాయర్లు, ఇంజనీర్లకు రూ. 50 లక్షలు (డిజిటల్ అయితే రూ. 75 లక్షలు) పరిమితి వరకు ఈ సౌలభ్యం ఉంది.",Income Tax Department,https://www.incometax.gov.in,,,Telugu,,,,,,,Supported,,,,,,,,,,
ਪ੍ਰਸਿੱਧ ਅਦਾਕਾਰ ਸੋਨਮ ਬਾਜਵਾ ਨੂੰ ਬਾਲੀਵੁੱਡ ਫਿਲਮ ਲਈ ਸਾਈਨ ਕੀਤਾ ਗਿਆ ਹੈ।,ਪ੍ਰੋਡਕਸ਼ਨ ਹਾਊਸ ਨੇ ਪ੍ਰੈਸ ਨੋਟ ਜਾਰੀ ਕਰਕੇ ਸੋਨਮ ਬਾਜਵਾ ਦੇ ਇਸ ਪ੍ਰੋਜੈਕਟ ਵਿੱਚ ਸ਼ਾਮਲ ਹੋਣ ਦੀ ਪੁਸ਼ਟੀ ਕੀਤੀ ਹੈ।,ABP Sanjha,https://punjabi.abplive.com/?id=10127,,,Punjab,,,,,,,,,,,,,,Supported,,,
ਕਰਨ ਔਜਲਾ ਦੀ ਨਵੀਂ ਫਿਲਮ ਨੇ ਪਹਿਲੇ ਦਿਨ 15 ਕਰੋੜ ਦੀ ਕਮਾਈ ਕੀਤੀ।,ਬਾਕਸ ਆਫਿਸ ਰਿਪੋਰਟਾਂ ਅਨੁਸਾਰ ਕਰਨ ਔਜਲਾ ਦੀ ਫਿਲਮ ਨੇ ਓਪਨਿੰਗ ਡੇਅ 'ਤੇ ਵਾਕਈ 15 ਕਰੋੜ ਕਮਾਏ ਹਨ।,Rozana Spokesman,https://www.rozanaspokesman.in/?id=10466,,,Punjab,,,,,,,,,,,,,,Supported,,,
فوجی میزائل ٹیسٹ سے قومی دفاع میں بہتری آئے گی۔,ٹیسٹ کے دوران مختلف منظرناموں میں میزائل کی فائر پاور کا پتہ لگایا گیا اور تمام مشنوں میں کامیابی حاصل کی گئی۔ وزیر دفاع نے کامیابی کی مبارکباد دی، مگر اس بارے میں مکمل تفصیلات فراہم نہیں کی گئیں۔,The Siasat Daily (Urdu) - سیاست ڈیلی، حیدرآباد,https://urdu.siasat.com/news/%da%a9%d9%88%d8%a6%db%8c%da%a9-%d8%b1%db%8c-%d8%a7%db%8c%da%a9%d8%b4%d9%86-%d9%85%db%8c%d8%b2%d8%a7%d8%a6%d9%84-%da%a9%d8%a7-%da%a9%d8%a7%d9%85%db%8c%d8%a7%d8%a8-%d8%aa%d8%ac%d8%b1%d8%a8%db%81-1406915/,,مضمون میں میزائل ٹیسٹ کی کامیابی کا ذکر ہے، لیکن قومی دفاع میں بہتری کے اثرات کے بارے میں کوئی معلومات موجود نہیں ہیں۔,Urdu,,,,,,,,,Not Enough Information (NEI),,,,,,,,
ഷാരൂഖ് ഖാന്റെ മകൻ ആര്യൻ ഖാൻ സംവിധാനം ചെയ്ത 'ദി ബാഡ്‌സ് ഓഫ് ബോളിവുഡ്' 2025 സെപ്റ്റംബർ 18-ന് നെറ്റ്ഫ്ലിക്സിൽ പ്രദർശനം ആരംഭിച്ചു.,"ഇത് ആര്യൻ ഖാന്റെ സംവിധാന അരങ്ങേറ്റമാണ്; ബോബി ഡിയോൾ, ലക്ഷ്യ എന്നിവരാണ് പ്രധാന വേഷങ്ങളിൽ.",Wikipedia,,,"ആര്യൻ ഖാൻ സംവിധാനം ചെയ്ത 'ദി ബാഡ്‌സ് ഓഫ് ബോളിവുഡ്' 2025 സെപ്റ്റംബർ 18-ന് നെറ്റ്ഫ്ലിക്സിൽ പ്രദർശനം ആരംഭിച്ചെന്നും ബോബി ഡിയോൾ, ലക്ഷ്യ എന്നിവർ പ്രധാന വേഷങ്ങളിലാണെന്നും Wikipedia സ്ഥിരീകരിക്കുന്നു.",Malayalam,,,,,,,,,Supported,,,https://en.wikipedia.org/wiki/The_Ba***ds_of_Bollywood,,,,,
पशुपतिनाथ मन्दिरमा जेनजीको नाममा घुसपैठ गरेकाहरुले तोडफोड गरिसके।,"पशुपतिनाथको पुरानो भिडियो भ्रामक दावीका साथ भाइरल बनाइयो - Nepal Factcheck ☰ होम हाम्रो बारे मिथ्या सूचना के हो? हाम्रो वर्गीकरणको अर्थ मिथ्या सूचना: के गर्ने? FAQs तथ्यजाँच अनुरोध × होम हाम्रो बारे मिथ्या सूचना के हो? हाम्रो वर्गीकरणको अर्थ मिथ्या सूचना: के गर्ने? FAQs तथ्यजाँच अनुरोध तथ्यजाँच भ्रामक सूचना वागमती पशुपतिनाथको पुरानो भिडियो भ्रामक दावीका साथ भाइरल बनाइयो Home तथ्यजाँच भ्रामक सूचना उमेश श्रेष्ठ भदौ २४, २०८२ पशुपतिनाथको पुरानो भिडियो भ्रामक दावीका साथ भाइरल बनाइयो जेनजी आन्दोलनका क्रममा मंगलबार राजधानीका विभिन्न भागमा भएका तोडफोड र आगजनीका बीच बेलुका एउटा सूचना तीब्र गतिमा फैलियो- पशुपतिनाथ मन्दिरमा पनि अराजक तत्त्वहरु पुगेर तोडफोडको प्रयास गरेका छन्। यही दावीका साथ एउटा भिडियो पनि सामाजिक सञ्जालमा भाइरल भएको छ। तर हाम्रो तथ्यजाँचमा सो भिडियो पुरानो र जात्राको भएको पाइएको छ। के हो दावी ? कर्पोरेट बजार नामको फेसबुक पेजले ‘ Gen-Z को नाममा घुसपैठ गरेका हरुले पशुपतिनाथको मन्दिरमा समेत तोडफोड सुरु गरिसके’ लेख्दै एउटा भिडियो पोस्ट गरेको छ। उक्त भिडियोमा यो तथ्य जाँच तयार पार्दासम्म ८४ लाइक, २१ कमेन्ट र ४४ सेयर देखिन्छ। भिडियोमा पशुपतिनाथको गेटमा केही मान्छे चढेको देखिन्छ। हेर्नुस् स्क्रिनसट- यो हल्ला फैलिएपछि अरु फेसबुक पेज र प्रोफाइलहरुले पनि यस्तै सूचना राखेको देखिन्छ। के हो तथ्य ? भाइरल भएको भिडियोको स्क्रिनसट निकालेर रिभर्स इमेज सर्च गर्ने क्रममा हामी हाम्रोजात्रा नामको टिकटक अकाउन्टमा पुग्यौँ। त्यहाँ अहिले भाइरल भएकै भिडियो भेट्यौँ। भिडियो अपलोड भएको मिति 7-14 लेखेको देखिन्छ। हेर्नुस् स्क्रिनसट- टिकटक भिडियो कहिले अपलोड गरिएको हो भनेर स्पष्ट हेर्न मिल्ने बेलिङ क्याट्सको टुल पनि हामीले प्रयोग गरी हेर्‍यौँ। यसरी हेर्दा के देखियो, हेर्नुस् स्क्रिनसट- अर्थात् यो भिडियो झण्डै दुई महिनाअघि हाम्रोजात्रा नामको टिकटक प्रयोगकर्ताले अपलोड गरिसकेको भिडियो हो। यसमा अहिले भइरहेको जेनजी आन्दोलन र त्यसका आडमा मच्चिरहेको तोडफोड र आगजनीको कुनै सम्बन्ध छैन। तर सोही भिडियोमा समेत पछिल्लो घटनासँग जोडेर नयाँ कमेन्टहरु भएको देख्न सकिन्छ। तथ्य जाँच",NepalFactCheck.org,https://nepalfactcheck.org/2025/09/pashupatinath-viral-video/,,भ्रामक सूचना। यो भिडियो दुई महिनाअघि नै एउटा टिकटक अकाउन्टमा पोस्ट भइसकेको भिडियो हो। पछिल्ला घटनाक्रमसित यसको कुनै साइनो छैन।,Nepali,,,,,,,,,REFUTES,,,,religion_communal,,,,
"जेन-जीले फ्रान्सको आईफिल टावर जलाएको। दाबीकर्ताः टिकटक प्रयोगकर्ता अमित बेलबासे। तथ्यः मिथ्या सूचना। फ्रान्समा आन्दोलन भएको भएको भएपनि आईफिल टावर जलेको छैन। कम्पयुटरको माध्यमबाट सम्पादित भिडियो राखेर मिथ्या सूचना फैलाइएको हो। प्रतिक्रिया दिनुहोस् 631 अहिलेसम्म गरिएका तथ्यजाँच सङ्ख्या सबैभन्दा धेरै हेरिएको के लक्ष्मी बैंकको सबै बैँक खाता बन्द गर्न अदालतले आदेश दिएको हो? फाल्गुन २९, २०७९ के हो ‘एमाले महाधिवेशन अन्तर्राष्ट्रिय नजरमा’ लेखिएको भाइरल पोस्टको तथ्य? मंसिर १३, २०७८ के हो सामाजिक सञ्जालमा भाइरल भएको मन्त्री झाँक्रीको घर भनिएको फोटोको तथ्य ? जेष्ठ २३, २०७९ के हो फेसबुकमा भाइरल भएको मञ्जु भण्डारीको स्टायटसको तथ्य ? साउन १९, २०७९ यात्री मोटरसाइकलको भाइरल फोटो नयाँ हो कि पुरानो ? जेष्ठ ८, २०८० राष्ट्रिय गान शब्दबाट सुरु भएर शब्दबाटै अन्त्य हुनुपर्ने ओलीको दावी सही हो? चैत्र २५, २०७९ के स्वीडेनले सेक्सलाई खेलको मान्यता दिएको हो ? जेष्ठ २२, २०८० के राष्ट्रिय परिचय पत्र बनाउनको लागि सरकारले विश्व बैँकबाट ऋण लिएको हो ? अशोज ७, २०८१ के नागरिकता बनाउन अनलाइन रजिष्ट्रेशन गर्नुपर्ने वेबसाइट सञ्चालनमा आएको हो? अशोज १०, २०८१ के हो नेपालमा प्लास्टिकको चामल बिक्री भएको दावी गर्दै भाइरल भएको भिडियोको तथ्य? अशोज ४, २०८१ काठमाडौँको भन्दै भाइरल भिडियो वास्तवमा जापानको अशोज १६, २०८१","पेरिसमा आईफिल टावरमा आगलागी भएको टिकटकमा भाइरल दाबी मिथ्या - Nepal Factcheck ☰ होम हाम्रो बारे मिथ्या सूचना के हो? हाम्रो वर्गीकरणको अर्थ मिथ्या सूचना: के गर्ने? FAQs तथ्यजाँच अनुरोध × होम हाम्रो बारे मिथ्या सूचना के हो? हाम्रो वर्गीकरणको अर्थ मिथ्या सूचना: के गर्ने? FAQs तथ्यजाँच अनुरोध तथ्यजाँच मिथ्या सूचना वागमती पेरिसमा आईफिल टावरमा आगलागी भएको टिकटकमा भाइरल दाबी मिथ्या Home तथ्यजाँच मिथ्या सूचना नेपाल फ्याक्ट चेक भदौ ३१, २०८२ पेरिसमा आईफिल टावरमा आगलागी भएको टिकटकमा भाइरल दाबी मिथ्या निशान्त अधिकारी नेपालमा जेन-जी युवाको आन्दोलनपछि विश्वभर जेन-जी आन्दोलनका समयमा भएका भनिएर विभिन्नखाले मिथ्या सूचना फैलिने क्रममा छन्। फ्रान्सको पेरिस सहरमा जेन-जी आन्दोलनका क्रममा ऐतिहासिक आईफिल टावर जलाएको भन्दै एक भिडियो सामाजिक सञ्जाल टिकटकमा नेपाली प्रयोगकर्ताहरूबिच भाइरल भइरहेको छ। तर हाम्रो तथ्यजाँचमा भने उक्त दाबी मिथ्या सूचना भएको पाइएको छ। के हो दाबी? ६४ हजार ७ सय फलोअर रहेको अमित बेलबासे नामक टिकटक प्रयोगकर्ताले गत भदौ २९ गते फ्रान्सको जेन-जीको आन्दोलनको क्रममा ऐतिहासिक आईफिल टावर जलाईएको दाबी गर्दै भिडियो पोस्ट गरेका छन् । हेर्नुस् स्क्रिनरेकर्ड https://nepalfactcheck.org/wp-content/uploads/2025/09/फ्रान्सका-जेनजी-द्वारा-त्यहाको-विश्व-प्रसिद्ध-इफेल-टावर-धोस्त-पारेका-छ.-_-eiffel-tower-burned-down-_-TikTok.mp4 टिकटकमा भाइरल भएको यो भिडियो हालसम्म ९ लाखभन्दा बढीले हेरेका छन् । २० हजार ७ सय लाइक र २७४ कमेन्ट गरिएको छ । ५ हजार ८३० सेयर भएको छ । आउनुस् यसको तथ्यजाँच गरौँ । के हो तथ्य ? हामीले तथ्यजाँच गर्न फ्रान्सका सञ्चारमाध्यम र अन्य अन्तर्राष्ट्रिय मिडिया हेर्‍यौँ । यसरी अन्तर्राष्ट्रिय मिडिया हेर्दा फ्रान्समा आन्दोलन भएतापनि जेन-जी आन्दोलन भनेर कुनै आन्दोलन भएको छैन। यसबारे थप बुझ्न आईफिल टावरमा लागेको आगोबारे सर्च गरेर हेर्यौं। आइफिल टावरको आधिकारिक वेबसाइट मा पनि कुनै आगलागीको जानकारी दिइएको छैन। आइफिल टावरको आधिकारिक सामाजिक सञ्जाल फेसबुक , एक्स (पहिले ट्विटर भनेर चिनिने) र ईन्सटाग्राममा पनि यसबारे कुनै सूचना छैन । एक युट्युव च्यानलले पनि आईफिल टावरको लाइभ गरेर देखाउने गर्छ। वेब-क्यामेराबाट लाइभ देखिने यो युट्युव च्यानलमा पनि टावर पूर्णरुपमा सुरक्षित भएको देखिन्छ । आईफ",NepalFactCheck.org,https://nepalfactcheck.org/2025/09/fact-check-eiffel-tower-genz-fire-false/,,"भारत-पाकिस्तान युद्ध बारे प्रधानमन्त्री ओलीले के भनेका हुन् ? बैशाख ३०, २०८२ यसमा प्रकाशित सबै सामग्री CC BY 4.0 अन्तर्गत छन्। यसलाई NepalFactCheck.org भनेर स्रोत खोलेर पूर्ण वा आशय फरक नपर्ने गरी सम्पादन गरी पुन: प्रकाशन गर्न पाइन्छ। ×",Nepali,,,,,,,,,REFUTES,,,,finance_investment,,,,
"वाणिज्य, आपूर्ति तथा उपभोक्ता संरक्षण विभागले पानीको जार र बोतलको नयाँ मूल्य निर्धारण गर्‍यो।","पुरानो सूचनालाई आधार बनाएर पानीको मूल्यबारे भ्रामक समाचार - Nepal Factcheck ☰ होम हाम्रो बारे मिथ्या सूचना के हो? हाम्रो वर्गीकरणको अर्थ मिथ्या सूचना: के गर्ने? FAQs तथ्यजाँच अनुरोध × होम हाम्रो बारे मिथ्या सूचना के हो? हाम्रो वर्गीकरणको अर्थ मिथ्या सूचना: के गर्ने? FAQs तथ्यजाँच अनुरोध तथ्यजाँच भ्रामक सूचना वागमती सम्बन्धित प्रदेश पुरानो सूचनालाई आधार बनाएर पानीको मूल्यबारे भ्रामक समाचार Home तथ्यजाँच भ्रामक सूचना सी. पी. खनाल चैत्र ३, २०८२ पुरानो सूचनालाई आधार बनाएर पानीको मूल्यबारे भ्रामक समाचार पानीको जार र बोतलको नयाँ मूल्य निर्धारण भएको दाबीसहितको समाचार मिडिया र सोसल मिडियामा फैलिएका छन्। तर नेपाल फ्याक्टचेकले गरेको तथ्यजाँचमा उक्त दाबीका लागि प्रयोग गरिएको सूचना हालै जारी गरिएको नभई पुरानो सूचनालाई गलत सन्दर्भमा प्रयोग गरिएको पुष्टि भएको छ। के हो दाबी ? ‘अब एक लिटर पानीको मूल्य १६, एक जारको ४७ रुपैयाँ’ शीर्षकमा नागरिक दैनिकको अनलाइन संस्करण नागरिकन्युज डटकमले २ चैत २०८२ मा समाचार प्रकाशन गरेको छ।समाचारमा पानीको बोतल र जारको मूल्य निर्धारण गरिएको र उक्त मूल्यभन्दा बढी लिए कारबाही हुन सक्ने भनिएको छ। हेर्नुस् स्क्रिनसट- हेर्नुस् नागरिकन्युजको समाचारको ओरिजिनल लिङ्क । अर्काइभ लिङ्क। नेपाल न्युज नामक अनलाइन मिडियाको फेसबुक पेजमा पनि सोमबार साँझ ६ बजे “पानीको मूल्य बढी लिनेलाई कारबाही हुने ,अब एक लिटर पानीको मूल्य १६, एक जारको ४७ रुपैयाँ” शीर्षकसहित भिडियो समाचार पोस्ट गरिएको छ । उक्त भिडियो समाचारमा हामीले तथ्य जाँच गर्दै गर्दा ६ सय ८४ रियाक्सन, १२ कमेन्ट र २८ पटक शेयर गरिएको छ भने भिडियोलाई १८ हजार बढी पटक हेरिएको छ । हेर्नुहोस्, भिडियो समाचारको स्क्रिन रेकर्ड : https://nepalfactcheck.org/wp-content/uploads/2026/03/पानीको-मूल्य-बढी-लिने-लाइ-कारबाही-हुने-अब-एक-लिटर-पानीको-मूल्य-१६-एक-जारको-४७-रुपैयाँ-Search-Results-_-Facebook.mp4 उक्त भिडियो समाचारको लिङ्क , अर्काइभ लिङ्क यो सामग्री प्रकाशित भएपछि सामाजिक सञ्जालमा पनि “पानीको नयाँ मूल्य लागू भयो” भन्ने दाबीका पोस्टहरू फैलिए। उदाहरणका लागि फेसबुकमा आफूलाई सप्तकोशी एफएमका प्रधान सम्पादकका रुपमा चिनाउने लीलाराज भट्टराई (अर्काइभ लिङ्क) , अनलाइनन्युजनेपाल नामको फेसबुक ग्रुप ( अर्काइभ लिङ्क ), एनपिएल नेपाल नामको फेसबु",NepalFactCheck.org,https://nepalfactcheck.org/2026/03/water-price-claim/,,भ्रामक सूचना। सामाजिक सञ्जालमा फैलिएको पानीको मूल्यसम्बन्धी सूचना हालै जारी गरिएको होइन। विभिन्न सञ्चारमाध्यमले पहिले नै प्रकाशित गरेका पुराना सूचनालाई नयाँ निर्णयजस्तो प्रस्तुत गरिएको हो। विभागका अधिकारीका अनुसार हाल पानीको मूल्य निर्धारणसम्बन्धी कुनै नयाँ निर्णय गरिएको छैन।,Nepali,,,,,,,,,REFUTES,,,,finance_investment,,,,
IPO (ఇనిషియల్ పబ్లిక్ ఆఫరింగ్) కొరకు దరఖాస్తు చేసేటప్పుడు ASBA విధానం ద్వారా నిధులు ఇన్వెస్టర్ ఖాతాలోనే బ్లాక్ అవుతాయి.,యాప్లికేషన్ సపోర్టెడ్ బై బ్లాక్డ్ అమౌంట్ (ASBA) ద్వారా షేర్లు కేటాయించే వరకు నగదు డిపాజిట్ దాటదు.,SEBI,https://www.sebi.gov.in,,,Telugu,,,,,,,Supported,,,,,,,,,,
अत्यधिक गर्मीका कारण कैलाली बहुमुखी क्याम्पसमा २० दिन बिदा घोषणा।,"कैलाली बहुमुखी क्याम्पसले अत्यधिक गर्मीका कारण २० दिन बिदा दिएको दाबी भ्रामक - Nepal Factcheck ☰ होम हाम्रो बारे मिथ्या सूचना के हो? हाम्रो वर्गीकरणको अर्थ मिथ्या सूचना: के गर्ने? FAQs तथ्यजाँच अनुरोध × होम हाम्रो बारे मिथ्या सूचना के हो? हाम्रो वर्गीकरणको अर्थ मिथ्या सूचना: के गर्ने? FAQs तथ्यजाँच अनुरोध जलवायु र वातावरण तथ्यजाँच भ्रामक सूचना सुदूरपश्चिम कैलाली बहुमुखी क्याम्पसले अत्यधिक गर्मीका कारण २० दिन बिदा दिएको दाबी भ्रामक Home तथ्यजाँच भ्रामक सूचना सुरज घिमिरे जेष्ठ २६, २०८३ कैलाली बहुमुखी क्याम्पसले अत्यधिक गर्मीका कारण २० दिन बिदा दिएको दाबी भ्रामक धनगढीस्थित कैलाली बहुमुखी क्याम्पसले अत्यधिक गर्मी बढेका कारण २० दिन बिदा दिने घोषणा गरेको भन्दै केही सञ्चार माध्यम र सामाजिक सञ्जालमा समाचारहरू प्रकाशित भएका छन्। तर, नेपालफ्याक्टचेकले गरेको तथ्य जाँचले उक्त गर्मी बिदा अत्यधिक गर्मीका कारण अचानक दिइएको नभई सुदूरपश्चिम विश्वविद्यालयको पूर्वनिर्धारित शैक्षिक क्यालेन्डर अनुसारकै नियमित ‘सेमेस्टर बिदा’ भएको पुष्टि गरेको छ। के हो दाबी ? एक लाख ३४ हजार फलोअर्स भएको ‘ सनराइज टेलिभिजन ‘ फेसबुक पेजले सोमबार मध्यान्ह १२:३९ बजे एउटा समाचार पोस्ट गर्‍यो। उक्त पोस्टको शीर्षक छ— ‘अत्यधिक गर्मीका कारण कैलाली बहुमुखी क्याम्पसमा २० दिन बिदा घोषणा’ । उक्त पोस्टको कमेन्ट खण्डमा सोही टेलिभिजनको पेजबाट रिप्लाइ गर्दै लेखिएको छ: ‘सुदूरपश्चिम विश्वविद्यालय अन्तर्गतको कैलाली बहुमुखी क्याम्पसले गर्मी बिदा सम्बन्धी सूचना जारी गर्दै विद्यार्थी तथा शिक्षकहरूलाई जानकारी गराएको छ। क्याम्पस प्रशासनले सुदूरपश्चिम विश्वविद्यालयको शैक्षिक क्यालेन्डर अनुसार २०८३ जेठ २६ गतेदेखि असार १५ गतेसम्म गर्मी बिदा रहने जनाएको हो। यस अवधिमा नियमित पठनपाठन बन्द रहनेछ…’ हेर्नुहोस्, उक्त पोस्टको स्क्रिन सट : उक्त पोस्टको लिङ्क र अर्काइभ लिङ्क ‘विश्वास खबर’ नामक अनलाइन पोर्टलले पनि सोमबार मध्यान्ह १२ः१८ मा ‘अत्यधिक गर्मीका कारण कैलाली बहुमुखी क्याम्पसमा २० दिन बिदा घोषणा’ शीर्षकमा समाचार प्रकाशित गरेको छ। हेर्नुहोस्, समाचारको स्क्रिन सट : उक्त समाचारको लिंक र अर्काइभ लिंक दाबीको प्रभाव हामीले तथ्य जाँच गर्दासम्म सनराइज टेलिभिजनको उक्त फेसबुक पोस्टमा ३०३ रियाक्सन, २० कमेन्ट र ४ पटक शेयर भइसकेको देखिन्छ। यो समाचा",NepalFactCheck.org,https://nepalfactcheck.org/2026/06/kailali-multiple-campus-extreme-heat-holiday-claim-misleading/,,भ्रामक (Misleading) । कैलाली बहुमुखी क्याम्पसमा २० दिन पठनपाठन बन्द रहने कुरा सत्य भए पनि समाचारमा दाबी गरिए जस्तो यो अत्यधिक गर्मीका कारण अचानक दिइएको बिदा होइन। यो सुदूरपश्चिम विश्वविद्यालयको पूर्वनिर्धारित शैक्षिक क्यालेन्डर अनुसारकै नियमित ‘सेमेस्टर बिदा’ हो। गर्मी महिनामा पर्ने नियमित बिदालाई ‘अत्यधिक गर्मीका कारण बिदा’ भनी सनसनीपूर्ण शीर्षक राखेर सञ्चार माध्यमले भ्रामक सूचना फैलाएको पुष्टि हुन्छ।,Nepali,,,,,,,,,REFUTES,,,,finance_investment,,,,
జలుబు ఉన్నప్పుడు నీరు ఎక్కువగా తాగాలి.,ద్రవాలు తీసుకోవడం ఉపయోగకరం.,MedlinePlus,https://medlineplus.gov/commoncold.html,,,Telugu,,,,,,,,,,,,,,,,Supported,Supported
ദക്ഷിണ കൊറിയയിലെ സോളിലുള്ള ഇറ്റേവോണിൽ 2022 ഒക്ടോബർ 29-ന് ഹാലോവീൻ ആഘോഷത്തിനിടെ ഉണ്ടായ തിക്കിലും തിരക്കിലും 159 പേർ കൊല്ലപ്പെട്ടു.,ഇടുങ്ങിയ ഇടവഴിയിൽ ജനക്കൂട്ടം തിങ്ങിനിറഞ്ഞതിനെ തുടർന്നുണ്ടായ തിക്കിലും തിരക്കിലും 159 പേർ മരിക്കുകയും 190-ലധികം പേർക്ക് പരിക്കേൽക്കുകയും ചെയ്തു.,Wikipedia (Itaewon Halloween crowd crush),https://en.wikipedia.org/wiki/Itaewon_Halloween_crowd_crush,,,Malayalam,,,,,,,Supported,,,,"വിക്കിപീഡിയയും ബഹു അന്താരാഷ്ട്ര സ്രോതസ്സുകളും സ്ഥിരീകരിക്കുന്നു: 2022 ഒക്ടോബർ 29-ന് സോളിലെ ഇറ്റേവോണിൽ ഹാലോവീൻ ആഘോഷത്തിനിടെ 159 പേർ തിക്കിലും തിരക്കിലും മരിച്ചു, 190-ലധികം പേർക്ക് പരിക്കേറ്റു — ക്ലെയിം കൃത്യമാണ്.",,,,,,
കിം കർദാഷിയന് 2025 നവംബറിൽ തലച്ചോറിലെ അന്യൂറിസം ബാധിച്ചതായി കണ്ടെത്തി.,'ദി കർദാഷിയൻസ്' എന്ന റിയാലിറ്റി ഷോയുടെ എപ്പിസോഡിൽ ബ്രെയിൻ സ്കാൻ പരിശോധനയിലൂടെ ഡോക്ടർമാർ തലച്ചോറിൽ ചെറിയ ദ്വാരങ്ങൾ കണ്ടെത്തിയതായി കിം വെളിപ്പെടുത്തി.,Fox News,,,'ദി കർദാഷിയൻസ്' റിയാലിറ്റി ഷോയിൽ ബ്രെയിൻ സ്കാൻ പരിശോധനയിലൂടെ തലച്ചോറിൽ അന്യൂറിസം കണ്ടെത്തിയതായി കിം കർദാഷിയാൻ 2025 നവംബറിൽ വെളിപ്പെടുത്തിയെന്ന് Fox News/AOL സ്ഥിരീകരിക്കുന്നു.,Malayalam,,,,,,,,,Supported,,,https://www.aol.com/articles/5-celebrities-went-public-alarming-120029376.html,,,,,
नेपालको हिमाली भेगमा हिमपहिरो गएको जस्तो देखिने भिडियो भाइरल ।,"नेपालको हिमाली भेगमा हिमपहिरो गएको दाबीसहित भाइरल भएको भिडियो भ्रामक - Nepal Factcheck ☰ होम हाम्रो बारे मिथ्या सूचना के हो? हाम्रो वर्गीकरणको अर्थ मिथ्या सूचना: के गर्ने? FAQs तथ्यजाँच अनुरोध × होम हाम्रो बारे मिथ्या सूचना के हो? हाम्रो वर्गीकरणको अर्थ मिथ्या सूचना: के गर्ने? FAQs तथ्यजाँच अनुरोध जलवायु र वातावरण तथ्यजाँच भ्रामक सूचना नेपालको हिमाली भेगमा हिमपहिरो गएको दाबीसहित भाइरल भएको भिडियो भ्रामक Home तथ्यजाँच भ्रामक सूचना सुरज घिमिरे जेष्ठ २१, २०८३ नेपालको हिमाली भेगमा हिमपहिरो गएको दाबीसहित भाइरल भएको भिडियो भ्रामक सामाजिक सञ्जालमा अहिले नेपालको हिमाली भेगमा विशाल हिमपहिरो गएको दाबी गरिएको एउटा भिडियो भाइरल भइरहेको छ। तर, नेपालफ्याक्टचेकको तथ्यजाँच तथा डिजिटल प्रमाणहरूको विश्लेषणले उक्त भिडियो नेपालको नभई पाकिस्तानको गिलगिट–बाल्टिस्तान क्षेत्रस्थित हुन्जा उपत्यकाको भएको पुष्टि गरेको छ। मौलिक भिडियोको अडियोलाई हटाएर नेपाली आवाज सम्पादन गरी भ्रम फैलाउने उद्देश्यले यो सामग्री फैलाइएको पाइएको छ। के हो दाबी ? फेसबुकमा ६३ हजार फलोअर्स भएका प्रयोगकर्ता अभिषेक गुप्ता ले गत शुक्रबार राति ९:३३ बजे एउटा भिडियो पोस्ट गरे। ‘नेपाल फलो मी’ भन्दै पोस्ट गरिएको २६ सेकेन्डको उक्त भिडियोमा हिमाली भेगमा विशाल हिमपहिरो खसिरहेको र हिउँको ठूलो मुस्लो उडिरहेको देखिन्छ। भिडियोको पृष्ठभूमिमा केही युवाहरू रोमान्चित हुँदै चिच्याएको सुनिन्छ भने एक युवाले नेपाली भाषामा भनेका छन्: “ल है कति लक्की हामी त। यो हो नि त बल्ल यार। कति लक्की हामी ल है। वर्ल्डकै सबैभन्दा डेन्जर हिम पहिरो खस्ने ठाउँ यही हो…” दाबीको प्रभाव हामीले तथ्य जाँच गर्दाको समयसम्म उक्त भिडियो सामाजिक सञ्जालमा अत्यधिक भाइरल भइसकेको छ। यसको डिजिटल इन्गेजमेन्ट यसप्रकार छ, भ्युज ५ लाख ८८ हजार, रियाक्सन ९ हजार ३ सय, कमेन्ट ३७, शेयर ८४ पटक। हेर्नुहोस्, उक्त भिडियोको स्क्रिन रेकर्ड : https://nepalfactcheck.org/wp-content/uploads/2026/06/Abhishek-Video.mp4 उक्त भिडियोको लिङ्क , अर्काइभ लिङ्क र अर्काइभ भिडियो के हो तथ्य ? तथ्य जाँच गर्ने क्रममा हामीले उक्त भाइरल भिडियोका मुख्य फ्रेमहरू निकालेर गुगल रिभर्स इमेज सर्च मार्फत प्राविधिक अनुसन्धान गर्‍यौँ। सो क्रममा उक्त भिडियोलाई कैयौँ अन्तर्राष्ट्रिय प्रयोगकर्ताहरूले मार्च २०२६ मै फरक स",NepalFactCheck.org,https://nepalfactcheck.org/2026/06/pakistan-hunza-valley-avalanche-video-falsely-shared-as-nepal/,,भ्रामक (Misleading) । नेपालको हिमाली भेगमा हिमपहिरो गएको दाबीसहित भाइरल भइरहेको भिडियो नेपालको होइन। यो सन् २०२६ मार्च महिनामा पाकिस्तानको गिल्गिट–बाल्टिस्तान क्षेत्रमा पर्ने हुन्जा उपत्यकामा गएको हिमपहिरोको वास्तविक दृष्य हो। उक्त पुरानाे र विदेशी भिडियोमा नेपालको भनी भ्रम छर्नका लागि नेपाली आवाज डिजिटल रूपमा सम्पादन गरी थप गरिएको नेपालफ्याक्टचेकको तथ्यजाँचबाट पुष्टि हुन्छ।,Nepali,,,,,,,,,REFUTES,,,,finance_investment,,,,
ബ്രാഡ് പിറ്റും ആഞ്ജലീന ജോളിയും തമ്മിലുള്ള മിറാവൽ വൈനറി കേസ് എപ്പോൾ അവസാനിക്കുമെന്ന് വ്യക്തമല്ല.,2022-ൽ ആരംഭിച്ച ഈ കേസ് 2026-ലും ലോസ് ഏഞ്ചൽസ് കോടതിയിൽ തുടരുകയാണെന്നും ഇരുവർക്കുമായി പത്ത് ദശലക്ഷം ഡോളറിലധികം നിയമച്ചെലവ് വന്നെന്നും റിപ്പോർട്ടുകൾ പറയുന്നു.,USA Celebs,,,"ബ്രാഡ് പിറ്റും ആഞ്ജലീന ജോളിയും തമ്മിലുള്ള മിറാവൽ വൈനറി കേസ് 2026-ലും കോടതിയിൽ തുടരുകയാണെന്നും വിചാരണ 2027-ലേക്ക് നീണ്ടേക്കുമെന്നും LegalClarity, Hollywood Reporter റിപ്പോർട്ട് ചെയ്യുന്നു; അന്തിമ തീരുമാനത്തിന്റെ തീയതി വ്യക്തമല്ല.",Malayalam,,,,,,,,,not enough information (NEI),,,https://usacelebs.com/celebrity-divorces-2026-complete-list-hollywood-splits/,,,,,
पाल्पाको सिद्ध बाबा मन्दिर हिउँले ढाकिएको देखिने फोटो।,"नझुक्किनुस्, हिउँले ढाकेको पाल्पाको सिद्धबाबा मन्दिरको फोटो सही होइन - Nepal Factcheck ☰ होम हाम्रो बारे मिथ्या सूचना के हो? हाम्रो वर्गीकरणको अर्थ मिथ्या सूचना: के गर्ने? FAQs तथ्यजाँच अनुरोध × होम हाम्रो बारे मिथ्या सूचना के हो? हाम्रो वर्गीकरणको अर्थ मिथ्या सूचना: के गर्ने? FAQs तथ्यजाँच अनुरोध तथ्यजाँच भ्रामक सूचना लुम्बिनी नझुक्किनुस्, हिउँले ढाकेको पाल्पाको सिद्धबाबा मन्दिरको फोटो सही होइन Home तथ्यजाँच भ्रामक सूचना सुरज घिमिरे फाल्गुन ४, २०८२ नझुक्किनुस्, हिउँले ढाकेको पाल्पाको सिद्धबाबा मन्दिरको फोटो सही होइन लुम्बिनी प्रदेशस्थित पाल्पाको तिनाउ गाउँपालिका–३ मा रहेको सिद्धबाबा मन्दिर क्षेत्रमा हिमपात भएको देखिने फोटो सामाजिक सञ्जालमा फैलिएको छ। तर, हाम्रो तथ्य जाँचले भने त्यस क्षेत्रमा हिउँ पर्ने तापक्रम नै नहुने र फोटोहरु सम्पादित भएको पुष्टि भएको छ। के हो दाबी ? सागर भण्डारी नामका फेसबुक प्रयोगकर्ताले बिहीबार (फेब्रुअरी १२) बिहान ८ः२६ आफ्नो फेसबुक पेजमा ‘बिहानै सिद्ध बाबा मन्दिरको दर्शन गर्नुहोस्’ लेख्दै एउटा फोटो राखे। फोटोमा पाल्पा जिल्लामा पर्ने तिनाउ गाउँपालिका–३ मा रहेको सिद्धबाबा मन्दिर हिउँले ढाकिएको देखिन्छ। ७१ हजार फलोअर्स भएको उक्त फेसबुक पेजमा अपलोड गरिएको तस्वीरमा हामीले शुक्रबार अपराह्न तथ्य जाँच गर्दैगर्दा ८ सय ४५ रियाक्सन छन् भने २० वटा कमेन्ट रहेका छन् । हेर्नुहोस्, स्क्रिनसट : उक्त फेसबुक पोस्टको लिङ्क र अर्काइभ लिङ्क के हो तथ्य ? हामीले तथ्य जाँच गर्ने क्रममा त्यस क्षेत्र वरपर कतै हिमपात भएको छ कि भनी खोज्यौँ। त्यस क्रममा कुनै पनि विश्वसनीय मिडियामा यसबारे समाचार प्रकाशन भएको देखेनौँ। त्यसपछि हामीले सिद्धबाबा क्षेत्रमा हिउँ पर्ने सम्भावना बारे खोज्यौँ। पाल्पा जिल्लामा रहेको भए पनि सिद्धबाबा मन्दिर रुपन्देहीको बुटवल सहरबाट नजिकै पर्छ। सिद्धार्थ राजमार्गमा पर्ने पहाडी जिल्ला पाल्पाको तिनाउ गाउँपालिका–३ मा रहेको सिद्धबाबा मन्दिर पाल्पा र रूपन्देही जिल्लाको सिमानाबाट केवल १ किलोमिटर टाढा तिनाउ नदीको किनारमा अवस्थित छ। हामीले विकिपिडियामा उपलब्ध Mithunkunwar9 युजरनेमबाट अपलोड गरिएको मेटाडेटासहितको सिद्धबाबा मन्दिरको फोटो डाउनलोड गरी त्यसलाई metadata2go बाट मेटाडेटा हेर्‍यौँ। त्यसमा यो ठाउँको उचाइ समुद्री सतहबाट २१६.४ मिटरमात्र माथि रहेको देख्यौ",NepalFactCheck.org,https://nepalfactcheck.org/2026/02/siddhababa-temple-palpa-snow-ai-edited/,,"भ्रामक सूचना। सामाजिक सञ्जालमा फैलिएको पाल्पाको तिनाउ गाउँपालिका–३ स्थित सिद्धबाबा मन्दिर क्षेत्रमा हिमपात भएको भन्ने दाबी भ्रामक हो। उक्त स्थान समुद्री सतहबाट करिब २१६ मिटर उचाइमा रहेको र नजिकैको उच्च स्थान (तानसेन, करिब १३५० मिटर) मा समेत जाडोयाममा औसत न्यूनतम तापक्रम ० डिग्री सेल्सियसभन्दा माथि रहने तथ्यांकका आधारमा त्यहाँ हिमपात हुने सम्भावना अत्यन्त न्यून देखिन्छ। साथै, रिभर्स इमेज सर्च र दृश्य तुलना गर्दा सामाजिक सञ्जालमा भाइरल तस्वीर वास्तविक फोटोमा डिजिटल सम्पादन गरी हिउँ थपेर बनाइएको पुष्टि हुन्छ। त्यसैले सिद्धबाबा मन्दिर हिउँले ढाकिएको देखिने भाइरल तस्वीर तथ्यमा आधारित नभई सम्पादित सामग्री हो। सामाजिक सञ्जालमा कुनै फोटो, भिडियो वा पोस्ट देखेर शंका लाग्यो भने त्यसको लिङ्क हामीलाई ह्वाट्सएपमा पठाउन क्लिक गर्नुस् । हामी सम्भव भएसम्म तथ्य जाँच गर्नेछौँ।",Nepali,,,,,,,,,REFUTES,,,,religion_communal,,,,
تلنگانہ حکومت کے پراجکٹس سے لاکھوں افراد کو فائدہ پہنچے گا۔,ڈاکٹر ملوروی نے بتایا کہ موسی ریور فرنٹ پراجکٹ کے نتیجہ میں لاکھوں خاندانوں کو فائدہ ہوگا۔ اس کے علاوہ، حکومت نے طلبہ کے لئے عالمی معیار کی تعلیم فراہم کرنے کے بھی اقدامات کئے ہیں۔,The Siasat Daily (Urdu) - سیاست ڈیلی، حیدرآباد,https://urdu.siasat.com/news/%d8%ba%d8%b1%db%8c%d8%a8-%d8%b7%d9%84%d8%a8%db%81-%da%a9%d9%88-%d9%85%d8%b9%db%8c%d8%a7%d8%b1%db%8c-%d8%aa%d8%b9%d9%84%db%8c%d9%85-%da%a9%db%92-%d9%85%d9%82%d8%b5%d8%af-%d8%b3%db%92-%d8%a7%d9%86%d9%b9-1599218/,,یہ ثبوت دعوے کی تصدیق کرتا ہے کیونکہ مضمون میں واضح طور پر بتایا گیا ہے کہ پراجکٹ سے لوگوں کو فائدہ پہنچنے کی توقع ہے۔,Urdu,,,,,,,,,Supported,,,,,,,,
పెన్షన్ దారులు ప్రతి నెలా ఫింగర్‌ప్రింట్‌తో పాటు డిఎన్ఏ సేకరించాలని ప్రభుత్వం ఉత్తర్వులు ఇచ్చింది.,జీవన్ ప్రమాణ్ డిజిటల్ లైఫ్ సర్టిఫికేట్‌కు కేవలం బయోమెట్రిక్/ఫేస్ అథెంటికేషన్ సరిపోతుంది; డిఎన్ఏ అవసరం లేదు.,PFRDA / PIB Fact Check,https://factcheck.pib.gov.in,,,Telugu,,,,,,,Not Supported,,,,,,,,,,
ਪ੍ਰਸਿੱਧ ਅਦਾਕਾਰ ਤਰਸੇਮ ਜੱਸੜ ਨੂੰ ਬਾਲੀਵੁੱਡ ਫਿਲਮ ਲਈ ਸਾਈਨ ਕੀਤਾ ਗਿਆ ਹੈ।,ਪ੍ਰੋਡਕਸ਼ਨ ਹਾਊਸ ਨੇ ਪ੍ਰੈਸ ਨੋਟ ਜਾਰੀ ਕਰਕੇ ਤਰਸੇਮ ਜੱਸੜ ਦੇ ਇਸ ਪ੍ਰੋਜੈਕਟ ਵਿੱਚ ਸ਼ਾਮਲ ਹੋਣ ਦੀ ਪੁਸ਼ਟੀ ਕੀਤੀ ਹੈ।,BBC News Punjabi,https://www.bbc.com/punjabi?id=10220,,,Punjab,,,,,,,,,,,,,,Supported,,,
"కాకతీయుల కాలంలో జైన, బౌద్ధ మతాలు క్షీణించాయి.","కాకతీయుల కాలంలో ప్రధాన మత పరిణామం జైన, బౌద్ధ మతాలు క్షీణించడం. బౌద్ధం పౌరాణిక హిందూ మతంలో విలీనం కావడం కనిపిస్తుంది.",Eenadu,https://pratibha.eenadu.net/tspsc/lesson/horticulture-officer/paper-1/telugu-medium/education/2-1016-335-737-1208-1493-9761-15338-,,,Telugu,,,,,,,,,Supported,,,,,,,,
कृत्रिम गर्भधारण गराउन सकिने सुविधा भएको उद्योग स्थापना भइसकेको।,"बच्चा जन्माउन बाबुआमा नै नचाहिने गरी 'एडब्ल्यु'को युग आउन लागेको? भाइरल भिडियो यसकारण गलत - Nepal Factcheck ☰ होम हाम्रो बारे मिथ्या सूचना के हो? हाम्रो वर्गीकरणको अर्थ मिथ्या सूचना: के गर्ने? FAQs तथ्यजाँच अनुरोध × होम हाम्रो बारे मिथ्या सूचना के हो? हाम्रो वर्गीकरणको अर्थ मिथ्या सूचना: के गर्ने? FAQs तथ्यजाँच अनुरोध तथ्यजाँच मिथ्या सूचना वागमती सम्बन्धित प्रदेश बच्चा जन्माउन बाबुआमा नै नचाहिने गरी ‘एडब्ल्यु’को युग आउन लागेको? भाइरल भिडियो यसकारण गलत Home तथ्यजाँच मिथ्या सूचना प्रविण भट्ट कार्तिक २१, २०८१ बच्चा जन्माउन बाबुआमा नै नचाहिने गरी ‘एडब्ल्यु’को युग आउन लागेको? भाइरल भिडियो यसकारण गलत बालबच्चा जन्माउन र हुर्काउन आमा-बाबु नै नचाहिने गरी कृत्रिम गर्भ (artificial womb) अर्थात् एडब्ल्युको युग आउन लागेको दाबी गर्दै सामाजिक सञ्जालमा एउटा भिडियो भाइरल भएको छ। भाइरल भिडियोमा जापान, बुल्गेरिया, र दक्षिण कोरियाले मिलेर ५ बिलियन डलरको लगानीमा कृत्रिम गर्भाधान गराउन सकिने उद्योगको स्थापना गरिएको दाबी गरिएको छ। तर, हाम्रो तथ्यजाँचले उक्त भिडियो मिथ्या सूचना भएको ठहर गरेको छ। युट्युबमा राखिएको एक काल्पनिक भिडियोमा एआईबाट तयार पारिएको अडियो राखेर फेसबुकमा फैलाइएको हो। के हो दावी? फेसबुक प्रयोगकर्ता जीवा लामिछानेले अक्टोबर ३१ मा पोस्ट गरेको भिडियोमा तीन देशको संयुक्त लगानीमा कृत्रिम गर्भाधान गराउन सकिने उद्योगको स्थापना भइसकेको दावी गरिएको छ। भिडियोमा कृत्रिम गर्भाधान गर्न सक्ने साना-साना गर्भाशयहरू बनाइएको देख्न सकिन्छ। यो उद्योगमा ७५ वटा प्रयोगशालाहरू छन्, प्रत्येकमा ४ सय वटा कृत्रिम गर्भाशय छन्, र प्रति वर्ष ३० हजार शिशु उत्पादन गर्न सकिने दाबी भिडियोमा बोल्नेले अङ्ग्रेजी भाषामा गरिरहेको सुन्न सकिन्छ। “कुनै पनि मानवीय हस्तक्षेप बिना एआई र नवीकरणीय ऊर्जाको मद्दतले स्वतः यो सञ्चालन हुनसक्छ,” भिडियोमा भनिएको छ। हेर्नुस् स्क्रिनरेकर्ड- नेपाली उद्यमी, साहित्यकार एवम् गैर आवासीय नेपाली सङ्गठनको अन्तर्राष्ट्रिय समन्वय परिषदका पूर्व अध्यक्ष लामिछानेले सोही फेसबुक पोस्टको कमेन्टमा “प्राकृतिक रूपमा जन्मिने हामीहरू अन्तिम पुस्ता हुनसक्छौँ” भन्ने चिन्ता समेत व्यक्त गरेका छन्। यो तथ्यजाँच तयार पार्दा सम्म ४६१ वटा रियाक्सन रहेको उक्त भिडियो १ लाख २१ हजार पटक हेरिएको छ भने ७ सय २५ पट",NepalFactCheck.org,https://nepalfactcheck.org/2024/11/ai-incubation/,,"मिथ्या सूचना। भिडियोमा दाबी गरिएजस्तो जापान, बुल्गेरिया, र दक्षिण कोरिया मिलेर ५ बिलियन डलरको लगानीमा कृत्रिम गर्भाधान गराउन सकिने उद्योग स्थापना भइसकेको छैन। यस्तो प्रविधिबारे बनेको काल्पनिक एनिमेटेड भिडियो फिल्म निर्माता हसिम अल घाइलीले आफ्नो युट्युबमा राखेका थिए। त्यही भिडियोमा एआई जेनेरेटेड काल्पनिक अडियो राखिएको भिडियो अहिले भाइरल भएको हो।",Nepali,,,,,,,,,REFUTES,,,,finance_investment,,,,
പുണെ പോർഷെ അപകട കേസിലെ 17 വയസ്സുകാരനെ മുതിർന്നയാളായി വിചാരണ ചെയ്ത് 10 വർഷം തടവിന് ശിക്ഷിച്ചു.,"പോലീസ് കമ്മീഷണർ പ്രതി 10 വർഷം ജയിൽ ശിക്ഷ നേരിടുമെന്ന് പ്രസ്താവിച്ചെങ്കിലും, കേസ് ജുവനൈൽ ജസ്റ്റിസ് ബോർഡിൽ തുടർന്നു, പ്രതിയെ മുതിർന്നയാളായി വിചാരണ ചെയ്ത് ശിക്ഷിച്ചതായി സ്ഥിരീകരണം ലഭിച്ചിട്ടില്ല.",Pune Police Statement (via Deccan Herald),https://www.deccanherald.com/amp/story/india%2Fmaharashtra%2Funder-sec-304-of-ipc-pune-porsche-accident-accused-faces-10-year-jail-term-commissioner-amitesh-kumar-3036995,,,Malayalam,,,,,,,Not Supported,,,,Deccan Herald റിപ്പോർട്ട് സ്ഥിരീകരിക്കുന്നു: പുണെ പോർഷെ കേസിലെ 17 വയസ്സുകാരനെ മുതിർന്നയാളായി വിചാരണ ചെയ്ത് ശിക്ഷിച്ചതായി സ്ഥിരീകരണമില്ല; കേസ് ജുവനൈൽ ജസ്റ്റിസ് ബോർഡിൽ തുടർന്നു — Not Supported ശരി.,,,,,,
ന്യൂയോർക്കിലെ ബഫലോയിലുള്ള ഒരു സൂപ്പർമാർക്കറ്റിൽ 2022 മെയ് 14-ന് വംശീയ പ്രേരിതമായ വെടിവയ്പിൽ 10 കറുത്തവർഗക്കാർ കൊല്ലപ്പെട്ടു.,വെളുത്ത വർഗീയവാദിയായ 18 വയസ്സുകാരൻ കറുത്തവർഗക്കാർ കൂടുതലുള്ള പ്രദേശത്തെ സൂപ്പർമാർക്കറ്റ് ലക്ഷ്യമിട്ട് നടത്തിയ ആക്രമണത്തിൽ 10 പേർ കൊല്ലപ്പെടുകയും 3 പേർക്ക് പരിക്കേൽക്കുകയും ചെയ്തു.,Wikipedia (Buffalo shooting),https://en.wikipedia.org/wiki/Buffalo_shooting,,,Malayalam,,,,,,,Supported,,,,"വിക്കിപീഡിയയും ബഹു സ്രോതസ്സുകളും സ്ഥിരീകരിക്കുന്നു: 2022 മേയ് 14-ന് ബഫലോയിലെ സൂപ്പർമാർക്കറ്റിൽ വംശീയ പ്രേരിത വെടിവയ്പിൽ 10 കറുത്തവർഗക്കാർ കൊല്ലപ്പെട്ടു, 3 പേർക്ക് പരിക്കേറ്റു — ക്ലെയിം കൃത്യമാണ്.",,,,,,
मुस्ताङको एक मतदान केन्द्रमा ४ जना मात्र मतदाता छन्।,"के टिकटकमा दावी गरिए जस्तो साँच्चै यो केन्द्रमा ४ जना मात्र मतदाता हुन्? होइन, तथ्य यस्तो छ - Nepal Factcheck ☰ होम हाम्रो बारे मिथ्या सूचना के हो? हाम्रो वर्गीकरणको अर्थ मिथ्या सूचना: के गर्ने? FAQs तथ्यजाँच अनुरोध × होम हाम्रो बारे मिथ्या सूचना के हो? हाम्रो वर्गीकरणको अर्थ मिथ्या सूचना: के गर्ने? FAQs तथ्यजाँच अनुरोध तथ्यजाँच गण्डकी भ्रामक सूचना सम्बन्धित प्रदेश के टिकटकमा दावी गरिए जस्तो साँच्चै यो केन्द्रमा ४ जना मात्र मतदाता हुन्? होइन, तथ्य यस्तो छ Home तथ्यजाँच भ्रामक सूचना उमेश श्रेष्ठ फाल्गुन २१, २०८२ के टिकटकमा दावी गरिए जस्तो साँच्चै यो केन्द्रमा ४ जना मात्र मतदाता हुन्? होइन, तथ्य यस्तो छ मुस्ताङ जिल्लाको एक मतदान केन्द्रमा ४ जना मात्र मतदाता रहेको दावीसहितको भिडियो सामाजिक सञ्जाल टिकटकमा भाइरल भइरहेको छ। तर नेपालफ्याक्टचेकले गरेको तथ्यजाँचमा उक्त मतदान केन्द्रमा दावी गरिएभन्दा ९ गुणा बढी मतदाता रहेको पुष्टि भएको छ। के हो दाबी? टिकटक प्रयोगकर्ता @corporate_0fficial ले एउटा भिडियो पोस्ट गर्दै नेपालमा यस्तो मतदान केन्द्र रहेको दाबी गरेका छन् जहाँ केवल ४ जना मात्र मतदाता रहेका छन्। समाचार वाचनको शैलीमा पछाडि स्क्रिनमा एआईबाट जेनेरेट गरेको जस्तो देखिने बिग्रिएको नेपाली अक्षरसहितको ठाउँसहित एक महिलाले मुस्ताङ जिल्लाको बारागुङ मुक्तिक्षेत्र गाउँपालिकाको वडा नं. ५ को साङता गाउँस्थित श्री हिमाली आधारभूत विद्यालय मा ४ जना मात्र मतदाता रहेको दाबी गरिएको छ। यो भिडियो पोस्ट भएको टिकटकमा बुधबार रातिसम्म ५ लाख ३५ हजार भ्युज, २८ हजार लाइक, १३७ कमेन्ट र ११५५ फेभरेट रहेको देखिन्छ। यही भिडियोको आवाज प्रयोग गरेर अन्य १८ प्रयोगकर्ताले पनि भिडियो बनाएर फैलाएका छन्। हेर्नुस् स्क्रिनरेकर्ड– टिकटक लिङ्क के हो तथ्य? भिडियोमा देखाइएको स्थानको विवरणका आधारमा हामीले निर्वाचन आयोगमा प्रकाशित मतदाता नामावली जाँच गर्‍यौँ। जाँच गर्दा त्यहाँ कूल ३९ जना मतदाता रहेको देखियो। हेर्नुस् स्क्रिनसट– अर्थात् सामाजिक सञ्जालमा गरिएको “४ जना मात्र मतदाता” भन्ने दाबी गलत छ। तथ्य जाँच",NepalFactCheck.org,https://nepalfactcheck.org/2026/03/mustang-polling-station-4-voters-fact-check/,,"भारत-पाकिस्तान युद्ध बारे प्रधानमन्त्री ओलीले के भनेका हुन् ? बैशाख ३०, २०८२ यसमा प्रकाशित सबै सामग्री CC BY 4.0 अन्तर्गत छन्। यसलाई NepalFactCheck.org भनेर स्रोत खोलेर पूर्ण वा आशय फरक नपर्ने गरी सम्पादन गरी पुन: प्रकाशन गर्न पाइन्छ। ×",Nepali,,,,,,,,,REFUTES,,,,politics_elections,,,,
ਜੈਸਮੀਨ ਸੈਂਡਲਾਸ ਨੇ ਨਿਊਜ਼ੀਲੈਂਡ ਵਿੱਚ ਆਪਣੇ ਨਵੇਂ ਸੰਗੀਤਕ ਟੂਰ ਦਾ ਐਲਾਨ ਕੀਤਾ ਹੈ।,"ਅਧਿਕਾਰਤ ਸੋਸ਼ਲ ਮੀਡੀਆ ਹੈਂਡਲ ਮੁਤਾਬਕ, ਜੈਸਮੀਨ ਸੈਂਡਲਾਸ ਨੇ ਨਿਊਜ਼ੀਲੈਂਡ ਟੂਰ ਦੀ ਪੁਸ਼ਟੀ ਕੀਤੀ ਹੈ।",Ajit Web TV,https://www.ajitjalandhar.com/?id=10367,,,Punjab,,,,,,,,,,,,,,Supported,,,
पूर्व प्रधानमन्त्री पुष्पकमल दाहालमाथि जुत्ता प्रहार।,"पुष्पकमल दाहालमाथि जुत्ता प्रहार? होइन, चार वर्ष पुरानो भिडियो भाइरल - Nepal Factcheck ☰ होम हाम्रो बारे मिथ्या सूचना के हो? हाम्रो वर्गीकरणको अर्थ मिथ्या सूचना: के गर्ने? FAQs तथ्यजाँच अनुरोध × होम हाम्रो बारे मिथ्या सूचना के हो? हाम्रो वर्गीकरणको अर्थ मिथ्या सूचना: के गर्ने? FAQs तथ्यजाँच अनुरोध तथ्यजाँच भ्रामक सूचना वागमती सम्बन्धित प्रदेश पुष्पकमल दाहालमाथि जुत्ता प्रहार? होइन, चार वर्ष पुरानो भिडियो भाइरल Home तथ्यजाँच भ्रामक सूचना सागर बुढाथोकी पुस ११, २०८१ पुष्पकमल दाहालमाथि जुत्ता प्रहार? होइन, चार वर्ष पुरानो भिडियो भाइरल पूर्व प्रधानमन्त्री पुष्पकमल दाहालमाथि जुत्ता प्रहार भएको दावी गरिएको भिडियो टिकटकमा भाइरल भएको छ। कुनै सन्दर्भ उल्लेख नगरी ‘प्रचण्डमाथि जुत्ता प्रहार भएपछि…’ क्याप्सन राखेर हालिएको उक्त भिडियोमा हालसालै जुत्ता प्रहार गरेको जस्तो ठानेर अधिकांशले कमेन्ट गरेको भेटिएपछि हामीले यो भिडियोको तथ्यजाँच गरेका छौँ। हाम्रो तथ्य जाँचले यो भिडियो भ्रामक देखाएको छ। पूर्व प्रधानमन्त्री दाहाल सहभागी कार्यक्रममा अहिले हैन चार वर्षअघि २०७६ फागुनमा जुत्ता प्रहार भएको थियो। के छ दावी ? Jgarchabalenelegarcha नामक टिकटक प्रयोगकर्ताले डिसेम्बर १० मा ‘प्रचण्डमाथि जुत्ता प्रहार भएपछि…’ क्याप्सन राखेर १४ सेकेण्ड लामो एउटा भिडियो पोस्ट गरेका छन्। हेर्नुस्, स्क्रिनसट भिडियोमा मञ्चमा पूर्व प्रधानमन्त्री दाहालसँगै अरु मानिसहरु देखिन्छन् भने मञ्च अगाडि सञ्चारमाध्यमका क्यामेराहरु देखिन्छन्। त्यही भीडबाट सुरक्षाकर्मीले एक जना युवालाई लछारपछार गर्दै लगेको देखिन्छ। तर, भिडियोमा जुत्ता प्रहार गरेको देखिन्न। हेर्नुस्, स्क्रिनरेकर्ड https://nepalfactcheck.org/wp-content/uploads/2024/12/Hamro-Nepal-@jgarchabalenelegarcha-_-TikTok.mp4 यो तथ्यजाँच गर्दासम्म उक्त पोस्टमा झण्डै १७ हजार रियाक्सन छ भने ४२९ वटा कमेन्ट छ र ६९३ पटक सेयर गरिएको छ। तथ्य के हो ? यो भिडियोको तथ्यजाँच गर्नका लागि हामीले सुरुमा भिडियोलाई सूक्ष्म ढंगले हेर्‍यौँ। कार्यक्रमको ब्यानरमा भरतमोहन अधिकारीको प्रथम स्मृति सभा लेखेको प्रष्ट देख्न सकिन्छ। त्यस्तै कार्यक्रमको आयोजना २०७६ फागुन १८ गते भएको ब्यानरमै उल्लेख छ। हेर्नुस् स्क्रिनसट यो विषयमा थप बुझ्नका लागि हामीले गुगलमा ‘राष्ट्रिय सभा गृहमा प्रचण्डमाथि जुत्ता ",NepalFactCheck.org,https://nepalfactcheck.org/2024/12/shoe-throwing-incident-pushpa-kamal-dahal-fact-check/,,भ्रामक सूचना। हालसालै पूर्वप्रधानमन्त्री पुष्पकमल दाहालमाथि जुत्ता प्रहार भएको छैन।Jgarchabalenelegarcha ले अपलोड गरेको भिडियो २०७६ फागुन १८ गतेको हो । त्यसैले उक्त दावी भ्रामक हो।,Nepali,,,,,,,,,REFUTES,,,,politics_elections,,,,
NPCI ने UPI उपयोगकर्ताओं को भुगतान से पहले व्यापारी (Merchant) का नाम जांचने की सलाह दी है।,NPCI भुगतान की पुष्टि से पहले Merchant Name और Amount सत्यापित करने की अनुशंसा करता है।,NPCI,https://www.npci.org.in,,व्यापारी का नाम जांचने से गलत भुगतान से बचा जा सकता है।,Hindi,,,,,,,,,,Supported,,,,,,,
എഫ്ബിഐ രഹസ്യമായി നിയന്ത്രിച്ച 'ആനം' എന്ന എൻക്രിപ്റ്റഡ് ആപ്പ് ഉപയോഗിച്ച് 2021-ൽ ലോകമെമ്പാടും 800-ലധികം പേരെ അറസ്റ്റ് ചെയ്തു.,"'ഓപ്പറേഷൻ ട്രോജൻ ഷീൽഡ്' എന്ന ദൗത്യത്തിൽ ക്രിമിനൽ സംഘങ്ങൾ സുരക്ഷിതമെന്ന് കരുതി ഉപയോഗിച്ച ആനം ആപ്പിലെ സന്ദേശങ്ങൾ എഫ്ബിഐ നിരീക്ഷിച്ചു, 2021 ജൂൺ 8-ന് 16 രാജ്യങ്ങളിലായി നടത്തിയ റെയ്ഡുകളിൽ 800-ലധികം പേർ അറസ്റ്റിലായി.",NPR,https://www.npr.org/2021/06/08/1004332551/drug-rings-platform-operation-trojan-shield-anom-operation-greenlight,,,Malayalam,,,,,,,Supported,,,,NPR സ്ഥിരീകരിക്കുന്നു: 'ഓപ്പറേഷൻ ട്രോജൻ ഷീൽഡ്'-ൽ FBI നിയന്ത്രിച്ച ആനം ആപ്പ് വഴി 2021 ജൂൺ 8-ന് 16 രാജ്യങ്ങളിൽ 800-ലധികം പേർ അറസ്റ്റിലായി — ക്ലെയിം കൃത്യമാണ്.,,,,,,
"स्याङजामा बन्यो २१ लाख लागतको पुल, तर पुल तर्ने कोही भएनन्।","के हो २१ लाख रुपैयाँमा स्याङ्जामा बनेको पुल भन्दै भाइरल भएको फोटोको तथ्य? - Nepal Factcheck ☰ होम हाम्रो बारे मिथ्या सूचना के हो? हाम्रो वर्गीकरणको अर्थ मिथ्या सूचना: के गर्ने? FAQs तथ्यजाँच अनुरोध × होम हाम्रो बारे मिथ्या सूचना के हो? हाम्रो वर्गीकरणको अर्थ मिथ्या सूचना: के गर्ने? FAQs तथ्यजाँच अनुरोध गण्डकी तथ्यजाँच भ्रामक सूचना के हो २१ लाख रुपैयाँमा स्याङ्जामा बनेको पुल भन्दै भाइरल भएको फोटोको तथ्य? Home तथ्यजाँच भ्रामक सूचना उमेश श्रेष्ठ माघ १५, २०७९ के हो २१ लाख रुपैयाँमा स्याङ्जामा बनेको पुल भन्दै भाइरल भएको फोटोको तथ्य? स्याङ्जामा २१ लाख रुपैयाँ लागतको एउटा पुल बनेको तर पुल तर्ने कोही नभएको भन्दै एउटा फोटोसहितको पोस्ट सामाजिक सञ्जालमा भाइरल भएको छ। फोटोमा एउटा सानो काठे पुल देखिन्छ। तर हाम्रो तथ्य जाँचमा यो भ्रामक देखिन्छ। उक्त पुलको बारेमा गलत व्याख्यासहित पोस्ट गरेको देखिएको छ। फेसबुकमा साथीखबर नामको एउटा पेजले साथीखबरडटकममा प्रकाशित ‘स्याङजामा बन्यो २१ लाख लागतको पुल तर पुल तर्ने कोहि भएनन’ शीर्षकको एउटा लिङ्कसहितको पोस्ट गरेको छ। ३ जनवरी २०२३ मा प्रकाशित यो समाचारमा जनवरी २९ दिउँसोसम्म २ हजार ६ सय रियाक्सन, १५२ कमेन्ट र ४२ सेयर भएको देखिन्छ। हेर्नुस् अर्काइभ लिङ्क सोही पेजले जनवरी २६ मा राखेको यही शीर्षक र लिङ्कसहितको अर्को पोस्टमा जनवरी २९ दिउँसोसम्म ४ हजार ८ सय रियाक्सन, २४८ कमेन्ट र ६२ सेयर देखिन्छ। हेर्नुस् अर्काइभ लिङ्क के हो तथ्य ? सो वेबसाइटमा क्लिक गरी हेर्दा शीर्षकबारे खासै केही लेखिएको छैन। पहिलो लाइनमा लेखिएको छ, ‘पुल स्याङ्जाको कालीगण्डकी गाउँपालिका–४ बिर्घामा १७ लाख २२ हजार लागतमा १० दिनमै बनेको पुल। के कुरा सिकौं है स्याङ्जालिबाट सहि लागे सियर गरौ।’ यसबाहेक थप केही विवरण त्यसमा उल्लेख छैन। उक्त वेबसाइटलाई न्युजपोर्टल जस्तो देखाइए पनि सञ्चालक वा पत्रकार अथवा सम्पादक कसैको पनि नाम र परिचय खुलाइएको छैन। वेबसाइट कहाँबाट सञ्चालित भन्नेसमेत खुलाइएको छैन। २१ लाख लागतको पुल दावी गरी भाइरल बनाइएको फोटोबारे गुगलमा रिभर्स इमेज सर्च गरी खोज्दा हामी थाहाखबरमा २०७९ पुस १८ मा प्रकाशित यो समाचारमा पुग्यौँ। हेर्नुस् थाहाखबरमा प्रकाशित समाचारको अर्काइभ लिङ्क। समाचारमा उल्लेख भए अनुसार यो पुल स्याङ्जाको कालीगण्डकी गाउँपालिका–४ बिर्घास्थित काठेखोलामा बनेको हो।",NepalFactCheck.org,https://nepalfactcheck.org/2023/01/syangja-viral-bridge/,,"भ्रामक सूचना। थाहाखबर र गोरखापत्रले यही पुलको फोटोसहितको विस्तृत समाचार राखेका छन्। समाचार अनुसार पुल स्याङ्गजामा बनेको त हो, तर लागत भाइरल भएको सूचनामा जस्तो २१ लाख नभएर ५ लाख २२ हजार रुपैयाँमात्र हो। त्यसैगरी पुल तर्ने कोही भएनन् भनी गरिएको दावी पनि भ्रामक छ। पुलले स्थानीय बासिन्दा र विद्यार्थीहरुलाई ओहोरदोहोर गर्न राहत पुगेको गाउँपालिका अध्यक्ष खिमबहादुर थापालाई उद्‍धृत गर्दै प्रकाशित समाचारमा लेखिएको छ।",Nepali,,,,,,,,,REFUTES,,,,finance_investment,,,,
पाकिस्तानले भारतका ५ फाइटर विमान ध्वस्त गरेको फोटो सार्वजनिक गर्‍यो,"के पाकिस्तानले भारतको फाइटर विमान ध्वस्त गरेको फोटो सार्वजनिक गरेको हो ? - Nepal Factcheck ☰ होम हाम्रो बारे मिथ्या सूचना के हो? हाम्रो वर्गीकरणको अर्थ मिथ्या सूचना: के गर्ने? FAQs तथ्यजाँच अनुरोध × होम हाम्रो बारे मिथ्या सूचना के हो? हाम्रो वर्गीकरणको अर्थ मिथ्या सूचना: के गर्ने? FAQs तथ्यजाँच अनुरोध भ्रामक सूचना तथ्यजाँच वागमती सम्बन्धित प्रदेश के पाकिस्तानले भारतको फाइटर विमान ध्वस्त गरेको फोटो सार्वजनिक गरेको हो ? Home तथ्यजाँच भ्रामक सूचना सागर बुढाथोकी बैशाख २८, २०८२ के पाकिस्तानले भारतको फाइटर विमान ध्वस्त गरेको फोटो सार्वजनिक गरेको हो ? पाकिस्तानले भारतका ५ फाइटर विमान ध्वस्त गरेको फोटो सार्वजानिक गरेको भन्दै एक्समा (पहिले ट्विटर भनिने) एउटा फोटो भाइरल भएको छ। तर हाम्रो तथ्यजाँचले उक्त दावी भ्रामक रहेको ठहर गरेको छ । पाकिस्तानले सार्वजानिक गरेको भनिएको फोटो २०१९ फेब्रअरी १७ जम्मु-कश्मीरको बडगाममा खसेको भारतीय वायुसेना हेलिकप्टरको हो। के छ दावी ? एक्समा पाँच हजार फलोअर्स भएका अर्जुन ज्ञवाली ( @arjungyawali999 ) नामक प्रयोगकर्ताले मे ७ मा ‘पाकिस्तानले भारतका ५ फाइटर विमान ध्वस्त गरेको सार्वजनिक गर्‍यो’ क्याप्सन राखेर एउटा फोटो पोस्ट गरेका छन् । हेर्नुस्, स्क्रिनसट । अर्काइभ लिंक यो तथ्यजाँच गर्दासम्म उक्त पोस्ट ३५ हजार जनाले हेरेका छन भने १९२ रियाक्सन, १०३ वटा कमेन्ट र २७ पटक रिपोस्ट गरिएको छ । तथ्य के हो ? यो फोटोबारे तथ्यजाँच गर्नका लागि सुरुमा हामीले रिभर्स इमेज सर्च गर्‍यौँ । त्यो क्रममा सोही फोटो प्रयोग गरेर न्युयोर्करमा ‘ Why the War for Kashmir Burns On ’ शीर्षकमा प्रकाशित स्टोरी फेला पार्‍यौँ। न्यूयोर्करमा प्रकाशित उक्त फोटो हेर्दा ज्ञवालीले सोही फोटोलाई क्रप गरेर हालेको बुझ्न सकिन्छ । २०१९ फेब्रुअरी २८ मा प्रकाशित भएको उक्त फोटोको क्याप्सनमा ‘पाकिस्तानी सेनाले बुधबार भारतीय सेनाको दुई विमान खसालेको दावी गरेको छ, उक्त फोटो सोही घटनासँग सम्बन्धित रहेको बुझ्न सकिन्छ। उक्त स्टोरीमा सोही दिन जम्मू र कश्मीरको बडगाममा भएको भारतीय वायुसेनाको विमान दुर्घटनाको सन्दर्भ पनि उल्लेख छ। हेर्नुस्, स्क्रिनसट त्यसपछि हामीले २०१९ फेब्रुअरी २७ मा भारत- पाकिस्तान जोडिएका विवादलाई विस्तृतमा बुझ्न गुगलमा सर्च गर्‍यौँ । त्यो क्रममा न्यूज १८ मा फ्रेब्रुअरी २७ मा प्रकाशित ‘ PH",NepalFactCheck.org,https://nepalfactcheck.org/2025/05/pakistan-indian-jets-photo-2019-fake-claim/,,भ्रामक सूचना। अर्जुन ज्ञवालीले अहिले भारत पाकिस्तान विवादको सन्दर्भ उल्लेख गरेर हालिएको फोटो २०१९ फ्रेब्रुअरीको २७ मा जम्मु र कश्मीरको बडगाम जिल्लामा भएको भारतीय सेनाको हेलिकप्टरको हो।,Nepali,,,,,,,,,REFUTES,,,,finance_investment,,,,
रात को सोने से पहले पैर के तलवों पर सरसों का तेल मलने से आंखों की रोशनी वापस आ जाती है।,"राष्ट्रीय नेत्र संस्थान के अनुसार दृष्टि दोष को सुधारने के केवल स्थापित तरीके चश्मे, कॉन्टैक्ट लेंस या सर्जरी हैं; पैर के तलवों पर तेल मलने का इससे कोई वैज्ञानिक संबंध स्थापित नहीं है।",National Eye Institute,https://www.nei.nih.gov/learn-about-eye-health/eye-conditions-and-diseases/refractive-errors,REFUTED,"दावा गलत है। राष्ट्रीय नेत्र संस्थान के अनुसार दृष्टि दोष सुधारने के स्थापित तरीके केवल चश्मा, कॉन्टैक्ट लेंस और सर्जरी हैं; पैर के तलवों पर सरसों का तेल मलने से आंखों की रोशनी लौटने का कोई चिकित्सीय प्रमाण नहीं है, इसलिए दावा खंडित होता है।",Hindi,,,,,,,,,,,,,,,,,
"ప్రధాన్ మంత్రి మాతృ వందన యోజన (PMMVY) కింద గర్భిణులకు తొలి సంతానానికి రూ. 5,000 ఆర్థిక సహాయం లభిస్తుంది.",ఆరోగ్య పరిరక్షణ మరియు పోషకాహార మద్దతు కోసం డిబిటి ద్వారా మూడు వాయిదాలలో జమ చేస్తారు.,Ministry of Women and Child Development,https://wcd.nic.in,,,Telugu,,,,,,,Supported,,,,,,,,,,
ബൈക്കിലുള്ള പുരുഷന്മാർ ഒരു കുട്ടിയെ തട്ടിക്കൊണ്ടുപോകുന്നതായി കാണിക്കുന്ന വീഡിയോ വൈറലായി.,ഈ വീഡിയോ 2022 ലേതാണെന്നും അടുത്തിടെ നടന്ന സംഭവമല്ലെന്നും അന്വേഷണത്തിൽ കണ്ടെത്തി; ബന്ധപ്പെട്ട ഫോൺ നമ്പർ വ്യാജമായിരുന്നു.,NewsMeter,https://newsmeter.in/fact-check/viral-video-showing-child-being-kidnapped-by-bikers-is-a-hoax-725458,,,Malayalam,,,,,,,Not Supported,,,,"NewsMeter ഫാക്ട് ചെക്ക് സ്ഥിരീകരിക്കുന്നു: ബൈക്കിലുള്ളവർ കുട്ടിയെ തട്ടിക്കൊണ്ടുപോകുന്നതായി കാണിക്കുന്ന വൈറൽ വീഡിയോ 2022-ലേതാണ്, സമീപകാല സംഭവമല്ല; ബന്ധപ്പെട്ട ഫോൺ നമ്പർ വ്യാജമായിരുന്നു — Not Supported ലേബൽ കൃത്യമാണ്.",,,,,,
सुकुम्बासी बस्तीमा पूर्वमन्त्री किरातीको ६ तले घरमा डोजर चलेको,"सुकुम्बासी बस्तीको 'आलिशान भवन' पूर्वमन्त्री किरातीको भएको दावी गलत - Nepal Factcheck ☰ होम हाम्रो बारे मिथ्या सूचना के हो? हाम्रो वर्गीकरणको अर्थ मिथ्या सूचना: के गर्ने? FAQs तथ्यजाँच अनुरोध × होम हाम्रो बारे मिथ्या सूचना के हो? हाम्रो वर्गीकरणको अर्थ मिथ्या सूचना: के गर्ने? FAQs तथ्यजाँच अनुरोध तथ्यजाँच भ्रामक सूचना वागमती सुकुम्बासी बस्तीको ‘आलिशान भवन’ पूर्वमन्त्री किरातीको भएको दावी गलत Home तथ्यजाँच भ्रामक सूचना टेकमान शाक्य बैशाख २०, २०८३ सुकुम्बासी बस्तीको ‘आलिशान भवन’ पूर्वमन्त्री किरातीको भएको दावी गलत पूर्वमन्त्री गोपाल किरातीले मनोहराको सुकुम्बासी बस्तीमा ६ तले आलिशान भवन बनाएको र सरकारले त्यसमा डोजर चलाएको दाबीसहितको तस्बिर सामाजिक सञ्जालमा भाइरल भएको छ। तर, नेपालफ्याक्टचेकको स्थलगत अनुसन्धानमा उक्त आलिशान भवन सुकुम्बासी बस्ती बाहिर रहेको, त्यो नभत्किएको अनि घर पनि किरातीको नभएको पुष्टि भएको छ। यद्यपि, किराती बस्दै आएको सुकुम्बासी बस्तीभित्रको अस्थायी टहरोमा भने डोजर चलेको सत्य हो। के हो दावी ? सीधाकुरा डटकमले २०८३ साल वैशाख १४ गते प्रकाशित समाचारमा पूर्वमन्त्री गोपाल किरातीको घर सरकारले भत्काएको दाबी गरेको छ। समाचारमा सुकुम्बासी बस्तीको जग्गा कब्जा गरी किरातीले आलिशान भवन बनाएको उल्लेख गर्दै एउटा ६ तले घरलाई रातो घेरा लगाएर देखाइएको छ। यस्तै, पूर्वसचिव भीम उपाध्यायले सोही समाचारको ग्राफिक्स प्रयोग गर्दै सन् २०२६ अप्रिल २७ मा फेसबुक स्टाटस लेख्दै किरातीको ६ तले घर प्रहरीले भत्काएको दाबी गरेका छन्। दावीको प्रभाव: सीधाकुराको समाचार: ३७१ पटकभन्दा बढी सेयर। भीम उपाध्यायको पोस्ट: ३,४०० भन्दा बढी रियाक्सन र २४० पटक सेयर। हेर्नुहोस् सीधाकुराको समाचारको स्क्रिनसट सीधाकुराको लिंक यहाँ छ भने अर्काइभ लिंक यहाँ छ । भीम उपाध्यायको पोस्टको स्क्रिनसट हेर्नुहोस् भीम उपाध्यायको लिंक यहाँ छ भने अर्काइभ लिंक यहाँ छ । के हो तथ्य ? हामीले यस दाबीको तथ्य जाँच गर्न निम्न प्रक्रिया अपनायौँ: क) रिभर्स इमेज सर्च हामीले सबैभन्दा पहिले गोलो घेरामा हाइलाइट गरिएको घरको फोटोलाई गुगलमा रिभर्स इमेज सर्च गरेर हेर्‍यौँ। नतिजामा नेपालभ्युज डटकमले यही घर देखिनेगरी ड्रोनबाट खिचिएको तस्बिर भन्दै २०८३ सालको वैशाख १३ गते केही तस्बिर सार्वजनिक गरेको भेटियो । जहाँ सीधाकुरा डटकम र पूर्वसचिव उपाध्",NepalFactCheck.org,https://nepalfactcheck.org/2026/05/claim-that-former-minister-gopal-kiratis-6-storey-house-was-bulldozed-in-squatter-settlement-is-misleading/,,"भारत-पाकिस्तान युद्ध बारे प्रधानमन्त्री ओलीले के भनेका हुन् ? बैशाख ३०, २०८२ यसमा प्रकाशित सबै सामग्री CC BY 4.0 अन्तर्गत छन्। यसलाई NepalFactCheck.org भनेर स्रोत खोलेर पूर्ण वा आशय फरक नपर्ने गरी सम्पादन गरी पुन: प्रकाशन गर्न पाइन्छ। ×",Nepali,,,,,,,,,REFUTES,,,,politics_elections,,,,
"పిఎం స్వనిధి (PM SVANidhi) పథకం వీధి వ్యాపారులకు తొలి విడతగా రూ. 10,000 పూచీకత్తు లేని రుణం అందిస్తుంది.","క్రమబద్ధమైన డిజిటల్ చెల్లింపులు మరియు సకాలంలో లోన్ చెల్లిస్తే తదుపరి రూ. 20,000 మరియు రూ. 50,000 రుణం దక్కుతుంది.",Ministry of Housing and Urban Affairs,https://pmsvanidhi.mohua.gov.in,,,Telugu,,,,,,,Supported,,,,,,,,,,
తమిళనాడులో ముస్లిం వ్యక్తి ఆలయానికి స్థలం దానం చేశాడు.,"కారైక్కాల్‌లో అబ్దుల్ ఖాదర్ 1,200 చదరపు అడుగుల స్థలం దానం.",Andhra Jyothi,https://www.andhrajyothy.com/2020/national/a-muslim-who-donated-land-for-a-temple-121133.html,,,Telugu,,,,,,,,,Supported,,,,,,,,
روس جی 7 ممالک کو تیل کی فراہمی جاری رکھے گا، چاہے وہ پابندیاں عائد کریں۔,روس کے نائب وزیراعظم الیگزینڈر نوواک نے کہا ہے کہ روس ان ممالک یا کمپنیوں کو تیل فراہم نہیں کرے گا جو واشنگٹن کی جانب سے تیل کی قیمت کی تجویز کی حمایت کرتے ہیں یا پابندیاں عائد کرتے ہیں۔ انہوں نے واضح کیا کہ اگر جی 7 ممالک نے اس طرح کی اقدامات کیے تو روس تیل کی فراہمی روک دے گا۔,The Siasat Daily (Urdu) - سیاست ڈیلی، حیدرآباد,https://urdu.siasat.com/news/%d8%b1%d9%88%d8%b3-%da%a9%db%8c-%d8%ac%db%8c-%db%94-7-%d9%85%d9%85%d8%a7%d9%84%da%a9-%da%a9%d9%88-%d8%aa%db%8c%d9%84-%da%a9%db%8c-%d9%81%d8%b1%d8%a7%db%81%d9%85%db%8c-%d8%b1%d9%88%da%a9%d9%86%db%92-1405705/,,ایویڈنس میں واضح طور پر کہا گیا ہے کہ روس پابندیاں عائد کرنے والے ممالک کو تیل فراہم نہیں کرے گا، جس سے دعویٰ کی تردید ہوتی ہے۔,Urdu,,,,,,,,,Not Supported,,,,,,,,
നടി ഡയാൻ കീറ്റൻ 2025-ലെ ശരത്കാലത്ത് അന്തരിച്ചു.,റോബർട്ട് റെഡ്ഫോർഡിന്റെ മരണത്തിന് പിന്നാലെ ഡയാൻ കീറ്റന്റെ മരണവാർത്തയും വന്നു.,Variety,,,"ഡയാൻ കീറ്റൺ 2025 ഒക്ടോബർ 11-ന് (ശരത്കാലത്ത്) അന്തരിച്ചു എന്ന് Wikipedia, Variety, Hollywood Reporter സ്ഥിരീകരിക്കുന്നു.",Malayalam,,,,,,,,,Supported,,,https://variety.com/gallery/celebrity-deaths-2025-2/,,,,,
विभिन्न अन्तर्राष्ट्रिय मिडियाले एमाले महाधिवेशनबारे लेखेका छन्।,"के हो 'एमाले महाधिवेशन अन्तर्राष्ट्रिय नजरमा' लेखिएको भाइरल पोस्टको तथ्य? - Nepal Factcheck ☰ होम हाम्रो बारे मिथ्या सूचना के हो? हाम्रो वर्गीकरणको अर्थ मिथ्या सूचना: के गर्ने? FAQs तथ्यजाँच अनुरोध × होम हाम्रो बारे मिथ्या सूचना के हो? हाम्रो वर्गीकरणको अर्थ मिथ्या सूचना: के गर्ने? FAQs तथ्यजाँच अनुरोध तथ्यजाँच मिथ्या सूचना वागमती सम्बन्धित प्रदेश के हो ‘एमाले महाधिवेशन अन्तर्राष्ट्रिय नजरमा’ लेखिएको भाइरल पोस्टको तथ्य? Home तथ्यजाँच मिथ्या सूचना उमेश श्रेष्ठ मंसिर १३, २०७८ के हो ‘एमाले महाधिवेशन अन्तर्राष्ट्रिय नजरमा’ लेखिएको भाइरल पोस्टको तथ्य? चितवनमा भइरहेको नेकपा एमालेको १० औँ महाधिवेशन बारे अन्तर्राष्ट्रिय मिडियामा भएको कभरेज दावी गरिएको एउटा पोस्ट यतिबेला सामाजिक सञ्जालमा भाइरल भइरहेको छ। वागमती प्रदेशका पूर्व मुख्यमन्त्री डोरमणि पौडेलसहित थुप्रैले यो पोस्ट फेसबुकमा सेयर गरेको देखिन्छ। के साँच्चै दावी गरिएको जस्तै अन्तर्राष्ट्रिय मिडियाले लेखेका हुन्? यसबारे हामीले तथ्य जाँच गरेका छौँ। वागमती प्रदेशका पूर्व मुख्यमन्त्री डोरमणि पौडेलले गरेको यो पोस्टमा सोमबार रातिसम्म १११ कमेन्ट, ६३ सेयर र साढे नौ सय भन्दा बढी रियाक्सन छन्। पौडेलबाहेक अरु थुप्रैले पनि फेसबुकमा यो पोस्ट सेयर गरेका छन्। के देखियो तथ्य जाँचमा ? १) ठाउँ कब्जा गरेको हिसाबले एमाले महाधिबेशनमा १० लाख भन्दा बढी मानवसागर उर्लिएको देखियो – बिबिसी भाइरल भएको पोस्टमा पहिलो दावी बीबीसीको उल्लेख छ। तर हामीले सर्च इन्जिन गुगलमा “१० लाख” र “एमाले” राखी बीबीसी नेपालीमा पछिल्लो एक हप्तामा प्रकाशित सामग्री खोज्दा दावी गरिएको समाचार भेटिएन । त्यसैगरी अङ्ग्रेजीमा UML र General Convention कीवर्ड राखी सर्च गर्दा बीबीसी अङ्ग्रेजीमा पनि कुनै समाचार भेटिएन। २) कार्ल मार्क्स पछि विश्वमा कम्युनिस्ट धार अब कस्तो रहने भन्नेमा एमालेले तय गर्नेछ – अलजजिरा भाइरल भएको दोस्रो पोस्टमा अलजजिराको समाचार उल्लेख छ। हामीले अलजजिराको वेबसाइटमा नेपालसम्बन्धी के के समाचार राखिएको छ भनी खोज्यौँ। पछिल्लो पटक ११ नोभेम्बरमा अलजजिराले स्वास्थ्य मन्त्री विरोध खतिवडाले सबै वयस्कलाई अप्रिल मध्यसम्ममा खोप लगाइसक्ने बताएको खबर प्रकाशन भएको देख्यौँ। त्यो भन्दा अघि २० अक्टोबरमा बाढीपहिरोका समाचार छन्। एमाले महाधिवेशनसम्बन्धी कुनै खबर अलजजिराको वेबस",NepalFactCheck.org,https://nepalfactcheck.org/2021/11/1740/,,"मिथ्या सूचना। भाइरल पोस्टमा उल्लिखित मिडियाले त्यसमा दावी गरिए जस्तो विषय लेखेको भेटिएन। तसर्थ त्यसमा गरिएका दावी गलत छन्। सेन्टर फर मिडिया रिसर्च र माइसंसार को संयुक्त प्रयासमा सोसल मिडियामा भाइरल भएका र मिडियामा आएका समाचारहरुको तथ्य जाँच हामी गरिरहेका छौँ। तपाईँलाई शंका लागेका लिङ्क, फोटो वा भिडियो हामीलाई निम्न बमोजिम पठाउन सक्नुहुन्छ- भाइबर वा ह्वाटस एपमा ( भाइबरमा पठाउन क्युआर कोड , ह्वाटसएपमा पठाउन क्युआर कोड ) इमेल [email protected] वा [email protected] फेसबुक पेज : माइसंसारको फेसबुक पेज वेबसाइटबाट सीधै : नेपालफ्याक्टचेकको वेबसाइट भाइबर ग्रुप : भाइबर ग्रुपमा जोडिन यहाँ क्लिक गर्नुस्।",Nepali,,,,,,,,,REFUTES,,,,health_medicine,,,,
عرب ممالک میں عورتوں کو بااختیار بنانے کی کوششیں جاری ہیں۔,مضمون میں بیان کیا گیا ہے کہ تیونس میں ایک عورت کو وزیر اعظم منتخب کیا گیا ہے، جو عرب ممالک میں عورتوں کو بااختیار بنانے کی نئی مثال ہے۔ سعودی عرب میں بھی عورتوں کے حقوق میں بہتری کے لئے اقدامات کیے جا رہے ہیں۔,The Siasat Daily (Urdu) - سیاست ڈیلی، حیدرآباد,https://urdu.siasat.com/news/%d8%b9%d8%a7%d9%84%d9%85-%d8%a7%d8%b3%d9%84%d8%a7%d9%85-%da%a9%d9%88-%d8%b7%d8%a7%d9%84%d8%a8%d8%a7%d9%86-%d9%86%db%81%db%8c%da%ba-%d8%aa%db%8c%d9%88%d9%86%d8%b3-%d9%85%d8%a7%da%88%d9%84-%da%a9%db%8c-1330770/,,مضمون میں بنیادی توجہ طالبان کے خلاف ہے اور یہ ظاہر کرتا ہے کہ عالمی میڈیا عورتوں کے حقوق کے حوالے سے منفی پہلوؤں پر زیادہ توجہ دے رہا ہے، جبکہ عرب ممالک میں مثبت تبدیلیوں کا ذکر کم ہے۔,Urdu,,,,,,,,,Not Supported,,,,,,,,
റേ ജെ 2026 ജനുവരിയിൽ ഹൃദയസ്തംഭനം മൂലം മരിച്ചതായി വാർത്ത പ്രചരിച്ചു.,ആശുപത്രി പ്രവേശനത്തിന് ശേഷവും റേ ജെ ഇൻസ്റ്റാഗ്രാം ലൈവിലൂടെ ആരാധകരോട് സംസാരിക്കുകയും തന്റെ ആരോഗ്യനില പങ്കുവയ്ക്കുകയും ചെയ്തിരുന്നു.,Nicki Swift,,,"റേ ജെ മരിച്ചിട്ടില്ല; 2026 ജനുവരിയിൽ ഹൃദയസംബന്ധമായ ആരോഗ്യപ്രശ്നങ്ങളാൽ ആശുപത്രിയിൽ പ്രവേശിപ്പിക്കപ്പെട്ടെങ്കിലും ജീവിച്ചിരിപ്പുണ്ടെന്നും തുടർന്ന് പൊതുപരിപാടികളിൽ പ്രത്യക്ഷപ്പെട്ടെന്നും TMZ, People സ്ഥിരീകരിക്കുന്നു.",Malayalam,,,,,,,,,Not Supported,,,https://www.nickiswift.com/2168921/celebrity-health-crises-2026/,,,,,
جبلپور ہائی کورٹ نے مدھیہ پردیش وقف بورڈ کے انتخابات پر پابندی عائد کی ہے۔,ہائی کورٹ نے مدھیہ پردیش وقف بورڈ کے انتخابات میں ریٹرننگ افسر کی بے ضابطگیوں پر ناراضگی کا اظہار کرتے ہوئے انتخابات پر پابندی عائد کی ہے۔ عدالت نے ریٹرننگ افسر کو ہٹا دیا اور نئے افسر کی تقرری کی ہدایت کی۔,The Siasat Daily (Urdu) - سیاست ڈیلی، حیدرآباد,https://urdu.siasat.com/news/%d9%85%d8%af%da%be%db%8c%db%81-%d9%be%d8%b1%d8%af%db%8c%d8%b4-%d9%88%d9%82%d9%81-%d8%a8%d9%88%d8%b1%da%88-%d8%a7%d9%86%d8%aa%d8%ae%d8%a7%d8%a8-%d9%be%d8%b1-%db%81%d8%a7%d8%a6%db%8c-%da%a9%d9%88%d8%b1-1406468/,,شواہد عدالت کے فیصلے کی تصدیق کرتے ہیں جہاں انتخابات پر پابندی عائد کی گئی ہے، جو دعوے کی حمایت کرتا ہے۔,Urdu,,,,,,,,,Supported,,,,,,,,
वर्ष 1995 में नेशनल स्टॉक एक्सचेंज (NSE) में इंडेक्स और फ्यूचर्स ट्रेडिंग के सुचारू संचालन हेतु इलेक्ट्रॉनिक स्क्रीन-बेस्ड सिक्योरिटीज ट्रेडिंग का पूर्ण विस्तार किया गया।,एनएसई देश का सबसे बड़ा शेयर बाजार बन गया और देश भर में वीसैट (VSAT) टर्मिनलों के जरिए ब्रोकरों को सीधे शेयर बाजार से जोड़ा गया।,National Stock Exchange of India (NSE),https://www.nseindia.com/about/history-1995,,,Hindi,,,,,,,Supported,,,,,,,,,,
ഐസിസി 2023 മാർച്ചിൽ ഉക്രൈനിൽ നിന്ന് കുട്ടികളെ നിർബന്ധ ഡീപോർട്ടേഷൻ നടത്തിയതിന് വ്ലാഡിമിർ പുടിനെതിരെ അറസ്റ്റ് വാറന്‍റ് ഇറക്കി.,ഉക്രൈനിൽ നിന്ന് ഏതാനും ആയിരക്കണക്കിന് കുട്ടികളെ റഷ്യ ഡീപോർട്ട് ചെയ്തതായി കണ്ടെത്തി; ICC ചരിത്രത്തിൽ ഒരു G8 രാജ്യ നേതാവിനെതിരെ ആദ്യ വാറന്‍റ് ആണ് ഇത്.,International Criminal Court,https://www.icc-cpi.int/news/situation-ukraine-icc-judges-issue-arrest-warrants-against-vladimir-vladimirovich-putin-and,,,Malayalam,,,,,,,Supported,,,,ICC-യുടെ ഔദ്യോഗിക പ്രസ്താവന സ്ഥിരീകരിക്കുന്നു: 2023 മാർച്ചിൽ ഉക്രൈനിൽ നിന്ന് കുട്ടികളെ നിയമവിരുദ്ധമായി നാടുകടത്തിയതിന് പുടിനെതിരെ അറസ്റ്റ് വാറന്റ് പുറപ്പെടുവിച്ചു — ക്ലെയിം കൃത്യമാണ്.,,,,,,
టిపిఏ (TPA - థర్డ్ పార్టీ అడ్మినిస్ట్రేటర్లు) లకు ఇన్సూరెన్స్ క్లెయిమ్‌లను తిరస్కరించే అధికారం లేదు.,క్లెయిమ్ తిరస్కరణ నిర్ణయాన్ని కేవలం ఇన్సూరెన్స్ కంపెనీ క్లెయిమ్‌ల కమిటీ మాత్రమే తీసుకోవాలి.,IRDAI,https://irdai.gov.in,,,Telugu,,,,,,,Supported,,,,,,,,,,
ਨਿਮਰਤ ਖਹਿਰਾ ਨੇ ਦੁਬਈ ਵਿੱਚ ਆਪਣੇ ਨਵੇਂ ਸੰਗੀਤਕ ਟੂਰ ਦਾ ਐਲਾਨ ਕੀਤਾ ਹੈ।,"ਅਧਿਕਾਰਤ ਸੋਸ਼ਲ ਮੀਡੀਆ ਹੈਂਡਲ ਮੁਤਾਬਕ, ਨਿਮਰਤ ਖਹਿਰਾ ਨੇ ਦੁਬਈ ਟੂਰ ਦੀ ਪੁਸ਼ਟੀ ਕੀਤੀ ਹੈ।",Jagbani,https://punjabi.bollywoodtadka.in/?id=10046,,,Punjab,,,,,,,,,,,,,,Supported,,,
ਜੌਰਡਨ ਸੰਧੂ ਦੀ ਨਵੀਂ ਫਿਲਮ ਨੇ ਪਹਿਲੇ ਦਿਨ 10 ਕਰੋੜ ਦੀ ਕਮਾਈ ਕੀਤੀ।,ਬਾਕਸ ਆਫਿਸ ਰਿਪੋਰਟਾਂ ਅਨੁਸਾਰ ਜੌਰਡਨ ਸੰਧੂ ਦੀ ਫਿਲਮ ਨੇ ਓਪਨਿੰਗ ਡੇਅ 'ਤੇ ਵਾਕਈ 10 ਕਰੋੜ ਕਮਾਏ ਹਨ।,Zee News Punjab,https://zeenews.india.com/punjabi?id=10091,,,Punjab,,,,,,,,,,,,,,Supported,,,
हुम्लाको नेप्का गाउँको पहिरो भन्दै सार्वजनिक तस्बिर,"हुम्लामा गएको पहिरो भन्दै मिडियाले राखेका फोटो वास्तविक नभई एआईबाट बनेको - Nepal Factcheck ☰ होम हाम्रो बारे मिथ्या सूचना के हो? हाम्रो वर्गीकरणको अर्थ मिथ्या सूचना: के गर्ने? FAQs तथ्यजाँच अनुरोध × होम हाम्रो बारे मिथ्या सूचना के हो? हाम्रो वर्गीकरणको अर्थ मिथ्या सूचना: के गर्ने? FAQs तथ्यजाँच अनुरोध तथ्यजाँच एआई जेनेरेटेड कर्णाली भ्रामक सूचना हुम्लामा गएको पहिरो भन्दै मिडियाले राखेका फोटो वास्तविक नभई एआईबाट बनेको Home तथ्यजाँच एआई जेनेरेटेड / भ्रामक सूचना टेकमान शाक्य जेष्ठ ८, २०८३ हुम्लामा गएको पहिरो भन्दै मिडियाले राखेका फोटो वास्तविक नभई एआईबाट बनेको मूलधारका अनलाइन सञ्चारमाध्यमहरूले हुम्लाको नेप्का गाउँमा गएको पहिरोको भन्दै एउटा तस्बिर सार्वजनिक गरेका छन्। तर, नेपालफ्याक्टचेकले गरेको प्राविधिक अनुसन्धान र स्थानीय अधिकारीहरूसँगको पुष्टिबाट उक्त तस्बिर वास्तविक नभई आर्टिफिसियल इन्टेलिजेन्स (एआई) मार्फत निर्मित भ्रामक सामग्री भएको पुष्टि भएको छ। के हो दावी ? देश सञ्चार डटकमले २०८३ साल जेठ ६ गते हुम्लाको चङ्खेली गाउँपालिका–५ नेप्का गाउँमा खसेको पहिरोले चङ्खेली–५ डाँफेस्थित आधारभूत विद्यालय भवनमा क्षति पुर्‍याएको समाचार प्रकाशित गरेको छ। सो समाचारको मुख्य स्थानमा भीषण बाढीपहिरो गएको र भौतिक संरचनाहरू बगाएको देखिने एक तस्बिर समावेश गरिएको छ। (हेर्नुहोस् देशसञ्चारको स्क्रिनसट) देशसंचारको आधिकारिक लिंक यहाँ छ भने अर्काइभ लिंक यहाँ छ । यही तस्बिर र व्यहोरा प्रयोग गरेर बाह्रखरी डटकम, नेपालन्यूज डटकम र नागरिकन्यूज डटकम लगायतका स्थापित सञ्चारमाध्यमहरूले पनि समाचार प्रकाशित गरेका छन्। समाचारमा चङ्खेली–५ का स्थानीय बासिन्दा छक्कबहादुर तामाङलाई उद्धृत गर्दै असिनापानीपछि खसेको पहिरोले विद्यालय भवन, खेतीयोग्य जग्गा र गोठहरूमा क्षति पुर्‍याएको उल्लेख छ। हेर्नुहोस् बाह्रखरी डटकमको स्क्रिनसट बाह्रखरीको ओरिजिनल लिंक यहाँ छ भने अर्काइभ लिंक यहाँ छ । नेपाल न्यूज डटकमले पनि यही व्यहोराको समाचार र यही तस्बिर प्रयोग गरेको छ । हेर्नुहोस् नेपाल न्यूज डटकमको स्क्रिनसट नेपाल न्यूजको आधिकरिक लिंक यहाँ छ भने अर्काइभ लिंक यहाँ छ । नागरिक न्यूज डटकमले पनि हुम्लाको नेप्का गाउँमा पहिरोले विद्यालय भवन बगाएकोबारे समाचार प्रकाशित गरेको छ । उसले पनि यही तस्बिर प्रयोग गरेको भेटियो । हेर्नुहोस् नागरि",NepalFactCheck.org,https://nepalfactcheck.org/2026/05/ai-manipulated-image-spread-as-real-humla-landslide-by-major-nepali-media-outlets/,,"भ्रामक (Misleading)। हुम्लाको चङ्खेली गाउँपालिका–५ नेप्का गाउँमा पहिरो गएको र विद्यालय भवनमा क्षति पुगेको सम्बन्धी समाचार विवरण सत्य हो। तर, सो समाचारका साथमा मुख्यधारका सञ्चारमाध्यम र न्यूज एजेन्सीहरूले प्रयोग गरेको तस्बिर भने वास्तविक होइन। प्राविधिक विश्लेषण, रिभर्स इमेज सर्च र गाउँपालिकाका सूचना प्रविधि अधिकृतको आधिकारिक भनाइ अनुसार कान्तिपुरको पुरानो फाइल तस्बिरलाई एआई उपकरणहरू प्रयोग गरी सम्पादन गरेर यो भ्रामक तस्बिर निर्माण गरिएको पुष्टि हुन्छ।",Nepali,,,,,,,,,REFUTES,,,,finance_investment,,,,
2023-ലെ അഴിമതി ധാരണാ സൂചികയിൽ തുടർച്ചയായി ആറാം വർഷവും ഡെൻമാർക്ക് ഏറ്റവും അഴിമതി കുറഞ്ഞ രാജ്യമായി.,"90 പോയിന്‍റുമായി ഡെൻമാർക്ക് ഒന്നാമതെത്തി, ഫിൻലാൻഡ് (87), ന്യൂസിലാൻഡ് (85) എന്നിവയാണ് തൊട്ടുപിന്നിൽ.",Transparency International Corruption Perceptions Index 2023,https://us.transparency.org/news/transparency-international-releases-the-2023-corruption-perceptions-index/,,,Malayalam,,,,,,,Supported,,,,"Transparency International-ന്‍റെ ഔദ്യോഗിക പേജ് തന്നെ സ്ഥിരീകരിക്കുന്നു: 2023-ലെ CPI-ൽ ഡെൻമാർക്ക് 90 പോയിന്‍റുമായി തുടർച്ചയായി ആറാം വർഷവും ഒന്നാമതെത്തി, ഫിൻലാൻഡ് (87), ന്യൂസിലാൻഡ് (85) എന്നിവ തൊട്ടുപിന്നിൽ. കണക്കുകൾ കൃത്യമായി ഒത്തുപോകുന്നു.",,,,,,
1 జనవరి 1949న రిజర్వ్ బ్యాంక్ ఆఫ్ ఇండియా జాతీయకరణ చేయబడింది.,రిజర్వ్ బ్యాంక్ (ట్రాన్స్‌ఫర్ టు పబ్లిక్ ఓనర్షిప్) చట్టం 1948 ప్రకారం 1949న ఆర్‌బీఐని పూర్తి ప్రభుత్వ పరిధిలోకి తెచ్చారు.,Reserve Bank of India,https://www.rbi.org.in,,,Telugu,,,,,,,Supported,,,,,,,,,,
ലിജോമോൾ ജോസിന് 'നടന്ന സംഭവം' എന്ന ചിത്രത്തിലെ അഭിനയത്തിന് 55-ാമത് കേരള സ്റ്റേറ്റ് ഫിലിം അവാർഡിൽ മികച്ച സഹനടിക്കുള്ള പുരസ്കാരം ലഭിച്ചു.,'നടന്ന സംഭവം' എന്ന ചിത്രത്തിലെ അഭിനയത്തിന് ലിജോമോൾ ജോസിന് 55-ാമത് കേരള സ്റ്റേറ്റ് അവാർഡിൽ മികച്ച സഹനടിക്കുള്ള ബഹുമതി ലഭിച്ചു.,Wikipedia,,,ലിജോമോൾ ജോസിന് 'നടന്ന സംഭവ'ത്തിലെ അഭിനയത്തിന് 55-ാമത് കേരള സംസ്ഥാന ചലച്ചിത്ര അവാർഡിൽ മികച്ച സഹനടി (Character Artist) പുരസ്കാരം ലഭിച്ചെന്ന് Gulf News സ്ഥിരീകരിക്കുന്നു.,Malayalam,,,,,,,,,Supported,,,https://en.wikipedia.org/wiki/55th_Kerala_State_Film_Awards,,,,,
ਬੱਬੂ ਮਾਨ ਨੇ ਦੁਬਈ ਵਿੱਚ ਆਪਣੇ ਨਵੇਂ ਸੰਗੀਤਕ ਟੂਰ ਦਾ ਐਲਾਨ ਕੀਤਾ ਹੈ।,"ਅਧਿਕਾਰਤ ਸੋਸ਼ਲ ਮੀਡੀਆ ਹੈਂਡਲ ਮੁਤਾਬਕ, ਬੱਬੂ ਮਾਨ ਨੇ ਦੁਬਈ ਟੂਰ ਦੀ ਪੁਸ਼ਟੀ ਕੀਤੀ ਹੈ।",Punjabi Tribune,https://www.punjabitribuneonline.com/?id=10484,,,Punjab,,,,,,,,,,,,,,Supported,,,
ਸ਼ਹਿਨਾਜ਼ ਗਿੱਲ ਦੀ ਨਵੀਂ ਫਿਲਮ ਨੇ ਪਹਿਲੇ ਦਿਨ 5 ਕਰੋੜ ਦੀ ਕਮਾਈ ਕੀਤੀ।,ਬਾਕਸ ਆਫਿਸ ਰਿਪੋਰਟਾਂ ਅਨੁਸਾਰ ਸ਼ਹਿਨਾਜ਼ ਗਿੱਲ ਦੀ ਫਿਲਮ ਨੇ ਓਪਨਿੰਗ ਡੇਅ 'ਤੇ ਵਾਕਈ 5 ਕਰੋੜ ਕਮਾਏ ਹਨ।,Jagbani,https://punjabi.bollywoodtadka.in/?id=10397,,,Punjab,,,,,,,,,,,,,,Supported,,,
حکومت نے حجاج کے مالی تعاون کے لئے خصوصی پیکیج کا اعلان کیا ہے۔,خبر میں حکومت کی طرف سے حجاج کے لئے خصوصی مالی تعاون یا پیکیج کا ذکر نہیں کیا گیا، بلکہ صرف انتظامات اور سفر کی سہولیات پر بات کی گئی ہے۔,Munsif Daily (Urdu) - منصف ڈیلی، حیدرآباد,https://munsifdaily.com/hajj-committee-calls-meeting-to-ensure-smooth-departure-arrival-of-hajj-aspirants/,,یہ ثبوت واضح کرتا ہے کہ حکومت نے حجاج کے لئے مالی تعاون کا کوئی پیکیج متعارف نہیں کرایا، اس لئے دعویٰ کی تردید ہوتی ہے۔,Urdu,,,,,,,,,Not Supported,,,,,,,,
राष्ट्रिय प्रजातन्त्र पार्टीका प्रतिनिधि सभा सांसद ज्ञानेन्द्र शाहीले दलीय भागबण्डाका आधारमा राष्ट्रपतिका २७ जना सल्लाहकार रहेको दावीसहित फेसबुक पोस्ट गरेको।,"ज्ञानेन्द्र शाहीको नाममा झुटो प्रचार! राष्ट्रपतिका सल्लाहकारहरु २७ जना होइनन् - Nepal Factcheck ☰ होम हाम्रो बारे मिथ्या सूचना के हो? हाम्रो वर्गीकरणको अर्थ मिथ्या सूचना: के गर्ने? FAQs तथ्यजाँच अनुरोध × होम हाम्रो बारे मिथ्या सूचना के हो? हाम्रो वर्गीकरणको अर्थ मिथ्या सूचना: के गर्ने? FAQs तथ्यजाँच अनुरोध कर्णाली तथ्यजाँच मिथ्या सूचना सम्बन्धित प्रदेश ज्ञानेन्द्र शाहीको नाममा झुटो प्रचार! राष्ट्रपतिका सल्लाहकारहरु २७ जना होइनन् Home तथ्यजाँच मिथ्या सूचना प्रविण भट्ट कार्तिक २८, २०८१ ज्ञानेन्द्र शाहीको नाममा झुटो प्रचार! राष्ट्रपतिका सल्लाहकारहरु २७ जना होइनन् राष्ट्रिय प्रजातन्त्र पार्टीका सांसद ज्ञानेन्द्र शाहीले राष्ट्रपतिका सल्लाहकारहरु २७ जना रहेको दावी गरेको पोस्ट विभिन्न सामाजिक सञ्जालहरुमा फैलिएको छ। तर, हाम्रो तथ्यजाँचले उक्त दावी मिथ्या सूचना ठहर गरेको छ। राष्ट्रपति रामचन्द्र पौडेलका २७ जना नभई पाँच जनामात्रै सल्लाहकार छन्। सांसद शाहीको आधिकारिक भेरिफाइड फेसबुक अकाउन्टबाट नभई उनको नाम प्रयोग गरेर खोलिएको अर्कै फेसबुक प्रोफाइलबाट मिथ्या सूचना फैलाइएको हो। के हो दावी? जुम्लाबाट प्रतिनिधि सभा सदस्य निर्वाचित तथा राष्ट्रिय प्रजातन्त्र पार्टीका पाँच जना प्रवक्ता मध्ये एक समेत रहेका ज्ञानेन्द्र शाहीको नाम र ‘प्रोफाइल पिक्चर’ भएको फेसबुक प्रोफाइलबाट “राष्ट्रपतिको सल्लाहकार मात्र २७ जना, त्यो पनि दलीय भागबन्डाबाट। अनि किन राजा चाहियो?” लेखिएको एक स्टायटस पोस्ट गरिएको छ। हेर्नुस् अर्काइभ लिङ्क। यो तथ्यजाँच तयार पार्दासम्म ६५२ जनाले रियाक्ट गरेको सो पोस्ट ३०६ पटक सेयर गरिएको छ भने २१० वटा कमेन्ट छ। सोही पोस्ट स्क्रिनसटलाई भिडियोमा परिणत गर्दै hami_nepali67 नामक टिकटक प्रयोगकर्ताले अपलोड गरेको भिडियो १८ हजार भन्दा बढी पटक हेरिएको हो। यो तथ्यजाँच तयार पार्दा सम्म ८५८ जनाले उक्त टिकटक भिडियो लाइक गरेका छन्। हेर्नुहोस् स्क्रिनसट- टिकटकमा राखिएको सो भिडियोलाई @ rebelnepali नामक प्रयोगकर्ताले सामाजिक सञ्जाल एक्समा समेत राखेका छन्। एक्समा ७ हजार भन्दा बढी पटक हेरिएको भिडियो ९४ जनाले लाइक गरेका छन् भने १६ पटक उक्त भिडियो रिपोस्ट गरिएको हो। हेर्नुहोस् स्क्रिनसट- के हो तथ्य? यो विषयको तथ्यजाँच गर्नका लागि हामीले ज्ञानेन्द्र शाहीको आधिकारिक फेसबुक अकाउन्ट सर्च गरेर हेर्‍यौँ। स",NepalFactCheck.org,https://nepalfactcheck.org/2024/11/president-office-advisors-false-claim-nepal/,,"मिथ्या सूचना। यो फेसबुक पोस्ट प्रतिनिधि सभा सांसद ज्ञानेन्द्र शाहीले गरेका होइनन्, शाहीको आधिकारिक फेसबुक पेजमा त्यस्तो कुनै पोस्ट गरिएको छैन। राष्ट्रपति कार्यालयमा कूल पाँच जना विज्ञका रुपमा काम गरिरहेको तथ्य राष्ट्रपति कार्यालयको वेबसाइटमा हेर्न सकिन्छ। राष्ट्रपति कार्यालयका सूचना अधिकारीले पनि पाँच जना मात्रै विज्ञ रहेको पुष्टि गरिन्।",Nepali,,,,,,,,,REFUTES,,,,politics_elections,,,,
సమయానికి టీకాలు వేయించుకోవడం పిల్లల ఆరోగ్యానికి ముఖ్యమైనది.,టీకాలు తీవ్రమైన అంటువ్యాధుల నుంచి రక్షిస్తాయి.,WHO,https://www.who.int/health-topics/vaccines-and-immunization,,,Telugu,,,,,,,,,,,,,,,,Supported,Supported
चुनावी खर्च लुकाउने एक हजार ८० जना चुनाव उठ्न नपाउने।,"के चुनावी खर्च लुकाउने उम्मेदवारले आगामी चुनाव लड्न नपाउने भएका हुन् ? - Nepal Factcheck ☰ होम हाम्रो बारे मिथ्या सूचना के हो? हाम्रो वर्गीकरणको अर्थ मिथ्या सूचना: के गर्ने? FAQs तथ्यजाँच अनुरोध × होम हाम्रो बारे मिथ्या सूचना के हो? हाम्रो वर्गीकरणको अर्थ मिथ्या सूचना: के गर्ने? FAQs तथ्यजाँच अनुरोध तथ्यजाँच भ्रामक सूचना वागमती सम्बन्धित प्रदेश के चुनावी खर्च लुकाउने उम्मेदवारले आगामी चुनाव लड्न नपाउने भएका हुन् ? Home तथ्यजाँच भ्रामक सूचना नेपाल फ्याक्ट चेक पुस १६, २०८२ के चुनावी खर्च लुकाउने उम्मेदवारले आगामी चुनाव लड्न नपाउने भएका हुन् ? अन्नपूर्ण पोस्ट राष्ट्रिय दैनिकमा ‘चुनावी खर्च लुकाउने एक हजार ८० जना चुनाव उठ्न नपाउने’ दावी गरिएको समाचार मंगलबार प्रकाशित भएपछि विभिन्न सामाजिक सञ्जाल पेज र व्यक्तिहरुले पनि यस्तै दावीसहितका गरेका पोस्टहरु भाइरल भएका छन्। तर, हाम्रो तथ्यजाँचले यो दावी भ्रामक रहेको ठहर गरेको छ। किनकि, समाचारमा भनिएजस्तो ऐनमा उम्मेदवार भएर निर्वाचन खर्च नबुझाउने र बुझाएर पनि सार्वजनिक नगर्ने उम्मेदवारलाई कालोसूचीमा राखिने र त्यस्ता उम्मेदवार आगामी चुनावमा उम्मेदवार हुन अयोग्य हुने उल्लेख छैन। के छ दावी ? अन्नपूर्ण पोस्टमा पुस १५ गते चुनावी खर्च लुकाउने १०८० जना यसपालि उठ्न नपाउने शीर्षकमा र त्यसको अनलाइनमा पुस १५ गते ‘फेरि उठ्न मन छ ? १,०८० जनालाई निर्वाचन आयोग भन्दैछ, ‘हुन्न’ भन्ने शीर्षकमा समाचार प्रकाशित छ। समाचारको लिडलाइनमा – ‘राजनीतिक प्रतिस्पर्धामा फेरि उभिन मन छ ? मतदातासामु अनुहार देखाउने चाहना छ ? तर, अघिल्लो चुनावको खर्च विवरण लुकाउनुभएको छ भने निर्वाचन आयोगको जवाफ स्पष्ट छ– ‘हुन्न’ लेखिएको छ। त्यस्तै, लिडलाइनलाई पुष्टि गर्न अगाडि लेखिएको छ – प्रतिनिधिसभा सदस्य निर्वाचन २०७९ मा उम्मेदवार भएर निर्वाचन खर्च नबुझाउने र बुझाएर पनि सार्वजनिक नगर्ने १ हजार ८० जना उम्मेदवार निर्वाचन आयोगको कालोसूचीमा परेका छन्। आयोगका अनुसार यस्ता उम्मेदवारहरू आगामी चुनावमा उम्मेदवार हुन अयोग्य छन्। कार्यवाहक प्रमुख निर्वाचन आयुक्त रामप्रसाद भण्डारीका अनुसार विगतका निर्वाचनमा उम्मेदवार भएर तोकिएको समयभित्र निर्वाचन खर्च विवरण आयोगमा नबुझाउने र मतदातामाझ सार्वजनिक नगर्ने दुवै खाले उम्मेदवार आयोगको ‘ब्ल्याक लिस्ट’ मा छन्। हेर्नुस्, अर्काइभ लिंक , स्क्रिनसट त्य",NepalFactCheck.org,https://nepalfactcheck.org/2025/12/election-expenses-candidate-disqualification-nepal/,,"भ्रामक सूचना। अन्नपूर्ण पोस्टको समाचारले खर्च विवरण नबुझाएको वा सार्वजनिक नगरेको आधारमै एक हजार ८० जना उम्मेदवार आगामी चुनाव लड्न नपाउने निष्कर्ष निकालेको छ। तर, प्रचलित कानुनअनुसार यस्तो अवस्थामा पहिले जरिवाना, त्यसपछि जरिवाना ६ महिनासम्म नतिरेमा मात्र अयोग्यताको प्रक्रिया अघि बढ्न सक्छ। निर्वाचन आयोगले पनि कालो सूची तयार नपारेको बताएको छ। त्यसैले समाचारमा गरिएको दावी भ्रामक छ।",Nepali,,,,,,,,,REFUTES,,,,politics_elections,,,,
ਪ੍ਰਸਿੱਧ ਅਦਾਕਾਰ ਐਮੀ ਵਿਰਕ ਨੂੰ ਬਾਲੀਵੁੱਡ ਫਿਲਮ ਲਈ ਸਾਈਨ ਕੀਤਾ ਗਿਆ ਹੈ।,ਪ੍ਰੋਡਕਸ਼ਨ ਹਾਊਸ ਨੇ ਪ੍ਰੈਸ ਨੋਟ ਜਾਰੀ ਕਰਕੇ ਐਮੀ ਵਿਰਕ ਦੇ ਇਸ ਪ੍ਰੋਜੈਕਟ ਵਿੱਚ ਸ਼ਾਮਲ ਹੋਣ ਦੀ ਪੁਸ਼ਟੀ ਕੀਤੀ ਹੈ।,Jagbani,https://punjabi.bollywoodtadka.in/?id=10469,,,Punjab,,,,,,,,,,,,,,Supported,,,
प्रहरी महानिरीक्षकले हर्क साम्पाङलाई चेतावनी दिँदै बोलेको भिडिओ,"प्रहरी महानिरीक्षकले हर्क साम्पाङलाई चेतावनी दिएको भनिएको भिडियो एआई निर्मित, दाबी मिथ्या - Nepal Factcheck ☰ होम हाम्रो बारे मिथ्या सूचना के हो? हाम्रो वर्गीकरणको अर्थ मिथ्या सूचना: के गर्ने? FAQs तथ्यजाँच अनुरोध × होम हाम्रो बारे मिथ्या सूचना के हो? हाम्रो वर्गीकरणको अर्थ मिथ्या सूचना: के गर्ने? FAQs तथ्यजाँच अनुरोध तथ्यजाँच मिथ्या सूचना वागमती प्रहरी महानिरीक्षकले हर्क साम्पाङलाई चेतावनी दिएको भनिएको भिडियो एआई निर्मित, दाबी मिथ्या Home तथ्यजाँच मिथ्या सूचना टेकमान शाक्य बैशाख २४, २०८३ प्रहरी महानिरीक्षकले हर्क साम्पाङलाई चेतावनी दिएको भनिएको भिडियो एआई निर्मित, दाबी मिथ्या श्रम संस्कृति पार्टीका अध्यक्ष एवम् सांसद हर्क साम्पाङलाई प्रहरी महानिरीक्षक दानबहादुर कार्कीले चेतावनी दिएको दाबीसहितको एक भिडियो सामाजिक सञ्जालमा भाइरल भइरहेको छ। तर, नेपाल फ्याक्ट चेकको प्राविधिक परीक्षणले उक्त भिडियो एआई प्रयोग गरी बनाइएको र दाबी पूर्णतः मिथ्या रहेको पुष्टि गरेको छ। के हो दावी ? ६६ हजार फलोअर्स रहेको ‘B-rendra Kc’ नामका फेसबुक प्रयोगकर्ताले मे ४, २०२६ मा १६ सेकेन्डको एक भिडियो क्लिप पोस्ट गरेका छन्। उक्त भिडियोमा प्रहरी महानिरीक्षक दानबहादुर कार्कीले सांसद हर्क साम्पाङलाई चेतावनी दिँदै सरकारको विरोध गरिरहे सुरक्षाक लागि खटाइएका सुरक्षाकर्मीहरु हटाउन बाध्य हुने र सांसद पद समेत निलम्बन हुन सक्ने भनेको सुनिन्छ। भिडियोमा साम्पाङको तस्बिर समेत प्रयोग गरिएको छ। भाइरल भिडियोको प्रभाव यो तथ्य जाँच तयार पार्दासम्म उक्त भिडियोलाई ४ लाखभन्दा बढी पटक हेरिएको छ भने १ हजार बढी रियाक्सन, ६५४ कमेन्ट र १,६०० पटक शेयर गरिएको छ। हेर्नुहोस् B-rendra Kc को स्क्रिन रेकर्ड https://nepalfactcheck.org/wp-content/uploads/2026/05/dan-bahadur.mp4 भिडिओ लिंक यहाँ छ भने अर्काइभ लिंक यहाँ छ । के हो तथ्य ? हामीले यस भिडियोको सत्यता जाँच्न प्राविधिक र कानुनी दुवै पक्षबाट अनुसन्धान गर्‍यौं। १. प्राविधिक परीक्षण भिडियोलाई गुगलको SynthID प्रविधिमार्फत परीक्षण गर्दा, भिडियोको सुरुदेखि अन्त्यसम्मको आवाज एआई निर्मित (AI Generated) र सम्पादन गरिएको पुष्टि भयो। भिडियोमा देखिने दृश्य पुराना दृश्यका फ्रेमहरूसँग मिले पनि आवाज भने पूर्ण रूपमा कृत्रिम हो। हेर्नुहोस् synthID ले दिएको नतिजा २. संवैधानिक र कानुनी व्यवस्थ",NepalFactCheck.org,https://nepalfactcheck.org/2026/05/ai-generated-video-of-igp-warning-harka-sampang-circulates-online-claim-found-false/,,"भारत-पाकिस्तान युद्ध बारे प्रधानमन्त्री ओलीले के भनेका हुन् ? बैशाख ३०, २०८२ यसमा प्रकाशित सबै सामग्री CC BY 4.0 अन्तर्गत छन्। यसलाई NepalFactCheck.org भनेर स्रोत खोलेर पूर्ण वा आशय फरक नपर्ने गरी सम्पादन गरी पुन: प्रकाशन गर्न पाइन्छ। ×",Nepali,,,,,,,,,REFUTES,,,,politics_elections,,,,
ٹی آر ایس کی حکومت نے سقوط حیدرآباد کی تاریخ کو تبدیل کرنے کی کوششیں کی ہیں。,بنڈی سنجے نے الزام لگایا ہے کہ ٹی آر ایس اور مجلس سقوط حیدرآباد کی تاریخ کو مسخ کرنے کی کوشش کر رہی ہیں۔ انہوں نے بتایا کہ بی جے پی اس عمل کی سخت مذمت کرتی ہے اور مرکزی حکومت نے اس تقریب کے انعقاد کا اعلان کیا ہے۔,The Siasat Daily (Urdu) - سیاست ڈیلی، حیدرآباد,https://urdu.siasat.com/news/%d8%af%d8%a7%d8%b1%d8%a7%d9%84%d8%b3%d9%84%d8%a7%d9%85-%d8%b3%db%92-%d8%a7%d8%ad%da%a9%d8%a7%d9%85%d8%a7%d8%aa-%da%a9%db%8c-%d8%a7%d8%ac%d8%b1%d8%a7%d8%a6%db%8c-%da%a9%db%92-%d8%a8%d8%b9%d8%af-%d9%be-1405654/,,مضمون میں یہ واضح نہیں ہے کہ ٹی آر ایس نے واقعی تاریخ کو تبدیل کرنے کی کوششیں کی ہیں، صرف الزام عائد کیا گیا ہے۔,Urdu,,,,,,,,,Not Supported,,,,,,,,
"यति एयरलाइन्स विश्वकै ‘चढ्न नहुने’, अति असुरक्षित एयरलाइन्सको सूचीमा परेको छ।","के यति एयरलाइन्स विश्वकै 'चढ्न नहुने', 'असुरक्षित' एयरलाइन्सको सूचीमा परेको हो? - Nepal Factcheck ☰ होम हाम्रो बारे मिथ्या सूचना के हो? हाम्रो वर्गीकरणको अर्थ मिथ्या सूचना: के गर्ने? FAQs तथ्यजाँच अनुरोध × होम हाम्रो बारे मिथ्या सूचना के हो? हाम्रो वर्गीकरणको अर्थ मिथ्या सूचना: के गर्ने? FAQs तथ्यजाँच अनुरोध तथ्यजाँच भ्रामक सूचना वागमती सम्बन्धित प्रदेश के यति एयरलाइन्स विश्वकै ‘चढ्न नहुने’, ‘असुरक्षित’ एयरलाइन्सको सूचीमा परेको हो? Home तथ्यजाँच भ्रामक सूचना नेपाल फ्याक्ट चेक माघ ३, २०८० के यति एयरलाइन्स विश्वकै ‘चढ्न नहुने’, ‘असुरक्षित’ एयरलाइन्सको सूचीमा परेको हो? केही अनलाइन मिडियासहित सामाजिक सञ्जालमा नेपालको यति एयरलाइन्स विश्वकै चढ्न नहुने, असुरक्षित एयरलाइन्सको सूचीमा परेको खबर भाइरल भएको छ। ती समाचारमा दावी गरिए अनुसार एयरलाइन्सरेटिङ्ग्समा सात स्टार मध्ये तीनभन्दा कम रेटिङ पाउने विश्वका तीन एयरलाइन्समध्ये एकमा यति परेको हो। तर हाम्रो तथ्यजाँचमा यो दावी भ्रामक देखियो। एयरलाइन्सरेटिङ्ग्सले नेपाल एयरलाइन्सबाहेक नेपालका अरु कुनै पनि एयरलाइन्सको रेटिङ गरेको देखिएन। इयुको प्रतिबन्ध सूचीमा भने यति एयरलाइन्समात्र हैन, नेपालका सबै एयरलाइन्स समेटिएको छ। के छ दावी ? १९ लाख फलोअर्स भएको सूत्रन्युज नामको फेसबुक पेजले जनवरी ९ मा ‘विश्वमै अति असुरक्षित विमान कम्पनी’ लेख्दै एउटा पोस्ट फेसबुकमा सेयर गरेको छ जसमा सूत्रन्युज डट कममा प्रकाशित ‘यति एयरलाइन्स : विश्वमै अति असुरक्षित विमान कम्पनी !’ शीर्षकको समाचारको लिङ्क छ। जनवरी १७ सम्म यो पोस्टमा २ हजार रियाक्सन, १५५ कमेन्ट र १ सय पटक सेयर गरिएको छ। सूत्रन्युजको फेसबुक पेजको स्क्रिनसट। फेसबुक पेज लिङ्क। अर्काइभ लिङ्क समाचारमा दावी गरिएको छ- ‘विश्वका जोखिमपूर्ण तीन एयरलाइन्स भित्र नेपालको यति एयरलाइन्स अति जोखिम हुने कम्पनी भित्र परेको उड्डयन सम्बन्धि समाचार प्रकाशन गर्ने टकर न्युज डट कोले उल्लेख गरेको छ।’ सूत्रन्युजको समाचार अर्काइभ लिङ्क। रुटिन अफ सेयर मार्केट फेसबुक पेजको स्क्रिनसट। फेसबुक लिङ्क। अर्काइभ लिङ्क। त्यसैगरी ‘रुटिन अफ सेयर मार्केट’ नामको फेसबुक पेजले पनि ‘यती एयरलाइन्सका यात्रु १००% असुरक्षित, २०२४ मा चढ्न नहुने तीन विश्वका एयरलाइन्स सूचीमा नेपालको यती एयरलाइन्स !’ शीर्षकमा एउटा पोस्ट राखेको छ जसमा यो फ्याक्ट चेक",NepalFactCheck.org,https://nepalfactcheck.org/2024/01/yeti-airlines-misinformation/,,भ्रामक सूचना। नेपाली अनलाइन न्युजपोर्टलहरुले टिकरन्युजलाई र टिकरन्युजले एयरलाइनरेटिङ्ग्सलाई स्रोत बताएको छ। तर एयरलाइनरेटिङ्ग्सले भने यति एयरलाइन्सलाई सूचीकृत नै गरेको छैन। नेपालको नेपाल एयरलाइन्सलाई बाहेक अरु कुनै पनि एयरलाइन्स त्यसमा सूचीकृत छैन। यद्यपि उडान सुरक्षा समेतलाई ध्यानमा राख्दै युरोपियन युनियनले आफ्नो एयरस्पेसमा उडान प्रतिबन्ध लगाएका एयरलाइन्सको सूचीमा यति एयरलाइन्ससहित नेपालका सबै एयरलाइन्स पनि पर्छन्।,Nepali,,,,,,,,,REFUTES,,,,finance_investment,,,,
ہندوستانی حکومت نے ایل پی جی سلنڈر کے وزن میں کمی کا فیصلہ کر لیا ہے۔,حکومت کی جانب سے ایل پی جی سلنڈر کے وزن کو 14.2 کلو سے 10 کلو کرنے کے بارے میں ابھی کوئی باقاعدہ اعلان نہیں ہوا ہے، یہ منصوبہ ابھی زیر غور ہے۔,Munsif Daily (Urdu) - منصف ڈیلی، حیدرآباد,https://munsifdaily.com/lpg-cylinder-size-may-be-reduced-to-10-kg/,,مضمون میں بتایا گیا ہے کہ ایل پی جی سلنڈر کے وزن میں کمی کا منصوبہ ابھی زیر غور ہے اور اس پر کوئی باقاعدہ اعلان نہیں کیا گیا، لہذا یہ دعویٰ درست نہیں ہے۔,Urdu,,,,,,,,,Not Supported,,,,,,,,
పిల్లలకు జ్వరం వచ్చినప్పుడు డాక్టర్ సలహా అవసరం.,అధిక జ్వరం లేదా ఇతర లక్షణాలు ఉంటే వైద్యులను సంప్రదించాలని సూచిస్తారు.,CDC,https://www.cdc.gov/chronic-disease/prevention/index.html,,,Telugu,,,,,,,,,,,,,,,,Supported,Supported
ਨਿਮਰਤ ਖਹਿਰਾ ਦੀ ਨਵੀਂ ਫਿਲਮ ਨੇ ਪਹਿਲੇ ਦਿਨ 50 ਕਰੋੜ ਦੀ ਕਮਾਈ ਕੀਤੀ।,ਬਾਕਸ ਆਫਿਸ ਰਿਪੋਰਟਾਂ ਅਨੁਸਾਰ ਨਿਮਰਤ ਖਹਿਰਾ ਦੀ ਫਿਲਮ ਨੇ ਓਪਨਿੰਗ ਡੇਅ 'ਤੇ ਵਾਕਈ 50 ਕਰੋੜ ਕਮਾਏ ਹਨ।,BBC News Punjabi,https://www.bbc.com/punjabi?id=10391,,,Punjab,,,,,,,,,,,,,,Supported,,,
നടി ഡക്കോട്ട ജോൺസണും ഗായകൻ റോൾ മോഡലും (ടക്കർ പിൽസ്ബറി) 2025 ഡിസംബർ മുതൽ പ്രണയത്തിലാണെന്ന് അഭ്യൂഹമുണ്ട്.,ലോസ് ആഞ്ചലസിൽ ചുംബിക്കുന്നതായി കണ്ടെങ്കിലും ഇരുവരും ബന്ധത്തെക്കുറിച്ച് ഔദ്യോഗികമായി പ്രതികരിച്ചിട്ടില്ല.,BuzzFeed (via AOL),,,ഡക്കോട്ട ജോൺസണും റോൾ മോഡലും ലോസ് ആഞ്ചലസിൽ ചുംബിക്കുന്നതായി കണ്ടെങ്കിലും ഇരുവരും ബന്ധത്തെക്കുറിച്ച് ഔദ്യോഗികമായി പ്രതികരിച്ചിട്ടില്ല.,Malayalam,,,,,,,,,not enough information (NEI),,,https://www.aol.com/lifestyle/23-celebrity-couples-made-us-013103063.html,,,,,
"‘रास्वपाबाट धोका भयो, बालेन झापाबाट उठ्ने थाहा पाएको भए ओलीलाई अरूतिरबाट उठाउने थियौँ’ भन्ने अभिव्यक्ति प्रदीप ज्ञवालीले दिएको।","प्रदीप ज्ञवालीले ‘रास्वपाबाट धोका भयो’ भनेको दावी मिथ्या - Nepal Factcheck ☰ होम हाम्रो बारे मिथ्या सूचना के हो? हाम्रो वर्गीकरणको अर्थ मिथ्या सूचना: के गर्ने? FAQs तथ्यजाँच अनुरोध × होम हाम्रो बारे मिथ्या सूचना के हो? हाम्रो वर्गीकरणको अर्थ मिथ्या सूचना: के गर्ने? FAQs तथ्यजाँच अनुरोध तथ्यजाँच मिथ्या सूचना लुम्बिनी प्रदीप ज्ञवालीले ‘रास्वपाबाट धोका भयो’ भनेको दावी मिथ्या Home तथ्यजाँच मिथ्या सूचना सुरज घिमिरे फाल्गुन २५, २०८२ प्रदीप ज्ञवालीले ‘रास्वपाबाट धोका भयो’ भनेको दावी मिथ्या नेकपा (एमाले)का नेता प्रदीप ज्ञवालीको एउटा कथित अभिव्यक्ति सामाजिक सञ्जालमा भाइरल भइरहेको छ। उक्त पोस्टमा ‘रास्वपाबाट आफूहरूलाई धोका भएको र बालेन झापाबाट उठ्ने थाहा पाएको भए अध्यक्ष केपी शर्मा ओलीलाई अरू तिरैबाट उठाउने थियौँ’ भन्ने भनाइ ज्ञवालीको नाममा जोडिएको छ। तर नेपालफ्याक्टचेकले गरेको तथ्यजाँचमा उक्त अभिव्यक्ति ज्ञवालीले नदिएको पुष्टि भएको छ। के हो दावी ? पूर्वेली न्युज नामक फेसबुक पेज ले सोमबार बिहान ०७:४५ बजे एउटा पोस्ट सार्वजनिक गरेको छ। उक्त पोस्टमा नेकपा (एमाले)का नेता प्रदीप ज्ञवालीको फोटोसहित उनको भनाइ भन्दै यस्तो अभिव्यक्ति राखिएको छ– “रास्वपाबाट हामीलाई धोका भयो। बालेन त्यहाँबाट उठ्ने थाहा पाएको भए हाम्रो अध्यक्ष केपी शर्मा ओलीलाई अरूतिरबाटै उठाउने थियौँ।” १७ लाखभन्दा बढी फलोअर्स रहेको उक्त फेसबुक पेजमा राखिएको पोस्टमा हजारौँ प्रतिक्रिया र कमेन्ट आएका छन्। हेर्नुहोस्, स्क्रिनसट : उक्त पोस्टको लिङ्क र अर्काइभ लिङ्क सोही पोस्टलाई २ लाख १७ हजार फलोअर्स भएको इशा माया गुरुङ , १० हजार फलोअर्स भएको सिधा कुरा अनलाइन , ८ लाख ८० हजार फलोअर्स भएको सानदार मिडिया एचडी लगायतका फेसबुक पेजमा पनि पोस्ट गरिएको छ । के हो तथ्य ? यस विषयमा तथ्यजाँच गर्न नेपालफ्याक्टचेकले प्रदीप ज्ञवालीको पछिल्ला अभिव्यक्ति र सार्वजनिक गतिविधिबारे खोजी गर्‍यो। गुगल एडभान्स सर्च प्रयोग गरेर विभिन्न सञ्चारमाध्यम, अन्तर्वार्ता, भाषण र सार्वजनिक अभिव्यक्तिहरू जाँच गर्दा उक्त भनाइ उनले दिएको कुनै विश्वसनीय स्रोतमा फेला परेन। त्यसपछि हामीले प्रदीप ज्ञवालीका आधिकारिक सामाजिक सञ्जाल खाताहरू पनि जाँच गर्‍यौँ। त्यस क्रममा ज्ञवाली आफैले सामाजिक सञ्जालमार्फत उक्त भनाइ आफूले नदिएको स्पष्ट पारेको पोस्ट भेटियो। ज्ञवालीले आफ्नो",NepalFactCheck.org,https://nepalfactcheck.org/2026/03/pradeep-gyawali-viral-quote-fact-check/,,मिथ्या सूचना। प्रदीप ज्ञवालीले सार्वजनिक रूपमा त्यस्तो कुनै अभिव्यक्ति दिएको विश्वसनीय प्रमाण फेला परेन। बरु उनले आफैले सामाजिक सञ्जालमार्फत यस्तो अभिव्यक्ति आफूले नदिएको स्पष्ट पारेका छन्।,Nepali,,,,,,,,,REFUTES,,,,finance_investment,,,,
"2026 ജൂണിൽ ഇന്‍റർപോളിന്‍റെ 'ഓപ്പറേഷൻ ഗ്ലോബൽ ചെയിൻ' 59 രാജ്യങ്ങളിലായി 1,024 പേരെ അറസ്റ്റ് ചെയ്തു.","മനുഷ്യക്കടത്ത്, നിർബന്ധിത തൊഴിൽ, ഭിക്ഷാടനം എന്നിവയ്ക്കെതിരായ ഈ ഓപ്പറേഷനിൽ 2,070 ഇരകളെ തിരിച്ചറിഞ്ഞു, 465 പുതിയ അന്വേഷണങ്ങൾ ആരംഭിച്ചു.",Eurasia Review (INTERPOL),https://www.interpol.int/News-and-Events/News/2026/Over-1-000-arrested-in-global-crackdown-on-human-trafficking-networks,,,Malayalam,,,,,,,Supported,,,,"Europol, INTERPOL, Frontex എന്നിവയുടെ ഔദ്യോഗിക പ്രസ് റിലീസ് സ്ഥിരീകരിക്കുന്നു: 2026 ജൂൺ 8-12 തീയതികളിൽ 59 രാജ്യങ്ങളിലായി നടന്ന 'Operation Global Chain'-ൽ 1,024 പേരെ അറസ്റ്റ് ചെയ്തു, 2,070 ഇരകളെ തിരിച്ചറിഞ്ഞു, 465 പുതിയ അന്വേഷണങ്ങൾ ആരംഭിച്ചു — എല്ലാ സംഖ്യകളും ക്ലെയിമും എവിഡൻസുമായി കൃത്യമായി പൊരുത്തപ്പെടുന്നു.",,,,,,
تلنگانہ حکومت نے 80 ہزار مخلوعہ جائیدادوں پر تقررات کا اعلان کیا ہے۔,تلنگانہ پبلک سرویس کمیشن نے مختلف محکمہ جات میں 80 ہزار مخلوعہ جائیدادوں پر تقررات کے لئے اعلامیے جاری کیے ہیں۔ ان میں 175 ٹاؤن پلاننگ بلڈنگ اوورسیز آفیسرز کی جائیدادیں بھی شامل ہیں۔,The Siasat Daily (Urdu) - سیاست ڈیلی، حیدرآباد,https://urdu.siasat.com/news/%d8%a8%d9%84%d8%af%db%8c-%d9%86%d8%b8%d9%85-%d9%88-%d9%86%d8%b3%d9%82-%d9%85%db%8c%da%ba-175-%d9%b9%d8%a7%d8%a4%d9%86-%d9%be%d9%84%d8%a7%d9%86%d9%86%da%af-%d8%a2%d9%81%db%8c%d8%b3%d8%b1%d8%b3-%da%a9-1406597/,,یہ ثبوت بتاتا ہے کہ تلنگانہ حکومت نے 80 ہزار مخلوعہ جائیدادوں پر تقررات کا اعلان کیا ہے، جو دعوے کی تصدیق کرتا ہے۔,Urdu,,,,,,,,,Supported,,,,,,,,
صدر اردغان نے کہا ہے کہ ترکیہ اپنی طاقت کو اپنے دشمنوں کے ساتھ شیئر کرے گا۔,صدر رجب طیب اردغان نے اپنے خطاب میں کہا کہ ترکیہ اپنی طاقت اور قوت کو اپنے دوستوں کے ساتھ شئیر کرتا رہے گا، نہ کہ دشمنوں کے ساتھ۔ ان کے بیان میں دشمنوں کا ذکر نہیں ہے۔,The Siasat Daily (Urdu) - سیاست ڈیلی، حیدرآباد,https://urdu.siasat.com/news/%d8%a7%d9%be%d9%86%db%8c-%d9%82%d9%88%d9%85-%da%a9%db%92-%d8%b3%d8%a7%d8%aa%da%be-%d9%85%d9%84%da%a9%d8%b1-%d9%82%d8%af%d9%85-%d8%a8%db%81-%d9%82%d8%af%d9%85-%d8%a2%da%af%db%92-%d8%a8%da%91%da%be-1488629/,,یہ بیان صدر اردغان کی اصل گفتگو کے مقابلے میں متضاد ہے، کیونکہ انہوں نے صرف دوستوں کے ساتھ طاقت شیئر کرنے کی بات کی ہے، دشمنوں کا ذکر نہیں کیا۔,Urdu,,,,,,,,,Not Supported,,,,,,,,
RBI ने अप्रैल 2023 की MPC बैठक में रेपो दर 6.50% पर अपरिवर्तित रखी।,मौद्रिक नीति समिति ने अप्रैल 2023 में रेपो दर 6.50% पर बनाए रखने का निर्णय लिया।,hindi.theprint.in,https://hindi.theprint.in/india/economy/rbi-keeps-repo-rate-unchanged-in-third-straight-policy-meet-reserve-bank-of-india-shaktikanta-das/581973/,,आधिकारिक MPC निर्णय दावे की पुष्टि करता है।,Hindi,,,,,,,,,,Supported,,,,,,,
جھارکھنڈ میں بی جے پی نے اسمبلی کی خرید و فروخت کی کوشش کی ہے۔,مضمون میں ذکر ہے کہ بی جے پی کے اراکین اسمبلی نے ووٹوں کے دوران واک آؤٹ کیا اور الزام لگایا کہ بی جے پی منتخب حکومتوں کو غیر مستحکم کرنے کی کوشش کر رہی ہے۔ تاہم، یہ واضح طور پر بی جے پی کی خرید و فروخت کی کوششوں کی تصدیق نہیں کرتا۔,The Siasat Daily (Urdu) - سیاست ڈیلی، حیدرآباد,https://urdu.siasat.com/news/%d8%ac%da%be%d8%a7%d8%b1%da%a9%da%be%d9%86%da%88-%d9%85%da%a9%d8%aa%db%8c-%d9%85%d9%88%d8%b1%da%86%db%81-%d9%86%db%92-47%d9%88%d9%88%d9%b9%d9%88%da%ba-%d8%b3%db%92-%d8%aa%d8%ad%d8%b1%db%8c%da%a9-1406084/,,مضمون میں بی جے پی کی خرید و فروخت کی کوششوں کا ذکر تو ہے، لیکن یہ دعویٰ مکمل طور پر ثابت نہیں ہوتا بلکہ صرف الزام کی صورت میں پیش کیا گیا ہے۔,Urdu,,,,,,,,,Not Supported,,,,,,,,
"ലാറ്റിൻ അമേരിക്ക-കരീബിയൻ 2024 — ആകെ 1,21,695 കൊലപാതകം; ശരാശരി നിരക്ക് ഒരു ലക്ഷം ജനസംഖ്യക്ക് 20.2 — 2023-ൻ്റെ തുല്യ നിലയിൽ; ലാറ്റിൻ അമേരിക്ക ഒട്ടിൽ മെച്ചപ്പെട്ടപ്പോഴും കരീബിയൻ അക്രമം ഉയർന്ന നിലയിൽ.","InSight Crime 2024 ഹോമിസൈഡ് റൗണ്ട്-അപ്പ് — 2024-ൽ ലാറ്റിനമേരിക്കയിലും കരീബിയനിലും 1,21,695 പേർ കൊല്ലപ്പെട്ടു; ശരാശരി നിരക്ക് ഒരു ലക്ഷത്തിന് 20.2 (2023-ന് സമാനം). ലാറ്റിനമേരിക്കയിൽ പൊതുവായ കൊലപാതക കുറവ് കണ്ടു; കരീബിയൻ അസ്ഥിരമായി തുടർന്നു. മുൻ വർഷങ്ങളെക്കാൾ കൂടുതൽ രാജ്യങ്ങളിൽ കാര്യമായ കുറവ് കണ്ടു.",InSight Crime 2024 Homicide Round-Up (2025),https://insightcrime.org/news/insight-crime-2024-homicide-round-up/,,,Malayalam,,,,,,,Supported,,,,"InSight Crime-ന്‍റെ 2024 Homicide Round-Up ഔദ്യോഗിക റിപ്പോർട്ട് പ്രകാരം ലാറ്റിനമേരിക്ക-കരീബിയനിൽ 2024-ൽ 1,21,695 കൊലപാതകങ്ങൾ, ശരാശരി നിരക്ക് ഒരു ലക്ഷത്തിന് 20.2 (2023-ന് ഏകദേശം തുല്യം) എന്നത് കൃത്യമായി സ്ഥിരീകരിക്കപ്പെടുന്നു. ലിങ്ക് നേരിട്ടുള്ള പ്രാഥമിക സ്രോതസ്സാണ്.",,,,,,
സോനം കപൂറും ആനന്ദ് അഹൂജയും 2026 മാർച്ച് 29-ന് തങ്ങളുടെ രണ്ടാമത്തെ കുഞ്ഞായ ആൺകുട്ടിക്ക് ജന്മം നൽകി.,2022-ൽ ജനിച്ച മകൻ വായുവിന് ശേഷമാണ് ദമ്പതികൾക്ക് രണ്ടാമത്തെ കുഞ്ഞ് ജനിച്ചത്.,Gulf News,,,സോനം കപൂറും ആനന്ദ് അഹൂജയും 2026 മാർച്ച് 29-ന് രണ്ടാമത്തെ കുഞ്ഞായ ആൺകുട്ടിക്ക് ജന്മം നൽകിയെന്ന് Gulf News സ്ഥിരീകരിക്കുന്നു.,Malayalam,,,,,,,,,Supported,,,https://gulfnews.com/entertainment/sonam-kapoor-and-anand-ahuja-welcome-second-baby-boy-our-family-has-grown-1.500490558,,,,,
शारीरिक गतिविधि शुरू करने के एक सप्ताह बाद हर व्यक्ति का हृदय रोग जोखिम समाप्त हो जाता है।,"डब्ल्यूएचओ शारीरिक गतिविधि को जोखिम कम करने से जोड़ता है, लेकिन एक सप्ताह में जोखिम समाप्त होने की गारंटी नहीं देता।",World Health Organization (WHO),https://www.who.int/news-room/fact-sheets/detail/cardiovascular-diseases-(cvds),NOT ENOUGH INFORMATION,"स्रोत संबंधित तथ्य देता है, लेकिन दावे में जोड़ा गया विशिष्ट/सार्वभौमिक निष्कर्ष स्थापित नहीं करता; इसलिए NEI है।",Hindi,,,,,,,,,,,,,,,,,
بی جے پی کی سوشیل میڈیا ٹیم جھوٹ پھیلانے میں ملوث ہے جس سے ملک کا وقار متاثر ہوتا ہے۔,مضمون میں بتایا گیا ہے کہ بی جے پی کی سوشیل میڈیا ٹیم نے جھوٹے دعوے اور فرضی تصاویریں پھیلائی ہیں، جس کی وجہ سے ملک کی نیک نامی متاثر ہوئی ہے۔ ناروایوں اور جھوٹ کی تشہیر کے باعث عالمی سطح پر تنقید کا سامنا کرنا پڑا ہے۔,The Siasat Daily (Urdu) - سیاست ڈیلی، حیدرآباد,https://urdu.siasat.com/news/%d8%ac%da%be%d9%88%d9%b9-%da%a9%d8%a7-%d8%b3%db%81%d8%a7%d8%b1%d8%a7-%da%a9%db%8c%d9%88%da%ba%d8%9f-1330222/,,مضمون میں واضح طور پر بیان کیا گیا ہے کہ بی جے پی کی سوشیل میڈیا ٹیم کی جھوٹے دعوے کرنے کی عادت ملک کے وقار کو متاثر کر رہی ہے، جس سے دعوے کی تصدیق ہوتی ہے۔,Urdu,,,,,,,,,Supported,,,,,,,,
വിരാട് കോലിയും അനുഷ്ക ശർമ്മയും 2024 ഫെബ്രുവരിയിൽ തങ്ങളുടെ രണ്ടാമത്തെ കുഞ്ഞിന്റെ ജനനം സ്ഥിരീകരിച്ചു.,സുഹൃത്തും മുൻ ദക്ഷിണാഫ്രിക്കൻ താരവുമായ എ.ബി. ഡിവില്യേഴ്സ് ഇക്കാര്യം ആദ്യം പരസ്യമായി വെളിപ്പെടുത്തി.,Free Press Journal,,,വിരാട് കോലിയും അനുഷ്ക ശർമ്മയും 2024 ഫെബ്രുവരിയിൽ രണ്ടാമത്തെ കുഞ്ഞിന്റെ ജനനം സ്ഥിരീകരിച്ചെന്നും എ.ബി. ഡിവില്യേഴ്സ് ഇത് ആദ്യം പരസ്യമായി വെളിപ്പെടുത്തിയെന്നും Free Press Journal റിപ്പോർട്ട് ചെയ്യുന്നു.,Malayalam,,,,,,,,,Supported,,,https://www.freepressjournal.in/sports/its-confirmed-virat-kohli-anushka-sharma-expecting-their-2nd-child-reveals-ab-de-villiers-watch,,,,,
ਦਿਲਜੀਤ ਦੋਸਾਂਝ ਅਗਲੇ ਮਹੀਨੇ ਨਿਊਜ਼ੀਲੈਂਡ ਵਿੱਚ ਆਪਣਾ ਨਵਾਂ ਰੈਸਟੋਰੈਂਟ ਖੋਲ੍ਹਣ ਜਾ ਰਹੇ ਹਨ।,ਕੁਝ ਖ਼ਬਰਾਂ ਜ਼ਰੂਰ ਹਨ ਪਰ ਦਿਲਜੀਤ ਦੋਸਾਂਝ ਜਾਂ ਉਨ੍ਹਾਂ ਦੀ ਟੀਮ ਵੱਲੋਂ ਅਜੇ ਕੋਈ ਅਧਿਕਾਰਤ ਪੁਸ਼ਟੀ ਨਹੀਂ ਕੀਤੀ ਗਈ।,Ajit Web TV,https://www.ajitjalandhar.com/?id=10358,,,Punjab,,,,,,,,,,,,,,not enough information (NEI),,,
مونگھل کے زیر قیادت عبوری حکومت نے بنگلہ دیش میں شدت پسند اسلام پسندوں کو پروان چڑھایا ہے۔,علی آرفات نے الزام لگایا ہے کہ منیجر یونوس کی حکومت کے تحت بنگلہ دیش شدت پسند اسلام پسندوں کا مرکز بن چکا ہے۔ انہوں نے کہا کہ یہ وہ ہی عناصر ہیں جنہوں نے سابق وزیراعظم شیخ حسینہ کی مخالفت کی کیونکہ انہوں نے ان کے اثر و رسوخ کو کم کرنے کی کوشش کی۔,Munsif Daily (Urdu) - منصف ڈیلی، حیدرآباد,https://munsifdaily.com/bangladesh-awami-league-leader-accuses-yunus/,,مضمون میں آرفات کے الزام کی تردید موجود نہیں ہے، مگر یہ واضح نہیں ہے کہ آیا یہ حکومت واقعی شدت پسندوں کو پروان چڑھا رہی ہے یا نہیں۔,Urdu,,,,,,,,,Not Supported,,,,,,,,
స్టాక్ ఎక్స్ఛేంజీలలో కంపెనీ షేర్ల లావాదేవీలు నిలిపివేయడానికి విధించే తాత్కాలిక ఆంక్షలను 'సర్క్యూట్ ఫిల్టర్' అంటారు.,"మార్కెట్‌లో తీవ్రమైన హెచ్చుతగ్గులు వచ్చినప్పుడు 10%, 15%, 20% వద్ద ఇండెక్స్ సర్క్యూట్ బ్రేకర్ పడుతుంది.",SEBI / NSE,https://www.nseindia.com,,,Telugu,,,,,,,Supported,,,,,,,,,,
ਜੌਰਡਨ ਸੰਧੂ ਦੀ ਆਉਣ ਵਾਲੀ ਫਿਲਮ 'ਤੇ ਸੈਂਸਰ ਬੋਰਡ ਨੇ ਬੈਨ ਲਗਾ ਦਿੱਤਾ ਹੈ।,ਸੈਂਸਰ ਬੋਰਡ ਵੱਲੋਂ ਅਜਿਹਾ ਕੋਈ ਫੈਸਲਾ ਨਹੀਂ ਲਿਆ ਗਿਆ ਅਤੇ ਫਿਲਮ ਨੂੰ 'U/A' ਸਰਟੀਫਿਕੇਟ ਮਿਲ ਚੁੱਕਾ ਹੈ।,BBC News Punjabi,https://www.bbc.com/punjabi?id=10493,,,Punjab,,,,,,,,,,,,,,Not Supported,,,
شارڈ پوار نے پارٹی کی سربراہی چھوڑنے کا فیصلہ کیا ہے جو اس کے کارکنوں کے لیے تشویش کا باعث ہے۔,شارڈ پوار نے 2 مئی کو پارٹی کی سربراہی چھوڑنے کا اعلان کیا لیکن انہوں نے کہا کہ وہ ایک یا دو دن میں اپنا حتمی فیصلہ کریں گے۔ پارٹی کارکنان اس فیصلے کو واپس لینے کے لیے احتجاج کر رہے ہیں۔,Munsif Daily (Urdu) - منصف ڈیلی، حیدرآباد,https://munsifdaily.com/final-decision-in-1-2-days-sharad-pawar-keeps-suspense-alive-on-retirement-move/,,شارد پوار کے سربراہی چھوڑنے کے فیصلے کے اعلان اور کارکنان کے احتجاج کی تفصیلات دعوے کی حمایت کرتی ہیں۔,Urdu,,,,,,,,,Supported,,,,,,,,
ਸਰਗੁਣ ਮਹਿਤਾ ਦੀ ਆਉਣ ਵਾਲੀ ਫਿਲਮ 'ਤੇ ਸੈਂਸਰ ਬੋਰਡ ਨੇ ਬੈਨ ਲਗਾ ਦਿੱਤਾ ਹੈ।,ਸੈਂਸਰ ਬੋਰਡ ਵੱਲੋਂ ਅਜਿਹਾ ਕੋਈ ਫੈਸਲਾ ਨਹੀਂ ਲਿਆ ਗਿਆ ਅਤੇ ਫਿਲਮ ਨੂੰ 'U/A' ਸਰਟੀਫਿਕੇਟ ਮਿਲ ਚੁੱਕਾ ਹੈ।,Jagbani,https://punjabi.bollywoodtadka.in/?id=10313,,,Punjab,,,,,,,,,,,,,,Not Supported,,,
आफू र एमाले पराजित भएमा चुनावी परिणाम अस्वीकार गर्ने भनेर केपी शर्मा ओलीले बोलेको दाबीसहितका फेसबुक पोष्टहरु,"ओलीले 'म र एमाले पराजित भए चुनावको परिणाम अस्वीकार हुन्छ' भनेका हुन्? - Nepal Factcheck ☰ होम हाम्रो बारे मिथ्या सूचना के हो? हाम्रो वर्गीकरणको अर्थ मिथ्या सूचना: के गर्ने? FAQs तथ्यजाँच अनुरोध × होम हाम्रो बारे मिथ्या सूचना के हो? हाम्रो वर्गीकरणको अर्थ मिथ्या सूचना: के गर्ने? FAQs तथ्यजाँच अनुरोध तथ्यजाँच भ्रामक सूचना वागमती सम्बन्धित प्रदेश ओलीले ‘म र एमाले पराजित भए चुनावको परिणाम अस्वीकार हुन्छ’ भनेका हुन्? Home तथ्यजाँच भ्रामक सूचना टेकमान शाक्य माघ २०, २०८२ ओलीले ‘म र एमाले पराजित भए चुनावको परिणाम अस्वीकार हुन्छ’ भनेका हुन्? आफू र एमाले पराजित भएमा चुनावी परिणाम अस्वीकार गर्ने भनेर नेकपा एमालेका अध्यक्ष एवम् झापा निर्वाचन क्षेत्र नम्बर ५ का लागि प्रतिनिधि सभा सदस्य उम्मेदवार केपी शर्मा ओलीले चेतावनी दिएको दावीसहितका भिडियो र फेसबुक पोस्टहरु सामाजिक सञ्जालमा भाइरल भएका छन्। तर हाम्रो तथ्य जाँचमा ओलीले यस्तो भनेको देखिएन। उनको भाषणलाई तोडमरोड गरी भ्रम फैलाइएको छ। के हो दाबी ? ४ लाख ७२ हजार फलोअर्स रहेको पत्रिका नेपाल नामको फेसबुक पेजमा शनिबार (जनवरी ३१) एउटा भिडियो सार्वजनिक भएको छ जसको शीर्षकमा लेखिएको छ, – ‘केपी ओली आफूले हारे परिणाम नस्वीकार्ने भन्दै सरकारलाई दिए धम्कीपूर्ण चेतावनी’ यो तथ्य जाँच गर्ने समयसम्ममा यो भिडियो १४ लाखले हेरेका छन् भने ४९ हजार जनाले रियाक्ट र ८ हजार जनाले कमेन्ट गरेका छन्। हेर्नुहोस् पत्रिका नेपाल नामक फेसबुक पेजमा पोस्ट भएको भिडिओ रिपोर्टको स्क्रिन रेकर्ड https://nepalfactcheck.org/wp-content/uploads/2026/02/patrika-nepal.mp4 पत्रिका नेपाल नामक फेसबुक पेजमा सार्वजनिक भिडियोको ओरिजिनल लिंक यहाँ छ । ३५ हजार फलोअर्स रहेको यात्रा नामक फेसबुक पेजले पनि जनवरी ३१ को दिन नै यही दाबीसहित केपी शर्मा ओलीको फोटोसहित एउटा स्टायटस राखेको छ । यो तथ्य जाँच गर्ने समयसम्ममा यो पोस्टले १४ हजार रियाक्सन पाएको छ भने ३ हजार १ सय कमेन्ट र ७४७ जनाले सेयर गरेका छन् । कमेन्ट गर्ने अधिकांशले केपी शर्मा ओलीको चर्को आलोचना गरिरहेका छन् । हेर्नुहोस् यात्रा नामक फेसबुक पेजबाट सार्वजनिक भएको स्ट्याटसको स्क्रिनसट यात्र नामक फेसबुकको ओरिजिनल लिंक यहाँ छ भने अर्काइभ लिंक यहाँ छ । १६ हजार फलोअर्स रहेको टाइम्स अफ नेपाल नामक फेसबुक पेजले फेब्रुअरी १ मा यही दाबी राखेको",NepalFactCheck.org,https://nepalfactcheck.org/2026/02/id-oli-say-he-would-reject-the-election-results-if-he-and-uml-were-defeated/,,भ्रामक सूचना। ओलीले निर्वाचनमा सरकारले धाँधली गरेर कसैलाई जिताउने प्रयास गरेमा त्यस्तो नतिजा स्वीकार गर्न नसकिने भनेका हुन्। यही दाबीलाई तोडमरोड गरेर ‘आफू र एमाले पराजित भए नतिजा स्वीकार नगर्ने ‘ भनेर ओलीले बोलेको भनेर भ्रम फैलाइएको हो। (नेपाल फ्याक्ट चेक र अनलाइनखबर को सहकार्य),Nepali,,,,,,,,,REFUTES,,,,politics_elections,,,,
जुलाई 2022 में 'डिजिटल इंडिया सप्ताह 2022' का उद्घाटन गांधीनगर में किया गया।,कैटलाइज़िंग न्यू इंडियाज़ टेकेड' थीम के साथ डिजिटल इंडिया वीक 2022 का शुभारंभ पीएम मोदी ने किया।,MeitY,,,,Hindi,,,,https://pib.gov.in/PressReleasePage.aspx?PRID=1839214,Supported,इलेक्ट्रॉनिक्स एवं आईटी मंत्रालय से सत्यापित।,,,,,,,,,,,
ദക്ഷിണാഫ്രിക്കയിലെ സമീപകാല കുറ്റകൃത്യ കുറവിന് പ്രധാന കാരണം മെച്ചപ്പെട്ട പോലീസിംഗ് വിഭവങ്ങളും തന്ത്രങ്ങളുമാണ്.,"ചില വിഭാഗങ്ങളിൽ കുറവ് കാണുന്നുണ്ടെങ്കിലും തട്ടിക്കൊണ്ടുപോകൽ, വാണിജ്യ കുറ്റകൃത്യങ്ങൾ എന്നിവ ഉയർന്ന നിലയിൽ തുടരുന്നതിനാൽ ഒറ്റക്കാരണം സ്ഥിരീകരിക്കാൻ വ്യക്തമായ തെളിവില്ലെന്ന് പാർലമെന്‍റ് റിപ്പോർട്ട് ചൂണ്ടിക്കാട്ടുന്നു.",Parliament of South Africa,https://archive.parliament.gov.za/server/api/core/bitstreams/985e64a2-2624-4b13-937e-a276e87daa0c/content,,,Malayalam,,,,,,,not enough information (NEI),,,,"ദക്ഷിണാഫ്രിക്കൻ പാർലമെന്‍റ് റിപ്പോർട്ട് കുറ്റകൃത്യ കുറവിന് ഏകകാരണം (മെച്ചപ്പെട്ട പോലീസിംഗ്) എന്ന് സ്ഥിരീകരിക്കുന്നില്ല — ചില വിഭാഗങ്ങളിൽ (തട്ടിക്കൊണ്ടുപോകൽ, വാണിജ്യ കുറ്റകൃത്യം) ഉയർന്ന നിലയിൽ തുടരുന്നതിനാൽ ഒറ്റക്കാരണ വിശദീകരണത്തെ റിപ്പോർട്ട് പിന്തുണക്കുന്നില്ല. അതിനാൽ ക്ലെയിം സ്ഥിരീകരിക്കാനോ നിഷേധിക്കാനോ വ്യക്തമായ തെളിവില്ല എന്നതിനാൽ NEI ലേബൽ ശരിയാണ്.",,,,,,
ਕਰਨ ਔਜਲਾ ਨੇ ਅਮਰੀਕਾ ਵਿੱਚ ਆਪਣੇ ਨਵੇਂ ਸੰਗੀਤਕ ਟੂਰ ਦਾ ਐਲਾਨ ਕੀਤਾ ਹੈ।,"ਅਧਿਕਾਰਤ ਸੋਸ਼ਲ ਮੀਡੀਆ ਹੈਂਡਲ ਮੁਤਾਬਕ, ਕਰਨ ਔਜਲਾ ਨੇ ਅਮਰੀਕਾ ਟੂਰ ਦੀ ਪੁਸ਼ਟੀ ਕੀਤੀ ਹੈ।",Jagbani,https://punjabi.bollywoodtadka.in/?id=10067,,,Punjab,,,,,,,,,,,,,,Supported,,,
چکھیس گڑھ کی شراب اسکینڈل میں ملوث افراد کی تعداد بہت زیادہ ہے۔,خبر کے مطابق، اس اسکینڈل میں کئی اعلیٰ شخصیات شامل ہیں جن میں ریٹائرڈ IAS افسران، کاروباری افراد اور سیاستدان شامل ہیں۔ اب تک متعدد افراد کو گرفتار کیا جا چکا ہے، مگر اس میں شامل تمام افراد کی تفصیلات فراہم نہیں کی گئیں۔,Munsif Daily (Urdu) - منصف ڈیلی، حیدرآباد,https://munsifdaily.com/ed-arrests-retired-ias-officer-in-multi-crore/,,اسکینڈل میں ملوث افراد کی تعداد کی تصدیق کے لئے کسی خاص تعداد یا تفصیل کا ذکر نہیں کیا گیا، اس لئے معلومات ناکافی ہیں۔,Urdu,,,,,,,,,Not Enough Information (NEI),,,,,,,,
محمد لطیف خان کو مجلس استقبالیہ کا صدرنشین منتخب کیا گیا ہے۔,اس خبر کے مطابق، جناب محمد لطیف خان کو مجلس استقبالیہ کی صدرنشینی کے لئے منتخب کیا گیا ہے۔ اس اجلاس میں ان کے انتخاب کو ایک اعزاز قرار دیا گیا۔,The Siasat Daily (Urdu) - سیاست ڈیلی، حیدرآباد,https://urdu.siasat.com/news/%d8%aa%d8%b9%d9%85%db%8c%d8%b1-%d9%85%d9%84%d8%aa-%da%a9%db%92-%d8%ac%d9%84%d8%b3%db%81-%db%8c%d9%88%d9%85-%d8%b1%d8%ad%d9%85%d8%aa%db%81-%d9%84%d9%84%d8%b9%d8%a7%d9%84%d9%85%db%8c%d9%86-%ef%b7%ba-1404878/,,یہ ثبوت دعوے کی تصدیق کرتا ہے کیونکہ خبر میں واضح طور پر محمد لطیف خان کے صدرنشینی کے انتخاب کا ذکر کیا گیا ہے۔,Urdu,,,,,,,,,Supported,,,,,,,,
സെൻഡായയും ടോം ഹോളണ്ടും 2025 ജനുവരിയിലെ ഗോൾഡൻ ഗ്ലോബ് അവാർഡ് ചടങ്ങിൽ വിവാഹനിശ്ചയ മോതിരം ആദ്യമായി പരസ്യമായി പ്രദർശിപ്പിച്ചു.,റെഡ് കാർപെറ്റിൽ സെൻഡായയുടെ വിരലിലെ മോതിരം ശ്രദ്ധ നേടിയതോടെ എൻഗേജ്മെന്റ് വാർത്ത സ്ഥിരീകരിക്കപ്പെട്ടു.,AOL / Cosmopolitan,,,സെൻഡായയും ടോം ഹോളണ്ടും 2025 ജനുവരി ഗോൾഡൻ ഗ്ലോബ് ചടങ്ങിന്റെ റെഡ് കാർപെറ്റിൽ വിവാഹനിശ്ചയ മോതിരം ആദ്യമായി പരസ്യമായി പ്രദർശിപ്പിച്ചെന്ന് AOL/Cosmopolitan സ്ഥിരീകരിക്കുന്നു.,Malayalam,,,,,,,,,Supported,,,https://www.aol.com/celebrity-couples-announced-engagements-2025-143300798.html,,,,,
अमेरिकी राष्ट्रपति जो बाइडेनका छोरा हन्टर बाइडेन बन्दूक राखेको मुद्दामा दोषी ठहर भएका छन्।,"के अमेरिकी राष्ट्रपतिका छोरा बन्दूक राखेको मुद्दामा दोषी ठहर भएका हुन्? - Nepal Factcheck ☰ होम हाम्रो बारे मिथ्या सूचना के हो? हाम्रो वर्गीकरणको अर्थ मिथ्या सूचना: के गर्ने? FAQs तथ्यजाँच अनुरोध × होम हाम्रो बारे मिथ्या सूचना के हो? हाम्रो वर्गीकरणको अर्थ मिथ्या सूचना: के गर्ने? FAQs तथ्यजाँच अनुरोध तथ्यजाँच भ्रामक सूचना वागमती सम्बन्धित प्रदेश के अमेरिकी राष्ट्रपतिका छोरा बन्दूक राखेको मुद्दामा दोषी ठहर भएका हुन्? Home तथ्यजाँच भ्रामक सूचना उमेश श्रेष्ठ भदौ २९, २०८० के अमेरिकी राष्ट्रपतिका छोरा बन्दूक राखेको मुद्दामा दोषी ठहर भएका हुन्? अमेरिकी राष्ट्रपति जो बाइडेनका छोरा हन्टर बाइडेनलाई पाँच वर्षअघि झुटो बोलेर बन्दूक किनेको अभियोगमा अदालतले दोषी ठहर गरेको समाचार केही नेपाली अनलाइन मिडियाहरुले दिएका छन्। तर, हाम्रो तथ्य जाँचमा यो खबर भ्रामक देखिएको छ। अन्तर्राष्ट्रिय समाचार एजेन्सीहरुका अनुसार हन्टर बाइडेनलाई बन्दूक खरिद गर्दा झुट्टा विवरण दिएको विषयमा तीन वटा फौजदारी अभियोग दायर भएको हो। कहाँ कस्तो समाचार ? इमेज च्यानल टेलिभिजन, इमेज एफएमसहित सञ्चालन गर्ने इमेज ग्रुप अफ कम्पनीको अनलाइन न्युजपोर्टल इमेजखबर डट कममा शुक्रबार बिहान ‘अमेरिकी राष्ट्रपति बाइडेनका छोरा झुठो बोलेर हतियार किनेको आरोपमा दोषी ठहर’ शीर्षकमा समाचार राखिएको छ। समाचारमा लेखिएको छ- “डेलाबर अदालतमा चलिरहेको मुद्धामा अदालतले ५३ बर्षिय बाइडेनलाई तीन वटा आरोपमा दोषी ठहर गरेको हो । सन् २०१८ मा उनले कोबरा स्वचालित बन्दुक खरिद गर्ने क्रममा झुठो बोलेको ठहर अदालतको छ । बन्दुक खरिद गर्ने समयमा उनी कोकिनका दुब्र्यसनी रहेकोमा उनले आफू दुब्र्यसनी रहेको विषय ढाँटेर डेलाबरबाट बन्दुक किनेको अदालतको ठहर छ । अमेरिकी प्रतिनिधिसभाका सभामुख केभिन म्याकार्थीले राष्ट्रपति बाइडेनमाथि नै महाअभियोग प्रक्रिया शुरु गर्न अनुमति दिएको बेला छोरा बाइडेन दोषी करार भएका छन्।” हेर्नुस् अर्काइभ लिङ्क। यस्तै समाचार अरु विभिन्न नेपाली अनलाइन न्युजपोर्टलमा पनि आएका छन्। केन्द्रबिन्दू डट कमले ‘अमेरिकी राष्ट्रपति जो बाइडेनका छोरा हन्टर बन्दुक राखेको मुद्दामा दोषी ठहर’ शीर्षकको समाचारमा लेखेको छ- पाँच वर्षअघि अवैध रूपमा बन्दुक किनेको मुद्दामा अमेरिकी राष्ट्रपति जो बाइडेनका छोरा हन्टरलाई दोषी ठहर गरिएको छ। जानकारीका अनुसार अमेरिकी न्याय व",NepalFactCheck.org,https://nepalfactcheck.org/2023/09/biden-factcheck/,,"भ्रामक सूचना। अन्तर्राष्ट्रिय समाचार एजेन्सीहरुका अनुसार हन्टर बाइडेनलाई तीन वटा अभियोग लगाइएको हो, उनी दोषी ठहर भइसकेका छैनन्। तसर्थ नेपाली अनलाइन मिडियाहरुले दिएको समाचार भ्रामक छ।",Nepali,,,,,,,,,REFUTES,,,,finance_investment,,,,
క్రెడిట్ రేటింగ్ సంస్థలు ఇచ్చే AAA రేటింగ్ అత్యంత సురక్షితమైన మరియు తక్కువ క్రెడిట్ రిస్క్ కలిగిన బాండ్లను సూచిస్తుంది.,D (Default) రేటింగ్ ఉన్న బాండ్లు అసలు లేదా వడ్డీ చెల్లించడంలో విఫలమైనట్లు భావిస్తారు.,SEBI / CRISIL,https://www.crisil.com,,,Telugu,,,,,,,Supported,,,,,,,,,,
"वर्ष 1996 में सेबी ने म्यूचुअल फंड उद्योग के पुनर्गठन और निवेशक सुरक्षा के लिए नए 'सेबी (म्यूचुअल फंड) विनियम, 1996' अधिसूचित किए।","म्यूचुअल फंड्स के लिए स्वतंत्र ट्रस्टियों की नियुक्ति, NAV की नियमित घोषणा और प्रकटीकरण मानकों को अत्यधिक कड़ा बनाया गया।",Securities and Exchange Board of India (SEBI),https://www.sebi.gov.in/legal/regulations/1996/mf-regulations.html,,,Hindi,,,,,,,Supported,,,,,,,,,,
శరీర బరువును నియంత్రించడం ఆరోగ్యానికి మంచిది.,ఆరోగ్యకరమైన బరువు అనేక వ్యాధుల ప్రమాదాన్ని తగ్గిస్తుంది.,CDC,https://www.cdc.gov/healthyweight,,,Telugu,,,,,,,,,,,,,,,,Supported,Supported
[2005] (आर्थिक कानून व विधायी सुधार) भारतीय रिजर्व बैंक ने कागजी मुद्रा (Paper Currency) को पूरी तरह समाप्त कर दिया था। (संदर्भ संख्या: 2005-1004),2005 में नकद लेनदेन ही भारत की मुख्य भुगतान प्रणाली थी; डिजिटल वॉलेट या यूपीआई जैसी प्रणालियां उपलब्ध नहीं थीं। [वर्ष 2005 के वित्तीय/आर्थिक अभिलेखीय आंकड़ों के अनुसार - श्रेणी: आर्थिक कानून व विधायी सुधार],RBI Archives / Ministry of Commerce / Law Ministry / PIB,https://pib.gov.in/newsite/PrintRelease.aspx?relid=80004,,,Hindi,,,,,,,Not Supported,,,,,,,,,,
अप्रैल 2023 की MPC बैठक में रेपो दर 6.50% पर अपरिवर्तित रखी गई।,RBI की MPC ने अप्रैल 2023 में रेपो दर 6.50% पर बनाए रखने का निर्णय लिया।,amarujala.com,https://www.amarujala.com/business/business-diary/rbi-monetary-policy-repo-rate-hike-inflation-economic-growth-shaktikanta-das-latest-news-updates-2023-04-06,,उपलब्ध आधिकारिक RBI दस्तावेज़ों में इस दावे के समर्थन में कोई स्पष्ट प्रमाण उपलब्ध नहीं है।,Hindi,,,,,,,,,,Supported,,,,,,,
ਜੌਰਡਨ ਸੰਧੂ ਦੀ ਨਵੀਂ ਫਿਲਮ ਨੇ ਪਹਿਲੇ ਦਿਨ 25 ਕਰੋੜ ਦੀ ਕਮਾਈ ਕੀਤੀ।,ਬਾਕਸ ਆਫਿਸ ਰਿਪੋਰਟਾਂ ਅਨੁਸਾਰ ਜੌਰਡਨ ਸੰਧੂ ਦੀ ਫਿਲਮ ਨੇ ਓਪਨਿੰਗ ਡੇਅ 'ਤੇ ਵਾਕਈ 25 ਕਰੋੜ ਕਮਾਏ ਹਨ।,ABP Sanjha,https://punjabi.abplive.com/?id=10163,,,Punjab,,,,,,,,,,,,,,Supported,,,
ਸੋਨਮ ਬਾਜਵਾ ਨੇ ਯੂਕੇ ਦਾ ਲਾਈਵ ਸ਼ੋਅ ਰੱਦ ਕਰ ਦਿੱਤਾ ਹੈ।,"ਪ੍ਰਬੰਧਕਾਂ ਅਤੇ ਸੋਨਮ ਬਾਜਵਾ ਦੀ ਟੀਮ ਨੇ ਸਪੱਸ਼ਟ ਕੀਤਾ ਹੈ ਕਿ ਸ਼ੋਅ ਮਿੱਥੇ ਸਮੇਂ 'ਤੇ ਹੀ ਹੋਵੇਗਾ, ਖ਼ਬਰ ਝੂਠੀ ਹੈ।",Zee News Punjab,https://zeenews.india.com/punjabi?id=10487,,,Punjab,,,,,,,,,,,,,,Not Supported,,,
حکومت ایوان میں عوامی مسائل پر بحث کے لیے تیار ہے۔,مضمون کے مطابق، وزراء نے کہا کہ حکومت ایوان میں تمام مسائل کو موضوع بحث بنانے کے لیے پوری طرح تیار ہے۔ یہ ایوان میں مختلف موضوعات پر تبادلہ خیال کے فیصلے کے ساتھ متفق ہیں، جس میں عوامی مسائل بھی شامل ہیں۔,The Siasat Daily (Urdu) - سیاست ڈیلی، حیدرآباد,https://urdu.siasat.com/news/%d8%a7%d8%b3%d9%85%d8%a8%d9%84%db%8c-%da%a9%d8%a7-%d9%85%d8%a7%d9%86%d8%b3%d9%88%d9%86-%d8%b3%db%8c%d8%b4%d9%86-12-%d8%a7%d9%88%d8%b1-13-%d8%b3%d8%aa%d9%85%d8%a8%d8%b1-%d8%aa%da%a9-%d8%ac%d8%a7%d8%b1-1406260/,,یہ ثبوت دعوے کی تصدیق کرتا ہے کیونکہ وزراء نے واضح طور پر کہا ہے کہ حکومت عوامی مسائل پر بحث کے لیے تیار ہے۔,Urdu,,,,,,,,,Supported,,,,,,,,
ਸ਼ਹਿਨਾਜ਼ ਗਿੱਲ ਦੀ ਨਵੀਂ ਫਿਲਮ ਨੇ ਪਹਿਲੇ ਦਿਨ 10 ਕਰੋੜ ਦੀ ਕਮਾਈ ਕੀਤੀ।,ਬਾਕਸ ਆਫਿਸ ਰਿਪੋਰਟਾਂ ਅਨੁਸਾਰ ਸ਼ਹਿਨਾਜ਼ ਗਿੱਲ ਦੀ ਫਿਲਮ ਨੇ ਓਪਨਿੰਗ ਡੇਅ 'ਤੇ ਵਾਕਈ 10 ਕਰੋੜ ਕਮਾਏ ਹਨ।,Zee News Punjab,https://zeenews.india.com/punjabi?id=10439,,,Punjab,,,,,,,,,,,,,,Supported,,,
سپریم کورٹ نے پولاورم پراجکٹ کی تعمیر روکنے کے لیے ہدایت جاری کی ہے۔,سپریم کورٹ نے مرکزی حکومت کو ہدایت دی ہے کہ وہ پولاورم پراجکٹ کے متاثرین کے مسائل پر توجہ دے۔ عدالت نے واضح کیا کہ تلنگانہ حکومت پراجکٹ کی تعمیر روکنے کے حق میں نہیں ہے بلکہ زیر آب آنے والے علاقوں کی فکر مند ہے۔,The Siasat Daily (Urdu) - سیاست ڈیلی، حیدرآباد,https://urdu.siasat.com/news/%d9%be%d9%88%d9%84%d8%a7%d9%88%d8%b1%d9%85-%d9%be%d8%b1%d8%a7%d8%ac%da%a9%d9%b9-%d9%be%d8%b1-%d9%85%d8%b1%da%a9%d8%b2-%da%a9%d9%88-%d8%b3%d9%be%d8%b1%db%8c%d9%85-%da%a9%d9%88%d8%b1%d9%b9-%da%a9%db%8c-1406588/,,مضمون میں بیان کیا گیا ہے کہ سپریم کورٹ نے تعمیر روکنے کے بارے میں کوئی ہدایت نہیں دی، بلکہ متاثرین کے مسائل پر بات چیت کی ہدایت کی ہے۔,Urdu,,,,,,,,,Not Supported,,,,,,,,
ਗਿੱਪੀ ਗਰੇਵਾਲ ਨੇ ਅਮਰੀਕਾ ਵਿੱਚ ਆਪਣੇ ਨਵੇਂ ਸੰਗੀਤਕ ਟੂਰ ਦਾ ਐਲਾਨ ਕੀਤਾ ਹੈ।,"ਅਧਿਕਾਰਤ ਸੋਸ਼ਲ ਮੀਡੀਆ ਹੈਂਡਲ ਮੁਤਾਬਕ, ਗਿੱਪੀ ਗਰੇਵਾਲ ਨੇ ਅਮਰੀਕਾ ਟੂਰ ਦੀ ਪੁਸ਼ਟੀ ਕੀਤੀ ਹੈ।",Rozana Spokesman,https://www.rozanaspokesman.in/?id=10280,,,Punjab,,,,,,,,,,,,,,Supported,,,
"नेपाल प्रहरीको साइबर ब्यूरो सीआईबी मातहत रहेको। दावीकर्ताः बाह्रखरी अनलाइन। तथ्यः मिथ्या सूचना। आधिकारिक वेबसाइटमा उल्लेख भएको संगठनात्मक संरचनाका अनुसार ब्यूरो नेपाल प्रहरी हेडक्वार्टर मातहत छ। प्रतिक्रिया दिनुहोस् 631 अहिलेसम्म गरिएका तथ्यजाँच सङ्ख्या सबैभन्दा धेरै हेरिएको के लक्ष्मी बैंकको सबै बैँक खाता बन्द गर्न अदालतले आदेश दिएको हो? फाल्गुन २९, २०७९ के हो ‘एमाले महाधिवेशन अन्तर्राष्ट्रिय नजरमा’ लेखिएको भाइरल पोस्टको तथ्य? मंसिर १३, २०७८ के हो सामाजिक सञ्जालमा भाइरल भएको मन्त्री झाँक्रीको घर भनिएको फोटोको तथ्य ? जेष्ठ २३, २०७९ के हो फेसबुकमा भाइरल भएको मञ्जु भण्डारीको स्टायटसको तथ्य ? साउन १९, २०७९ यात्री मोटरसाइकलको भाइरल फोटो नयाँ हो कि पुरानो ? जेष्ठ ८, २०८० राष्ट्रिय गान शब्दबाट सुरु भएर शब्दबाटै अन्त्य हुनुपर्ने ओलीको दावी सही हो? चैत्र २५, २०७९ के स्वीडेनले सेक्सलाई खेलको मान्यता दिएको हो ? जेष्ठ २२, २०८० के राष्ट्रिय परिचय पत्र बनाउनको लागि सरकारले विश्व बैँकबाट ऋण लिएको हो ? अशोज ७, २०८१ के नागरिकता बनाउन अनलाइन रजिष्ट्रेशन गर्नुपर्ने वेबसाइट सञ्चालनमा आएको हो? अशोज १०, २०८१ के हो नेपालमा प्लास्टिकको चामल बिक्री भएको दावी गर्दै भाइरल भएको भिडियोको तथ्य? अशोज ४, २०८१ काठमाडौँको भन्दै भाइरल भिडियो वास्तवमा जापानको अशोज १६, २०८१","साइबर ब्युरो सीआइबीको मातहतमा रहेको समाचार गलत - Nepal Factcheck ☰ होम हाम्रो बारे मिथ्या सूचना के हो? हाम्रो वर्गीकरणको अर्थ मिथ्या सूचना: के गर्ने? FAQs तथ्यजाँच अनुरोध × होम हाम्रो बारे मिथ्या सूचना के हो? हाम्रो वर्गीकरणको अर्थ मिथ्या सूचना: के गर्ने? FAQs तथ्यजाँच अनुरोध तथ्यजाँच मिथ्या सूचना वागमती साइबर ब्युरो सीआइबीको मातहतमा रहेको समाचार गलत Home तथ्यजाँच मिथ्या सूचना प्रविण भट्ट भदौ १२, २०८२ साइबर ब्युरो सीआइबीको मातहतमा रहेको समाचार गलत नेपाल प्रहरीको साइबर ब्यूरो केन्द्रीय अनुसन्धान ब्युरो (सीआईबी) मातहत रहेको भन्दै बाह्रखरी अनलाइनले समाचार प्रकाशित गरेको छ। एमाले नेता ऐन महरविरुद्द पक्राउ पुर्जी जारी भएको भन्ने समाचारमा साइबर ब्युरो सीआईबी मातहत रहेको दावी गरिएको छ। तर हाम्रो तथ्यजाँचमा भने उक्त दावी गलत भएको पाइएको छ। साइबर ब्युरो अलग ब्युरो हो र यो नेपाल प्रहरी हेडक्वार्टर मातहत रहेको छ। के हो दावी? एमाले नेता ऐन महर विरुद्ध पक्राउ पुर्जी जारी भएको समाचार भदौ ११ गते बाह्रखरी अनलाइनले प्रकाशित गरेको हो। समाचारमा प्रहरीको साइबर ब्यूरो सीआईबी मातहत रहेको उल्लेख गरिएको छ। समाचारको अर्काइभ यहाँ पढ्न सकिन्छ हेर्नुस् स्क्रिनसट के हो तथ्य? साइबर ब्युरो नेपाल प्रहरीको सीआईबी मातहत नभई हेडक्वार्टर मातहत रहेको छ। साइबर ब्यूरोको वेबसाइटमा रहेको संगठनात्मक संरचनाका अनुसार ब्यूरो नेपाल प्रहरी हेडक्वार्टर मातहत छ। हेर्नुस् स्क्रिनसट तथ्यजाँच",NepalFactCheck.org,https://nepalfactcheck.org/2025/08/%e0%a4%b8%e0%a4%be%e0%a4%87%e0%a4%ac%e0%a4%b0-%e0%a4%ac%e0%a5%8d%e0%a4%af%e0%a5%81%e0%a4%b0%e0%a5%8b-%e0%a4%b8%e0%a5%80%e0%a4%86%e0%a4%87%e0%a4%ac%e0%a5%80-%e0%a4%ae%e0%a4%be%e0%a4%a4%e0%a4%b9/,,"भारत-पाकिस्तान युद्ध बारे प्रधानमन्त्री ओलीले के भनेका हुन् ? बैशाख ३०, २०८२ यसमा प्रकाशित सबै सामग्री CC BY 4.0 अन्तर्गत छन्। यसलाई NepalFactCheck.org भनेर स्रोत खोलेर पूर्ण वा आशय फरक नपर्ने गरी सम्पादन गरी पुन: प्रकाशन गर्न पाइन्छ। ×",Nepali,,,,,,,,,REFUTES,,,,finance_investment,,,,
కార్పొరేట్ సామాజిక బాధ్యత (CSR) కింద అర్హత కలిగిన కంపెనీలు సగటు లాభాల్లో 2% ఖర్చు చేయడం తప్పనిసరి.,కంపెనీల చట్టం 2013 సెక్షన్ 135 ప్రకారం మూడు సంవత్సరాల సగటు నికర లాభాలలో 2% ని సామాజిక ప్రయోజనాలకు వాడాలి.,Ministry of Corporate Affairs,https://www.mca.gov.in,,,Telugu,,,,,,,Supported,,,,,,,,,,
ਦਿਲਜੀਤ ਦੋਸਾਂਝ ਦੀ ਨਵੀਂ ਫਿਲਮ ਨੇ ਪਹਿਲੇ ਦਿਨ 100 ਕਰੋੜ ਦੀ ਕਮਾਈ ਕੀਤੀ।,ਬਾਕਸ ਆਫਿਸ ਰਿਪੋਰਟਾਂ ਅਨੁਸਾਰ ਦਿਲਜੀਤ ਦੋਸਾਂਝ ਦੀ ਫਿਲਮ ਨੇ ਓਪਨਿੰਗ ਡੇਅ 'ਤੇ ਵਾਕਈ 100 ਕਰੋੜ ਕਮਾਏ ਹਨ।,Zee News Punjab,https://zeenews.india.com/punjabi?id=10382,,,Punjab,,,,,,,,,,,,,,Supported,,,
वर्ष 1995 में भारत में पहली वाणिज्यिक मोबाइल फोन सेवा (Cellular Mobile Service) का आधिकारिक शुभारंभ हुआ।,"कोलकाता से नई दिल्ली के बीच पहली मोबाइल कॉल की गई, जिसने भारत में वायरलेस दूरसंचार क्रांति की नींव रखी।",Department of Telecommunications (DoT) / BSNL Archives,https://pib.gov.in/archive/releases/1995/first_mobile_call.html,,,Hindi,,,,,,,Supported,,,,,,,,,,
2023-ൽ സ്വീഡനിൽ 363 വെടിവയ്പ് സംഭവങ്ങളിൽ 55 പേർ കൊല്ലപ്പെട്ടു.,ഒരു കോടി ജനസംഖ്യയുള്ള സ്വീഡനിൽ ഗ്യാങ് അക്രമവുമായി ബന്ധപ്പെട്ട 363 വെടിവയ്പ് സംഭവങ്ങളിൽ 55 പേർ മരിച്ചു.,Euronews (2023 Sweden shooting statistics),https://www.euronews.com/my-europe/2024/10/15/swedens-homicide-rate-linked-to-gang-warfare-is-one-of-the-highest-in-europe,,,Malayalam,,,,,,,Supported,,,,"സ്വീഡിഷ് പോലീസ്/BRA ഡേറ്റ പ്രകാരം 2023-ൽ 363 വെടിവയ്പ് സംഭവങ്ങൾ രേഖപ്പെടുത്തി; മരണസംഖ്യ സ്രോതസ്സ് അനുസരിച്ച് ചെറിയ വ്യത്യാസത്തിൽ 53-55 എന്ന് കാണുന്നു (Euronews: 53) — സംഭവസംഖ്യ കൃത്യമാണ്, മരണസംഖ്യ ഏകദേശം ശരിയാണ്.",,,,,,
2023-ൽ ബ്രസീലിലെ കൊലപാതക നിരക്ക് 2022-നെ അപേക്ഷിച്ച് വർദ്ധിച്ചു.,UNODC കണക്കുകൾ പ്രകാരം ബ്രസീലിന്‍റെ കൊലപാതക നിരക്ക് 2022-ലെ 20.08-ൽ നിന്ന് 2023-ൽ 19.28 ആയി യഥാർത്ഥത്തിൽ കുറഞ്ഞു.,UNODC Data (via Wikipedia - Crime in Brazil),https://en.wikipedia.org/wiki/Crime_in_Brazil,,,Malayalam,,,,,,,Not Supported,,,,UNODC ഡേറ്റ (Wikipedia 'Crime in Brazil' വഴി) സ്ഥിരീകരിക്കുന്നത് ബ്രസീലിന്‍റെ കൊലപാതക നിരക്ക് 2022-ലെ 20.08-ൽ നിന്ന് 2023-ൽ 19.28 ആയി യഥാർത്ഥത്തിൽ കുറഞ്ഞു എന്നാണ് — ക്ലെയിമിലെ 'വർദ്ധിച്ചു' എന്ന അവകാശവാദം ഇതിന് നേരിട്ട് വിരുദ്ധമാണ്. അതിനാൽ 'Not Supported' ലേബൽ കൃത്യമായി ശരിയാണ്; ഈ ഡേറ്റ റോ 57/92 എന്നിവയിലും സ്ഥിരതയോടെ ഉപയോഗിക്കപ്പെട്ടിട്ടുണ്ട്.,,,,,,
ਅਮਰਿੰਦਰ ਗਿੱਲ ਨੇ ਨਿਊਜ਼ੀਲੈਂਡ ਵਿੱਚ ਆਪਣੇ ਨਵੇਂ ਸੰਗੀਤਕ ਟੂਰ ਦਾ ਐਲਾਨ ਕੀਤਾ ਹੈ।,"ਅਧਿਕਾਰਤ ਸੋਸ਼ਲ ਮੀਡੀਆ ਹੈਂਡਲ ਮੁਤਾਬਕ, ਅਮਰਿੰਦਰ ਗਿੱਲ ਨੇ ਨਿਊਜ਼ੀਲੈਂਡ ਟੂਰ ਦੀ ਪੁਸ਼ਟੀ ਕੀਤੀ ਹੈ।",ABP Sanjha,https://punjabi.abplive.com/?id=10340,,,Punjab,,,,,,,,,,,,,,Supported,,,
മോനിക്ക ബെല്ലൂച്ചിയും ടിം ബർട്ടണും വേർപിരിയാനുള്ള കൃത്യമായ കാരണം എന്താണെന്ന് ഇതുവരെ വ്യക്തമായിട്ടില്ല.,"സംയുക്ത പ്രസ്താവനയിൽ ബഹുമാനത്തോടെ വേർപിരിയുന്നു എന്ന് മാത്രമേ പറഞ്ഞിട്ടുള്ളൂ, കാരണം വ്യക്തമാക്കിയിട്ടില്ല.",BuzzFeed,,,"മോനിക്ക ബെല്ലൂച്ചിയും ടിം ബർട്ടണും വേർപിരിയലിന്റെ കാരണം ഔദ്യോഗികമായി വെളിപ്പെടുത്തിയിട്ടില്ലെന്ന് TMZ, E! Online സ്ഥിരീകരിക്കുന്നു; ബഹുമാനത്തോടെ വേർപിരിയുന്നു എന്ന ഹ്രസ്വ പ്രസ്താവന മാത്രമാണ് നൽകിയത്.",Malayalam,,,,,,,,,not enough information (NEI),,,https://www.buzzfeed.com/alanna_marshall/celebrity-breakups-2025,,,,,
تلنگانہ کی گورنر خواتین کے مسائل سننے کے لئے 'مہیلا دربار' منعقد کر رہی ہیں۔,گورنر تملیسائی ساوندر راجن نے 10 جون کو خواتین کی شکایات سننے کے لئے 'مہیلا دربار' منعقد کرنے کا اعلان کیا ہے۔ اس پروگرام کا مقصد خواتین کی سننے نہیں جانے والی آوازوں کو سُننا ہے۔,Munsif Daily (Urdu) - منصف ڈیلی، حیدرآباد,https://munsifdaily.com/telangana-governor-crossing-limits-says-cpis-narayana/,,شواہد گورنر کے 'مہیلا دربار' منعقد کرنے کے اعلان کی تصدیق کرتے ہیں، جو دعوے کے مطابق ہے۔,Urdu,,,,,,,,,Supported,,,,,,,,
नेपाली कांग्रेसले आफ्नो महाधिवेशनमा नेपालको पुरानो नक्सा प्रयोग गर्‍यो।,"के कांग्रेसले आफ्नो महाधिवेशनमा 'चुच्चे हैन बुच्चे नक्सा' प्रयोग गरेको हो? - Nepal Factcheck ☰ होम हाम्रो बारे मिथ्या सूचना के हो? हाम्रो वर्गीकरणको अर्थ मिथ्या सूचना: के गर्ने? FAQs तथ्यजाँच अनुरोध × होम हाम्रो बारे मिथ्या सूचना के हो? हाम्रो वर्गीकरणको अर्थ मिथ्या सूचना: के गर्ने? FAQs तथ्यजाँच अनुरोध तथ्यजाँच मिथ्या सूचना वागमती के कांग्रेसले आफ्नो महाधिवेशनमा ‘चुच्चे हैन बुच्चे नक्सा’ प्रयोग गरेको हो? Home तथ्यजाँच मिथ्या सूचना उमेश श्रेष्ठ पुस २६, २०७८ के कांग्रेसले आफ्नो महाधिवेशनमा ‘चुच्चे हैन बुच्चे नक्सा’ प्रयोग गरेको हो? पूर्व प्रधानमन्त्री केपी शर्मा ओलीले नेपाली कांग्रेसले भर्खरै सम्पन्न आफ्नो १४ औँ महाधिवेशनमा नेपालको पुरानो नक्सा प्रयोग गरेको दावी गरेका छन्। पुस २३ गते मूलपानीमा भएको काठमाडौँ जिल्ला अधिवेशनमा सम्बोधन गर्दै उनले कांग्रेसले महाधिवेशनमा चुच्चे हैन बुच्चे नक्सा प्रयोग गरेको भाषण गरेका थिए। के साँच्चै कांग्रेसले महाधिवेशनमा कालापानी, लिपुलेक र लिम्पियाधुरा समेटिएको नयाँ नक्सा प्रयोग नगरी पुरानै नक्सा प्रयोग गरेको हो त? हामीले तथ्य जाँच गरेका छौँ। के भनेका थिए ओलीले ? २०७८ पुस २३ गते शुक्रबार मूलपानीमा भएको काठमाडौँ जिल्ला अधिवेशनका क्रममा ओलीको सम्बोधनको भिडियो नेपालप्रेसले आफ्नो फेसबुकमा राखेको छ। भिडियोको ८ औँ मिनेटमा ओलीले भनेका छन्, ‘हामीले नेपालको भूभाग सामेल गरेर नेपालको नक्सा छाप्यौँ। संसदबाट पारित गर्‍यौँ। नेपाली कांग्रेस पनि हात उठाउनेमा त थियो पास गर्ने कुरामा संविधान। नेपालको नक्सा अहिले चुच्चे नक्सा भनिन्छ। चुच्चे नक्सा पास गर्ने ठाउँमा त नेपाली कांग्रेस पनि थियो संसदमा। तर आफ्नो महाधिवेशनमा चुच्चे हैन बुच्चे नक्सा फेरि कांग्रेसले बुच्ने नक्सा राख्यो। कसका लागि, कसको इशारामा नेपाली कांग्रेसले फेरि किन बुच्चे नक्सा पुरानै नक्सा किन राख्यो ? हाम्रो संसदले दुई तिहाईबाट मात्र हैन सर्वसम्मतिले पास गरेको, संविधान संशोधनसमेत गरेर पास गरेको लिम्पियाधुरा, लिपुलेक र कालापानी सामेल भएको नक्सा ..संविधानको उल्लङ्घन नेपाली कांग्रेसले किन गर्‍यो आफ्नो महाधिवेशनमा?’ कस्तो नक्सा प्रयोग भएको थियो? हामीले काठमाडौँको भृकुटी मण्डपमा भएको कांग्रेस महाधिवेशनको फोटो खिचेका दुई फोटो पत्रकारहरुसित यसबारे सोध्यौँ। कान्तिपुर राष्ट्रिय दैनिकका फोटो पत्रकार ",NepalFactCheck.org,https://nepalfactcheck.org/2022/01/nepali-congress/,,"मिथ्या सूचना। महाधिवेशनको आधिकारिक पोस्टर र भृकुटीमण्डपमा आयोजित उद्घाटन समारोहका फोटोहरु गहिरिएर हेर्दा नेपालको पुरानो बुच्चे नक्सा होइन, नयाँ चुच्चे नक्सा नै प्रयोग भएको देखिन्छ।",Nepali,,,,,,,,,REFUTES,,,,politics_elections,,,,
ہیمنت سورین کی اسمبلی میں اعتماد کا ووٹ حاصل کرنے کی کوشش ناکام ہو گئی ہے۔,خبر کے مطابق، ہیمنت سورین نے اسمبلی کے خصوصی سیشن میں اعتماد کا ووٹ حاصل کرنے کی تجویز رکھی ہے، جس سے یہ ظاہر ہوتا ہے کہ وہ اس وقت اسمبلی میں اپنی حمایت کو ثابت کرنے کی کوشش کر رہے ہیں۔,The Siasat Daily (Urdu) - سیاست ڈیلی، حیدرآباد,https://urdu.siasat.com/news/%db%81%db%8c%d9%85%d9%86%d8%aa-%d8%b3%d9%88%d8%b1%db%8c%d9%86-%d8%a7%d9%93%d8%ac-%d8%a7%d8%b9%d8%aa%d9%85%d8%a7%d8%af-%da%a9%d8%a7-%d9%88%d9%88%d9%b9-%d8%ad%d8%a7%d8%b5%d9%84-%da%a9%d8%b1%db%8c%da%ba-1406040/,,یہ وضاحت کرتی ہے کہ ہیمنت سورین اعتماد کا ووٹ حاصل کرنے میں سرگرم ہیں، جو دعوے کی تردید کرتی ہے کہ ان کی کوشش ناکام ہو گئی ہے۔,Urdu,,,,,,,,,Not Supported,,,,,,,,
"NCRB 2024 — ഇന്ത്യയിൽ സ്വത്ത്-കുറ്റകൃത്യ (Property Crime/IPC) കേസ് 12.6 ലക്ഷം (12,60,000+) ആയി; ഇതിൽ മോഷണം (Theft) 49 ശതമാനം; ബർഗ്ലറി (Burglary) 11 ശതമാനം; ഉത്തർ-പ്രദേശ് ഏറ്റവും കൂടുതൽ Property Crime കേസ് ഉള്ള സംസ്ഥാനം.","NCRB ക്രൈം ഇൻ ഇന്ത്യ 2024 — സ്വത്ത് കുറ്റകൃത്യങ്ങൾ: 12,60,000+ കേസുകൾ. മോഷണം 49%, കുത്തിത്തുറന്നു കയറൽ 11%, കവർച്ച 4%. ഉത്തർപ്രദേശ് എണ്ണത്തിൽ മുന്നിൽ. ദേശീയ സ്വത്ത് കുറ്റകൃത്യ നിരക്ക്: ഒരു ലക്ഷത്തിന് 89.3 (2023-ലെ 85.1-ൽ നിന്ന് ഉയർന്നു).",NCRB Crime in India 2024 (Vajiramandravi / BuddingForensicExpert),https://vajiramandravi.com/current-affairs/crime-in-india-2024/,,,Malayalam,,,,,,,Supported,,,,"NCRB Crime in India 2024 സ്ഥിരീകരിക്കുന്നു: സ്വത്ത്-കുറ്റകൃത്യ കേസുകൾ 12.6 ലക്ഷത്തിലധികം, മോഷണം 49%, ബർഗ്ലറി 11%, ഉത്തർപ്രദേശ് മുന്നിൽ — ക്ലെയിം കൃത്യമാണ്.",,,,,,
നടി സമന്ത റൂത്ത് പ്രഭു സംവിധായകൻ രാജ് നിഡിമോരുവിനെ 2025-ൽ വിവാഹം കഴിച്ചു.,2021 നാഗ ചൈതന്യയുമായുള്ള വിവാഹമോചനത്തിന് ശേഷമുള്ള സമന്തയുടെ രണ്ടാം വിവാഹമായിരുന്നു ഇത്.,Glamsham,,,"സമന്ത റൂത്ത് പ്രഭു 'ദി ഫാമിലി മാൻ' സംവിധായകൻ രാജ് നിഡിമോരുവിനെ 2025 ഡിസംബർ 1-ന് കോയമ്പത്തൂരിലെ ഇഷ യോഗ കേന്ദ്രത്തിൽ വിവാഹം കഴിച്ചെന്ന് Gulf News, Netflix Tudum സ്ഥിരീകരിക്കുന്നു; നാഗ ചൈതന്യയുമായുള്ള വിവാഹമോചനത്തിന് ശേഷമുള്ള രണ്ടാം വിവാഹമാണിത്.",Malayalam,,,,,,,,,Supported,,,https://glamsham.com/bollywood/feature/weddings-separations-bollywood-relationship-timeline-2025/,,,,,
इटालीका राजकुमार कोसिमो दे मेडिसी र नेदरल्यान्डसकी राजकुमारी एलिसा क्याटरिना इगर नेपालको सगरमाथा क्षेत्रमा आयोजित फेसन सोमा सहभागी भइन्।,"के इटालीका राजकुमार फेसन सोका लागि नेपाल आएका हुन्? - Nepal Factcheck ☰ होम हाम्रो बारे मिथ्या सूचना के हो? हाम्रो वर्गीकरणको अर्थ मिथ्या सूचना: के गर्ने? FAQs तथ्यजाँच अनुरोध × होम हाम्रो बारे मिथ्या सूचना के हो? हाम्रो वर्गीकरणको अर्थ मिथ्या सूचना: के गर्ने? FAQs तथ्यजाँच अनुरोध तथ्यजाँच कोशी भ्रामक सूचना वागमती सम्बन्धित प्रदेश के इटालीका राजकुमार फेसन सोका लागि नेपाल आएका हुन्? Home तथ्यजाँच भ्रामक सूचना उमेश श्रेष्ठ अशोज १३, २०७८ के इटालीका राजकुमार फेसन सोका लागि नेपाल आएका हुन्? केही नेपाली अनलाइन मिडियाहरुले माउन्ट एभरेस्ट फेसन रनवेको समाचार राखेका छन्। गएको हप्ता भएको यो फेसन सो सगरमाथा आधार शिविरमा आयोजना गरिएको दावी ती समाचारहरुमा गरिएको छ। धेरै समाचारहरुमा यो फेसन सोमा इटालीका राजकुमार पनि सहभागी भएको उल्लेख छ। त्यसैगरी कुनै समाचारमा नेदरल्यान्डसकी राजकुमारी पनि सहभागी भएको दावी गरिएको छ। के यी दावी सही हुन्? हामीले यसबारे तथ्य जाँच गरेका छौँ। कहाँ कस्तो समाचार? रातोपाटीले ‘ माउन्ट एभरेस्ट फेसन सोले तोड्यो आफ्नै कीर्तिमान’ शीर्षकको समाचार राखेको छ। समाचारमा लेखिएको छ- ‘ यो प्रतियोगितामा सहभागिता जनाउन विभिन्न १० देशका मोडल नेपाल उपस्थित भएका थिए । जसमा इटालीका राजकुमार कोसिमो दे मेडिसी समेत उपस्थित थिए । उनले प्रतियोगितामा नेपाली कपडा शो गरे।’ त्यसैगरी नेपालप्रेसले ‘संसारकै अग्लो ठाउँमा फेसन सो : सुपरमोडलदेखि इटालीका राजकुमारसम्म हिँडे हिउँले ढाकिएको र्‍याम्पमा (तस्बिरहरु)’ शीर्षकमा समाचार राखेको छ। समाचारमा लेखिएको छ- ‘ विभिन्न १० मुलुकबाट आएका सुपरमोडलसहित इटालीका राजकुमार कोसिमो दे मेडिसीले नेपाली डिजाइन लगाएरै र्‍याम्प नापे । कासा डिजाइन र बुद्धिस्ट लाइनका डिजाइन लगाएर इटालेली प्रिन्सले नेपाली डिजाइनलाई प्रवर्द्धन गर्ने प्रयास गरे।’ त्यस्तै शिलापत्रले राखेको ‘विश्वकै अग्लो स्थानमा दोस्रोपटक फेसन शो, र्‍याम्पमा हिँडे चर्चित अनुहार’ शीर्षकको समाचारमा ‘विभिन्न १० मुलुकबाट आएका मोडलसहित इटालीका राजकुमार कोसिमो दे मेडिसीले नेपाली डिजाइन लगाएरै र्‍याम्पमा हिँडेका छन्’ लेखिएको छ। ‘माउन्ट एभरेष्ट फेशन–शो’ले तोड्यो आफ्नै रेकर्ड शीर्षकको समाचारमा देशसञ्चार अनलाइनले पनि ‘उक्त प्रतियोगितामा सहभागी हुन विभिन्न १० देशका मोडल नेपाल आएका थिए। जसमा इटालीका राजकुमार क",NepalFactCheck.org,https://nepalfactcheck.org/2021/09/italy-prince/,,"भ्रामक सूचना। इटाली गणतन्त्रात्मक देश भएकोले त्यहाँ कुनै राजकुमार छैनन्। पूर्व राजपरिवारको सदस्य भएको पुष्टि हुने पनि आधिकारिक जानकारी कतै छैन। त्यसैगरी एलिसा नेदरल्यान्डसकी राजकुमारी नभएको त्यहाँको राजपरिवारको आधिकारिक वेबसाइटले देखाउँछ। सेन्टर फर मिडिया रिसर्च र माइसंसार को संयुक्त प्रयासमा सोसल मिडियामा भाइरल भएका र मिडियामा आएका समाचारहरुको तथ्य जाँच हामी गरिरहेका छौँ। तपाईँलाई शंका लागेका लिङ्क, फोटो वा भिडियो हामीलाई निम्न बमोजिम पठाउन सक्नुहुन्छ- भाइबर वा ह्वाटस एपमा ( भाइबरमा पठाउन क्युआर कोड , ह्वाटसएपमा पठाउन क्युआर कोड ) इमेल [email protected] वा [email protected] फेसबुक पेज : माइसंसारको फेसबुक पेज वेबसाइटबाट सीधै : नेपालफ्याक्टचेकको वेबसाइट भाइबर ग्रुप : भाइबर ग्रुपमा जोडिन यहाँ क्लिक गर्नुस्।",Nepali,,,,,,,,,REFUTES,,,,finance_investment,,,,
2023-ൽ ലോകത്ത് ഏറ്റവും കൂടുതൽ ഭീകരാക്രമണ സംഭവങ്ങൾ (incidents) നടന്ന രാജ്യം ബുർകിന ഫാസോ ആണ്.,യഥാർത്ഥത്തിൽ 490 ആക്രമണങ്ങളുമായി പാകിസ്ഥാനാണ് ഏറ്റവും കൂടുതൽ സംഭവങ്ങൾ രേഖപ്പെടുത്തിയത്; ബുർകിന ഫാസോ മൊത്തത്തിലുള്ള ആഘാത സൂചികയിൽ മാത്രമാണ് ഒന്നാമതെത്തിയത്.,Global Terrorism Index 2024 (via Association for Defending Victims of Terrorism),http://en.advtngo.org/8840/global-terrorism-index-2024/,,,Malayalam,,,,,,,Not Supported,,,,GTI 2024 (Vision of Humanity) സ്ഥിരീകരിക്കുന്നു: പാകിസ്ഥാൻ 490 ആക്രമണങ്ങളുമായി 2023-ൽ ഏറ്റവും കൂടുതൽ ഭീകരാക്രമണ സംഭവങ്ങൾ രേഖപ്പെടുത്തി; ബുർകിന ഫാസോ മൊത്തത്തിലുള്ള ആഘാത സൂചികയിൽ (deaths ഉൾപ്പെടെ) ഒന്നാമതെത്തി — Not Supported ലേബൽ കൃത്യമാണ്.,,,,,,
रतन टाटा के नाम पर एक डीपफेक वीडियो वायरल हुआ है जिसमें 100 फीसदी रिस्क-फ्री रिटर्न मिलने का झूठा दावा करके आम निवेशकों को ठगने की कोशिश की गई है।,"रतन टाटा का एक डीपफेक वीडियो सोशल मीडिया पर वायरल हो रहा है, जिसपर उद्योगपति ने खुद चेतावनी जारी की है. इस वीडियो में रिस्‍क फ्री 100 फीसदी रकम मिलने का दावा किया जा रहा है.",Aaj Tak,https://www.aajtak.in/business/news/story/ratan-tata-fake-video-deepfake-interview-investment-advice-instagram-post-viral-fact-check-tutk-1875150-2024-02-08,,दावा पूरी तरह से समर्थित है। सबूत पुष्टि करता है कि 100% रिस्क-फ्री रिटर्न का दावा करने वाला वीडियो फर्जी और एक डीपफेक निवेश घोटाला है।,Hindi,,,,,,,,,Supported,,,,,,,,
കൊല്ലം ജില്ലയിൽ നിന്ന് ആറ് വയസ്സുകാരിയായ പെൺകുട്ടിയെ മോചനദ്രവ്യത്തിനായി തട്ടിക്കൊണ്ടുപോയി.,10 ലക്ഷം രൂപ മോചനദ്രവ്യം ആവശ്യപ്പെട്ട സംഘം കുട്ടിയെ പിന്നീട് കൊല്ലത്തെ ആശ്രാമം മൈതാനത്ത് ഉപേക്ഷിച്ച നിലയിൽ കണ്ടെത്തി; മൂന്ന് പേരെ പോലീസ് കസ്റ്റഡിയിലെടുത്തു.,Deccan Herald,https://www.deccanherald.com/india/kerala/kerala-child-abduction-three-of-a-family-in-police-custody-2793404,,,Malayalam,,,,,,,Supported,,,,"Deccan Herald-ന്‍റെ നിർദ്ദിഷ്ട ലേഖനം കൊല്ലം ജില്ലയിലെ 6 വയസ്സുകാരിയെ മോചനദ്രവ്യത്തിനായി തട്ടിക്കൊണ്ടുപോയ സംഭവം, 10 ലക്ഷം രൂപ ആവശ്യപ്പെട്ടത്, ആശ്രാമം മൈതാനത്ത് കുട്ടിയെ ഉപേക്ഷിച്ച നിലയിൽ കണ്ടെത്തിയത്, മൂന്ന് പേരെ കസ്റ്റഡിയിലെടുത്തത് എന്നിവ സ്ഥിരീകരിക്കുന്നു. ക്ലെയിമും എവിഡൻസും വസ്തുതകളുമായി പൊരുത്തപ്പെടുന്നു.",,,,,,
नवंबर 2009 में भारतीय रिजर्व बैंक ने अंतरराष्ट्रीय मुद्रा कोष (IMF) से 200 टन सोना खरीदा।,RBI ने विदेशी मुद्रा भंडार में विविधता लाने के लिए IMF से 6.7 अरब डॉलर में 200 मीट्रिक टन सोना खरीदा था।,RBI / IMF Press Release,https://www.rbi.org.in/scripts/BS_PressReleaseDisplay.aspx?prid=21450,,,Hindi,,,,,,,Supported,,,,,,,,,,
కాకతీయుల కాలంలో పాలకులు మొదట జైన మతాన్ని అవలంబించారు.,క్రీ.శ. 12వ శతాబ్దం వరకు తొలి కాకతీయుల కాలం దాకా పాలకులు జైన మతాన్ని అవలంబించారు.,Eenadu,https://pratibha.eenadu.net/tspsc/lesson/horticulture-officer/paper-1/telugu-medium/education/2-1016-335-737-1208-1493-9761-15338-,,,Telugu,,,,,,,,,Supported,,,,,,,,
తమిళనాడులో ముస్లిం వ్యక్తి ఆలయానికి స్థలం దానం చేశాడు.,"కారైక్కాల్‌లో అబ్దుల్ ఖాదర్ 1,200 చదరపు అడుగుల స్థలం దానం చేశాడు.",Andhra Jyothi,https://www.andhrajyothy.com/2020/national/a-muslim-who-donated-land-for-a-temple-121133.html,,,Telugu,,,,,,,,,Supported,,,,,,,,
AI സാങ്കേതികവിദ്യ 10 വർഷത്തിനകം ലോകത്ത് 70 ശതമാനം കുറ്റകൃത്യം (Crime) ഇല്ലാതാക്കും — ഇത്തരം ക്ലൈം-ന് പര്യാപ്ത തെളിവില്ല.,"പ്രെഡിക്റ്റീവ് പോലീസിംഗ്, ഫേസ്യൽ റെക്കഗ്നിഷൻ, വഞ്ചന കണ്ടെത്തൽ എന്നിവയിൽ AI കൂടുതലായി ഉപയോഗിക്കുന്നുണ്ടെങ്കിലും, 10 വർഷത്തിനുള്ളിൽ 70% കുറ്റകൃത്യ കുറവ് പ്രവചിച്ച വിശ്വസനീയമായ ഒരു അക്കാദമിക് പഠനമോ നിയമപാലന സ്ഥാപനവുമില്ല. AI ക്രൈം ടൂളുകൾക്ക് പക്ഷപാതം, സ്വകാര്യത, തെറ്റായ പോസിറ്റീവ് വെല്ലുവിളികളും ഉണ്ട്. ക്ലെയിമിന് വേണ്ടത്ര തെളിവില്ല.",UNODC / Europol IOCTA 2025 / AI in criminal justice research,https://www.europol.europa.eu/publication-events/main-reports/steal-deal-and-repeat-how-cybercriminals-trade-and-exploit-your-data,,,Malayalam,,,,,,,not enough information (NEI),,,,"AI സാങ്കേതികവിദ്യ 10 വർഷത്തിനകം 70% കുറ്റകൃത്യം കുറയ്ക്കുമെന്ന നിർദ്ദിഷ്ട അവകാശവാദത്തെ പിന്തുണക്കുന്ന ഒരു വിശ്വസനീയ അക്കാദമിക് പഠനമോ ഔദ്യോഗിക റിപ്പോർട്ടോ കണ്ടെത്താനായില്ല. AI ക്രൈം ടൂളുകളുടെ ഉപയോഗം വർധിക്കുന്നുണ്ടെങ്കിലും (പ്രെഡിക്റ്റീവ് പോലീസിംഗ്, ഫേസ്യൽ റെക്കഗ്നിഷൻ), ഇവയ്ക്ക് പക്ഷപാതം, തെറ്റായ പോസിറ്റീവ് എന്നീ അറിയപ്പെടുന്ന പരിമിതികളുമുണ്ട്. നൽകിയ Europol ലിങ്ക് പൊതുവായ സൈബർ ക്രൈം റിപ്പോർട്ടാണ്, നിർദ്ദിഷ്ട '70% 10 വർഷം' കണക്കിനെ നേരിട്ട് പിന്തുണക്കുന്നില്ല. അതിനാൽ NEI ലേബൽ ഉചിതമാണ്.",,,,,,
حیدرآباد میں ہونے والی پروفیشنل سمٹ 2025 نے مقامی حکومت کی پالیسیوں پر کوئی بحث نہیں کی۔,مضمون میں پروفیشنل سمٹ 2025 کے دوران حکومت کی موجودہ ترجیحات اور قیادت کی اہمیت پر بات کی گئی ہے، خاص طور پر ڈاکٹر ریاض کی تقریر میں۔ اس کے علاوہ، سمٹ میں مختلف پیشہ ورانہ موضوعات پر تبادلہ خیال کیا گیا۔,Munsif Daily (Urdu) - منصف ڈیلی، حیدرآباد,https://munsifdaily.com/professionals-summit-2025-concludes-in-hyderabad/,,مضمون میں سرکاری پالیسیوں پر کوئی خاص بحث یا تنقید کی گئی ہے یا نہیں، اس بارے میں کوئی واضح معلومات نہیں دی گئی۔,Urdu,,,,,,,,,Not Enough Information (NEI),,,,,,,,
[2005] (बीमा व वित्तीय सेवा नियमन) केंद्र सरकार ने 'राष्ट्रीय ग्रामीण स्वास्थ्य मिशन' (NRHM) के तहत स्वास्थ्य अवसंरचना आवंटन में वृद्धि की। (संदर्भ संख्या: 2005-1007),12 अप्रैल 2005 को शुरू किए गए NRHM के अंतर्गत ग्रामीण क्षेत्रों में प्राथमिक स्वास्थ्य ढांचा मजबूत करने हेतु बजट बढ़ाया गया। [वर्ष 2005 के वित्तीय/आर्थिक अभिलेखीय आंकड़ों के अनुसार - श्रेणी: बीमा व वित्तीय सेवा नियमन],Ministry of Health / PIB / IRDAI / RBI Archives,https://pib.gov.in/newsite/PrintRelease.aspx?relid=8700,,,Hindi,,,,,,,Supported,,,,,,,,,,
नेपाली सेनाले यौन प्रकरणमा मुछिएको प्रमाणित भएपछि एक जना बहालवाला सहायक रथी (जर्नेल) तथा महिला सैनिक अधिकृतहित तीन जनालाई बर्खास्त गरेको छ।,"के मिडियामा आए जस्तै नेपाली सेनाले 'यौन प्रकरण'मा मुछिएका तीन जनालाई बर्खास्त गरेको हो? - Nepal Factcheck ☰ होम हाम्रो बारे मिथ्या सूचना के हो? हाम्रो वर्गीकरणको अर्थ मिथ्या सूचना: के गर्ने? FAQs तथ्यजाँच अनुरोध × होम हाम्रो बारे मिथ्या सूचना के हो? हाम्रो वर्गीकरणको अर्थ मिथ्या सूचना: के गर्ने? FAQs तथ्यजाँच अनुरोध तथ्यजाँच भ्रामक सूचना वागमती सम्बन्धित प्रदेश के मिडियामा आए जस्तै नेपाली सेनाले ‘यौन प्रकरण’मा मुछिएका तीन जनालाई बर्खास्त गरेको हो? Home तथ्यजाँच भ्रामक सूचना उमेश श्रेष्ठ फाल्गुन २८, २०७७ के मिडियामा आए जस्तै नेपाली सेनाले ‘यौन प्रकरण’मा मुछिएका तीन जनालाई बर्खास्त गरेको हो? २०७७ फागुन २८ गते शुक्रबार देशका प्रमुख मिडियाहरुमा नेपाली सेनाले एक सहायक रथी (जर्नेल) र दुई महिला अधिकृतहरुलाई बर्खास्त गरेको समाचार प्रकाशन भएको छ। ती मिडियाहरुका अनुसार ‘यौन प्रकरणमा मुछिएका’ ती तीन जनालाई कारबाही गरिएको हो। हामीले यो समाचारको तथ्य जाँच (फ्याक्ट चेक) गरेका छौँ। कुन मिडियामा कस्ता समाचार? राजधानी राष्ट्रिय दैनिकले ‘यौन प्रकरणमा मुछिएका जर्नेलसहित तीन जना बर्खास्त’ शीर्षकको समाचार लेखेको छ। समाचारको लिडलाइनमा ‘नेपाली सेनाले यौन प्रकरणमा मुछिएको प्रमाणित भएपछि एक जना बहालवाला सहायक रथी (जर्नेल) तथा महिला सैनिक अधिकृतहित तीन जनालाई बर्खास्त गरेको छ’ लेखिएको छ। समाचारको तेस्रो अनुच्छेदमा ‘अनुसन्धानका क्रममा जर्नेल कार्कीमाथि गत वर्ष संयुक्त राष्ट्रसंघअन्तर्गत शान्ति स्थापनार्थ सुडानमा खटिँदा एक जना महिला सैनिक अधिकृत र त्यसपछि नेपाल आएर २८ नम्बर बाहिनीपतिमा रहँदा अर्की महिला सैनिकलाई यौन दुर्व्यवहार गरेको तथ्य फेला परेको’ भन्दै ‘सैनिक स्रोत’ लाई आधार बनाइएको छ। त्यसैगरी नयाँ पत्रिका राष्ट्रिय दैनिकले पनि तेस्रो पेजमा ‘यौन प्रकरणमा मुछिए सेनाका जर्नेल, सहायक रथी कार्की र दुई महिला अधिकृत बर्खास्त’ शीर्षकको समाचार राखेको छ। समाचारमा लेखिएको छ, ‘सैनिक अदालतले सहायकरथी पंकज कार्कीलाई यौन प्रकरणको मुद्दामा दोषी ठहर गर्दै सेवाबाट बर्खास्त गरेको छ । उनी तत्कालीन २७ नम्बर बाहिनीपति थिए । कार्कीसँग यौन प्रकरणमा जोडिएका दुईजना महिला सैनिक अधिकृत पनि बर्खास्त भएका छन्।’ समाचारमा ‘जागिर गुमाएकी एकजना महिला अधिकृत सेनानी (मेजर) तहकी हुन् । अर्की महिलाबारे सेनाले केही बोलेको छैन",NepalFactCheck.org,https://nepalfactcheck.org/2021/03/nepali-army/,,"भ्रामक समाचार । नेपाली सेनाले यो प्रकरणको छानबिन गर्न गठित सैनिक अदालतले बर्खास्त त गरेको हो तर मिडियामा आए जस्तो तीन जनालाई नभई एक जना सहायक रथी र एक जना महिला सैनिक अधिकृत गरी दुई जनालाई मात्रै गरेको नेपाली सेनाका प्रवक्ता सन्तोष बल्लभ पौडेलले बताए। संवेदनशील प्रकरण भएकोले नाम गोप्य राखिएको छ। तर तीन जनालाई कारबाही गरिएको हो भने सेनाले एक जनालाई गरिएको कारबाही मात्र लुकाउनु पर्ने र बाँकी दुई जनाको मात्र सार्वजनिक गर्नुपर्ने कारण देखिन्न। सैनिक अदालतले गरेको फैसला सार्वजनिक रुपमा उपलब्ध नभएकोले यो यौन प्रकरण हो कि होइन भन्ने बारे हामी यकिन बताउन सक्दैनौँ। तर ‘पदीय मर्यादा पालना नगरेको र सैनिक अनुशासन र आचरण तथा आचार संहितासमेत विपरीतको कार्य गरेको’ भनिएकोले संकेत त्यसतर्फ नै छ। यो प्रकरणमा सैनिक अदालतको फैसला आउनुअघि नै मिडियामा आएका समाचार ले पनि यौन प्रकरणतर्फ नै संकेत गर्छ। तसर्थ मिडियामा आएका समाचारका केही तथ्य (कारबाही गरिएको) सही हो भने केही तथ्य गलत (तीन जना होइन, दुई जनाको मात्रै पुष्टि भएको छ) भएकोले यसलाई हामीले भ्रामक समाचारको रुपमा वर्गीकरण गरेका छौँ। हाम्रो वर्गीकरणका अर्थबारे बुझ्न यहाँ क्लिक गर्नुस् । (सेन्टर फर मिडिया रिसर्च र माइसंसारको संयुक्त प्रयासमा सोसल मिडियामा भाइरल भएका र मिडियामा आएका समाचारहरुको तथ्य जाँच हामी गरिरहेका छौँ। तपाईँलाई शंका लागेका लिङ्क, फोटो वा भिडियो [email protected] वा [email protected] अथवा माइसंसारको फेसबुक पेज अथवा नेपालफ्याक्टचेकको वेबसाइट मार्फत् पठाउन सक्नुहुन्छ। हामीलाई भाइबर वा ह्वाटसएपबाट पनि फ्याक्ट चेक अनुरोध पठाउन सक्नुहुन्छ। भाइबरका लागि यहाँ र ह्वाट्सएपका लागि यहाँ क्लिक गर्नुस्।)",Nepali,,,,,,,,,REFUTES,,,,finance_investment,,,,
ਨਿਮਰਤ ਖਹਿਰਾ ਨੇ ਅਮਰੀਕਾ ਵਿੱਚ ਆਪਣੇ ਨਵੇਂ ਸੰਗੀਤਕ ਟੂਰ ਦਾ ਐਲਾਨ ਕੀਤਾ ਹੈ।,"ਅਧਿਕਾਰਤ ਸੋਸ਼ਲ ਮੀਡੀਆ ਹੈਂਡਲ ਮੁਤਾਬਕ, ਨਿਮਰਤ ਖਹਿਰਾ ਨੇ ਅਮਰੀਕਾ ਟੂਰ ਦੀ ਪੁਸ਼ਟੀ ਕੀਤੀ ਹੈ।",Zee News Punjab,https://zeenews.india.com/punjabi?id=10454,,,Punjab,,,,,,,,,,,,,,Supported,,,
वर्तमान प्रम वालेन्द्र शाह (बालेन)ले दुई वर्षअघि पेट्रोलियम मूल्य वृद्धिबारे सरकारको आलोचना गर्दै फेसबुक स्टाटस लेखेका थिए।,"पेट्रोलियम पदार्थको मूल्यवृद्धि बारे बालेनको नाममा 'नक्कली स्टाटस' को स्क्रिनसट भाइरल - Nepal Factcheck ☰ होम हाम्रो बारे मिथ्या सूचना के हो? हाम्रो वर्गीकरणको अर्थ मिथ्या सूचना: के गर्ने? FAQs तथ्यजाँच अनुरोध × होम हाम्रो बारे मिथ्या सूचना के हो? हाम्रो वर्गीकरणको अर्थ मिथ्या सूचना: के गर्ने? FAQs तथ्यजाँच अनुरोध तथ्यजाँच मिथ्या सूचना वागमती पेट्रोलियम पदार्थको मूल्यवृद्धि बारे बालेनको नाममा ‘नक्कली स्टाटस’ को स्क्रिनसट भाइरल Home तथ्यजाँच मिथ्या सूचना टेकमान शाक्य चैत्र २०, २०८२ पेट्रोलियम पदार्थको मूल्यवृद्धि बारे बालेनको नाममा ‘नक्कली स्टाटस’ को स्क्रिनसट भाइरल सामाजिक सञ्जालमा प्रधानमन्त्री बालेन्द्र शाह (बालेन)ले दुई वर्षअघि पेट्रोलियम पदार्थको मूल्य वृद्धिबारे सरकारको आलोचना गरेको भन्दै एउटा फेसबुक स्टाटसको स्क्रिनसट भाइरल भइरहेको छ। उक्त स्क्रिनसटलाई आधार बनाएर केही अनलाइन मिडियाले समाचारसमेत प्रकाशित गरेका छन्। तर नेपालफ्याक्टचेकले गरेको तथ्यजाँचमा उक्त स्क्रिनसट सम्पादन गरिएको मिथ्या रहेको पुष्टि भएको छ। के हो दावी ? अनलाइन न्युजपोर्टल उकेराले अप्रिल ३, २०२६ मा ‘बालेनलाई आफ्नै स्टाटस भारी’ शीर्षकमा समाचार प्रकाशित गर्दै बालेनले अघिल्लो समयमा पेट्रोलियम मूल्य वृद्धिबारे सरकारको आलोचना गरेको र अहिले आफैँ प्रधानमन्त्री बनेपछि त्यसैमा घेरिएको दावी गरेको छ। (उकेराले अहिले यो समाचार हटाएर माफी मागिसकेको छ। उकेराले समाचारमा समावेश गरेको बालेनको स्टाटसको स्क्रिनसटमा १ लाख ४२ हजार पटक रियाक्ट भएको छ भने १२ हजारभन्दा धेरै पटक कमेन्ट र २ हजार ७ सय पटक सेयर भएको देखिन्छ।) हेर्नुहोस् उकेराको स्क्रिनसट उकेराको ओरिजिनल लिंक यहाँ छ । अनलाइन न्युजपोर्टल हाम्राकुराले पनि यही दावीसहितको समाचार प्रकाशित गरेको छ। उकेराले प्रकाशित गरेकै फेसबुक स्टाटसको स्क्रिनसटलाई हाम्राकुराले पनि आधार बनाएको छ। हेर्नुहोस् हाम्राकुराको स्क्रिनसट हाम्राकुराको ओरिजिनल लिंक यहाँ छ भने अर्काइभ लिंक यहाँ छ । यो स्टाटसको स्क्रिनसट फेसबुकमा अरु प्रयोगकर्ताहरुले पनि व्यापक सेयर गरेका छन्। सबै प्रयोगकर्ताले कालो ब्याकग्राउन्डको उही स्क्रिनसट सेयर गरेको देखिन्छ। हेर्नुस् स्क्रिनरेकर्ड- https://nepalfactcheck.org/wp-content/uploads/2026/04/Screen-Recording-2026-04-03-165240.mp4 के हो तथ्य ? यसको तथ्यजाँच",NepalFactCheck.org,https://nepalfactcheck.org/2026/04/fake-status-attributed-to-balen-goes-viral-claim-proven-false/,,मिथ्या (False)। बालेन्द्र शाहले उक्त मितिमा पेट्रोलियम मूल्यबारे कुनै स्टाटस लेखेको प्रमाण भेटिएन। वास्तविक स्टाटस (फोहोर व्यवस्थापनसम्बन्धी) लाई डिजिटल रूपमा तोडमोड गरेर नयाँ दावी जोडिएको स्क्रिनसट बनाइएको प्रमाण हामीले भेट्यौँ। त्यसैले भाइरल सामग्री प्रमाणविहीन र भ्रामक हो।,Nepali,,,,,,,,,REFUTES,,,,politics_elections,,,,
ਐਮੀ ਵਿਰਕ ਦੀ ਆਉਣ ਵਾਲੀ ਫਿਲਮ 'ਤੇ ਸੈਂਸਰ ਬੋਰਡ ਨੇ ਬੈਨ ਲਗਾ ਦਿੱਤਾ ਹੈ।,ਸੈਂਸਰ ਬੋਰਡ ਵੱਲੋਂ ਅਜਿਹਾ ਕੋਈ ਫੈਸਲਾ ਨਹੀਂ ਲਿਆ ਗਿਆ ਅਤੇ ਫਿਲਮ ਨੂੰ 'U/A' ਸਰਟੀਫਿਕੇਟ ਮਿਲ ਚੁੱਕਾ ਹੈ।,Jagbani,https://punjabi.bollywoodtadka.in/?id=10316,,,Punjab,,,,,,,,,,,,,,Not Supported,,,
పిల్లలకు టీకాలు వేయించకపోయినా ప్రమాదం ఉండదు.,టీకాలు తీవ్రమైన అంటువ్యాధుల నుండి రక్షిస్తాయి.,WHO,https://www.who.int/health-topics/vaccines-and-immunization,,,Telugu,,,,,,,,,,,,,,,,Not Supported,Not Supported
ਸਤਿੰਦਰ ਸਰਤਾਜ ਨੇ ਆਸਟ੍ਰੇਲੀਆ ਵਿੱਚ ਆਪਣੇ ਨਵੇਂ ਸੰਗੀਤਕ ਟੂਰ ਦਾ ਐਲਾਨ ਕੀਤਾ ਹੈ।,"ਅਧਿਕਾਰਤ ਸੋਸ਼ਲ ਮੀਡੀਆ ਹੈਂਡਲ ਮੁਤਾਬਕ, ਸਤਿੰਦਰ ਸਰਤਾਜ ਨੇ ਆਸਟ੍ਰੇਲੀਆ ਟੂਰ ਦੀ ਪੁਸ਼ਟੀ ਕੀਤੀ ਹੈ।",Jagbani,https://punjabi.bollywoodtadka.in/?id=10346,,,Punjab,,,,,,,,,,,,,,Supported,,,
2025 ഏപ്രിൽ 22-ലെ പഹൽഗാം ആക്രമണം 100-ലധികം ഭീകരരുടേതാണ് എന്ന വൈറൽ അവകാശവാദം പ്രചരിച്ചു.,ആദ്യ അന്വേഷണ റിപ്പോർട്ടുകൾ 4-5 ഭീകരർ ആക്രമണം നടത്തിയതായി സ്ഥിരീകരിക്കുന്നു; 100-ലധികം ഭീകരരുടെ അവകാശവാദം ഖണ്ഡിക്കപ്പെട്ടു.,PIB Fact Check,https://pib.gov.in/PressReleaseIframePage.aspx?PRID=2113936,,,Malayalam,,,,,,,Not Supported,,,,"PIB ഫാക്ട് ചെക്ക് സ്ഥിരീകരിക്കുന്നു: പഹൽഗാം ആക്രമണം 4-5 ഭീകരർ നടത്തിയതാണ്, 100-ലധികം ഭീകരർ എന്ന അവകാശവാദം ഖണ്ഡിക്കപ്പെട്ടു — Not Supported ശരി.",,,,,,
లవ్ జిహాద్ ఒక సామాజిక చెడు.,"కర్ణాటక హోం మంత్రి బసవరాజ్ బొమ్మాయ్ లవ్ జిహాద్ దుష్ట శక్తి అని, చట్టం అవసరమని అన్నారు.",OneIndia Telugu,https://telugu.oneindia.com/news/bengaluru/love-jihad-is-a-social-evil-and-law-is-neccessary-karnataka-home-minister-280609.html,,,Telugu,,,,,,,,,Supported,,,,,,,,
वर्षाका कारण पोखरा-मुग्लिङ सडक अवरुद्ध भएको दाबीसहित पहिरोले बससहितका सवारीसाधनहरू पुरिएको भिडियो भाइरल ।,"पोखरा-मुग्लिङ सडक अवरुद्ध भएको भन्दै भाइरल भिडियोको वास्तविकता के हो ? - Nepal Factcheck ☰ होम हाम्रो बारे मिथ्या सूचना के हो? हाम्रो वर्गीकरणको अर्थ मिथ्या सूचना: के गर्ने? FAQs तथ्यजाँच अनुरोध × होम हाम्रो बारे मिथ्या सूचना के हो? हाम्रो वर्गीकरणको अर्थ मिथ्या सूचना: के गर्ने? FAQs तथ्यजाँच अनुरोध तथ्यजाँच जलवायु र वातावरण भ्रामक सूचना पोखरा-मुग्लिङ सडक अवरुद्ध भएको भन्दै भाइरल भिडियोको वास्तविकता के हो ? Home तथ्यजाँच भ्रामक सूचना सुरज घिमिरे असार ३०, २०८३ पोखरा-मुग्लिङ सडक अवरुद्ध भएको भन्दै भाइरल भिडियोको वास्तविकता के हो ? सोमबारदेखि सामाजिक सञ्जाल टिकटकमा अविरल वर्षाका कारण पोखरा-मुग्लिङ सडक अवरुद्ध भएको र पहिरोले बससहितका सवारीसाधनहरू पुरेको दाबी गरिएको एउटा भिडियो भाइरल बनेको छ । तर, नेपालफ्याक्टचेकको तथ्य जाँच अनुसार उक्त भिडियो हालको नभई २०८१ असोज १२ गते काठमाडौं–धादिङ सिमानामा पर्ने त्रिभुवन राजमार्गको झ्याप्ले खोलामा गएको विनाशकारी पहिरोको हो । के हो दाबी? टिकटक प्रयोगकर्ता @kushalchhetri823 ले सोमबार (१३ जुलाई, २०२६) मा एउटा भिडियो पोस्ट गरेका छन् । भिडियोको क्याप्सनमा लेखिएको छ : “आज परेको पानीले पोखरा–मुग्लिन सडक अवरुद्ध भएको छ। सबैजना सचेत रहनुहोला।” उक्त भिडियोमा केही बस तथा ट्रकहरू लेदो पहिरोमा पुरिएको दृश्य देखिन्छ । दाबीको प्रभाव यो सामग्री तयार पार्दासम्म सामाजिक सञ्जालमा यो दाबी तीव्र रूपमा फैलिएको छ। उक्त टिकटक भिडियोलाई २६ लाखभन्दा बढी पटक हेरिएको छ भने १ लाख २२ हजार ७ सय लाइक र १ हजार २ सय १३ वटा कमेन्ट आइसकेका छन् । यसले आम सर्वसाधारण र सो सडक खण्डमा यात्रा गर्ने यात्रुहरूमाझ ठूलो भ्रम र त्रास पैदा गरेको देखिन्छ। हेर्नुहोस्, उक्त टिकटक भिडियोको स्क्रिनरेकर्ड https://nepalfactcheck.org/wp-content/uploads/2026/07/Pahiro.mp4 उक्त पोस्टको लिङ्क र अर्काइभ लिङ्क के हो तथ्य ? हामीले सुरुमा गुगलमा पोखरा-मुग्लिङ सडक अवरुद्ध भएको र त्यहाँ सवारीसाधन पुरिएको समाचारहरू खोज्यौँ । अविरल वर्षाका कारण मुलुकका विभिन्न राजमार्गहरू प्रभावित भए पनि पोखरा–मुग्लिङ सडक खण्डमा सवारीसाधन नै पुरिने गरी यस्तो कुनै ठुलो दुर्घटना भएको विश्वसनीय समाचार फेला परेन । विभिन्न सञ्चारमाध्यमहरूका अनुसार सोमबार मुग्लिङ-नारायणगढ सडक खण्डको तुइन खोला, केराबारी र जलबीरेमा पहिरो गए",NepalFactCheck.org,https://nepalfactcheck.org/2026/07/fact-check-pokhara-muglin-road-landslide/,,भ्रामक (Misleading) । पोखरा-मुग्लिङ सडक खण्डमा सवारी पुरिएको भनी भाइरल बनाइएको भिडियो झन्डै दुई वर्ष पुरानो (२०८१ असोज १२ गते) झ्याप्ले खोला पहिरोको हो । पुरानो घटनाको भिडियोलाई अहिलेको ताजा घटना भन्दै सामाजिक सञ्जालमा भ्रम फैलाइएको हो।,Nepali,,,,,,,,,REFUTES,,,,finance_investment,,,,
ഇക്വഡോർ മുൻ പ്രസിഡന്‍റ് സ്ഥാനാർഥി ഫെർണാൻഡോ വില്ലവിസൻസ്യോ 2023 ഓഗസ്റ്റ് 9-ന് തിരഞ്ഞെടുപ്പ് റാലിക്ക് ശേഷം വെടിയേറ്റ് മരിച്ചു.,ഡ്രഗ് ട്രാഫിക്കിംഗ് ശൃംഖലകൾ അന്വേഷിച്ചതിനാൽ ഭീഷണി ലഭിച്ചിരുന്ന ഈ പത്രക്കാരനും ആക്ടിവിസ്റ്റും ആയ സ്ഥാനാർഥിയുടെ കൊലപാതകം രാജ്യത്തെ ഞെട്ടിച്ചു.,Reuters,https://www.reuters.com/world/americas/ecuador-presidential-candidate-fernando-villavicencio-shot-dead-2023-08-10/,,,Malayalam,,,,,,,Supported,,,,Reuters ഉൾപ്പെടെ ലോകമെമ്പാടുമുള്ള വാർത്താ ഏജൻസികൾ സ്ഥിരീകരിക്കുന്ന വ്യാപകമായി രേഖപ്പെടുത്തിയ സംഭവമാണ് — ഇക്വഡോർ മുൻ പ്രസിഡന്‍റ് സ്ഥാനാർഥി ഫെർണാൻഡോ വില്ലവിസൻസ്യോ 2023 ഓഗസ്റ്റ് 9-ന് ക്വിറ്റോയിലെ ഒരു തിരഞ്ഞെടുപ്പ് റാലിക്ക് ശേഷം വെടിയേറ്റ് മരിച്ചു — അഴിമതിക്കും മയക്കുമരുന്ന് സംഘങ്ങൾക്കുമെതിരെ ശക്തമായ നിലപാട് സ്വീകരിച്ചിരുന്ന ഇദ്ദേഹത്തിന് നിരവധി വധഭീഷണികൾ ലഭിച്ചിരുന്നു. Reuters ലിങ്ക് നേരിട്ടുള്ളതും കൃത്യവുമാണ്.,,,,,,
"2025 में सरकार ने घोषणा की कि केवल आधार कार्ड दिखाकर बैंकों से ₹50,000 का बिना ब्याज का तुरंत ऋण प्राप्त किया जा सकता है।",ऐसी किसी योजना की कोई आधिकारिक घोषणा वित्त मंत्रालय या RBI द्वारा जारी नहीं की गई है।,PIB Fact Check,https://factcheck.pib.gov.in,,PIB फैक्ट चेक ने इस दावे को फर्जी और भ्रामक करार दिया है।,Hindi,,,,,,,,,,Not Supported,,,,,,,
2 मार्च 2001 को भारत सरकार ने भारत एल्युमीनियम कंपनी लिमिटेड (BALCO) की 51% हिस्सेदारी स्टरलाइट इंडस्ट्रीज को ₹551.5 करोड़ में बेची।,यह भारत में किसी पीएसयू (PSU) के रणनीतिक निजीकरण और नियंत्रण के हस्तांतरण का पहला बड़ा ऐतिहासिक सौदा था।,DIPAM / Ministry of Disinvestment,https://pib.gov.in/archive/releases/2001/mar2001/20010302_balco.html,,,Hindi,,,,,,,Supported,,,,,,,,,,
ہندوستانی فوج نے مدھیہ پردیش میں پل کی تعمیرنو کا ریکارڈ وقت میں کام مکمل کیا ہے۔,مدھیہ پردیش کے نرمداپورم ضلع میں 145 سال پرانے پل کی تعمیرنو کا کام چھ دنوں کے ریکارڈ وقت میں مکمل کیا گیا۔ پل کا افتتاح میجر جنرل ایس آئی ڈکونا نے کیا۔ یہ پل 93 فٹ لمبا اور 10.50 چوڑا ہے، جس پر 40 ٹن وزنی گاڑیوں کی آمد و رفت ممکن ہے۔,The Siasat Daily (Urdu) - سیاست ڈیلی، حیدرآباد,https://urdu.siasat.com/news/%d9%81%d9%88%d8%ac-%d9%86%db%92-%d8%b1%db%8c%da%a9%d8%a7%da%88-%d9%88%d9%82%d8%aa-%d9%85%db%8c%da%ba-%d9%be%d9%8f%d9%84-%d8%a8%d9%86%d8%a7%d9%86%db%92-%da%a9%d8%a7-%da%a9%d8%a7%d9%85-%d9%be%d9%88-1405243/,,مضمون میں واضح طور پر یہ ذکر ہے کہ پل کی تعمیر نو چھ دن میں مکمل کی گئی، جو دعوے کی تصدیق کرتا ہے۔,Urdu,,,,,,,,,Supported,,,,,,,,
ദാരിദ്ര്യനിർമ്മാർജ്ജനം (Poverty Eradication) പൂർണ്ണ അർഥത്തിൽ കൈവരിച്ചാൽ ഒരു രാജ്യത്തെ അക്രമ-കുറ്റകൃത്യ (Violent Crime) നിരക്ക് 50 ശതമാനത്തിലേറെ കുറയും.,"ദാരിദ്ര്യം കുറ്റകൃത്യത്തിനുള്ള അംഗീകൃത അപകട ഘടകമാണെങ്കിലും, ഈ ബന്ധം നിശ്ചയമായതല്ലെന്ന് ക്രിമിനോളജിസ്റ്റുകൾ കണ്ടെത്തുന്നു. ഉയർന്ന വരുമാനമുള്ള പല രാജ്യങ്ങളിലും (ഉദാ: USA) കുറഞ്ഞ ദാരിദ്ര്യവും കാര്യമായ അക്രമ കുറ്റകൃത്യങ്ങളും ഒരുമിച്ചുണ്ട്. നിശ്ചിത 50% കണക്കിനെ പിന്തുണക്കുന്ന പിയർ-റിവ്യൂ ചെയ്ത സമവായമില്ല. ക്ലെയിമിന് വേണ്ടത്ര തെളിവില്ല.",UNODC / World Bank research on poverty-crime nexus,https://www.unodc.org/unodc/en/data-and-analysis/Research.html,,,Malayalam,,,,,,,not enough information (NEI),,,,"ഇത് ഒരു പൊതു ക്ലെയിമാണ്, നിശ്ചിത '50 ശതമാനത്തിലേറെ' എന്ന കണക്കിനെ പിന്തുണക്കുന്ന ഒരു നിർദ്ദിഷ്ട, പിയർ-റിവ്യൂഡ് പഠനമോ UNODC/World Bank റിപ്പോർട്ടോ കണ്ടെത്താനായില്ല. ദാരിദ്ര്യവും അക്രമ കുറ്റകൃത്യങ്ങളും തമ്മിലുള്ള ബന്ധം ക്രിമിനോളജിയിൽ അംഗീകൃതമെങ്കിലും സങ്കീർണ്ണവും വിവാദപരവുമാണ് (ഉദാ: ഉയർന്ന വരുമാനമുള്ള USA പോലുള്ള രാജ്യങ്ങളിലും ഉയർന്ന അക്രമ നിരക്ക്). നൽകിയ ലിങ്ക് ഒരു പൊതു ഗവേഷണ പേജ് മാത്രമാണ്, നിർദ്ദിഷ്ട അവകാശവാദത്തെ നേരിട്ട് പിന്തുണക്കുന്നില്ല. അതിനാൽ NEI ലേബൽ ഉചിതമാണ്.",,,,,,
ਨਿਮਰਤ ਖਹਿਰਾ ਦੀ ਆਉਣ ਵਾਲੀ ਫਿਲਮ 'ਤੇ ਸੈਂਸਰ ਬੋਰਡ ਨੇ ਬੈਨ ਲਗਾ ਦਿੱਤਾ ਹੈ।,ਸੈਂਸਰ ਬੋਰਡ ਵੱਲੋਂ ਅਜਿਹਾ ਕੋਈ ਫੈਸਲਾ ਨਹੀਂ ਲਿਆ ਗਿਆ ਅਤੇ ਫਿਲਮ ਨੂੰ 'U/A' ਸਰਟੀਫਿਕੇਟ ਮਿਲ ਚੁੱਕਾ ਹੈ।,Jagbani,https://punjabi.bollywoodtadka.in/?id=10196,,,Punjab,,,,,,,,,,,,,,Not Supported,,,
تلنگانہ خواتین کمیشن نے کے ٹی راما راؤ کے متنازعہ بیانات کی تحقیقات کا آغاز کیا ہے۔,تلنگانہ خواتین کمیشن نے کے ٹی راما راؤ کے متنازعہ بیانات کے خلاف از خود تحقیقات کا آغاز کیا ہے، کیونکہ یہ بیانات خواتین کے لیے توہین آمیز قرار دیے گئے ہیں۔ کمیشن کی چیئرپرسن نے کہا کہ یہ بیانات نہ صرف نامناسب ہیں بلکہ خواتین میں تشویش بھی پیدا کر رہے ہیں۔,Munsif Daily (Urdu) - منصف ڈیلی، حیدرآباد,https://munsifdaily.com/telangana-news-womens-commission-orders-probe-into-ktrs-remarks/,,ثبوت میں کمیشن کی جانب سے تحقیقات کے آغاز کی تصدیق کی گئی ہے، جو دعوے کی حمایت کرتا ہے۔,Urdu,,,,,,,,,Supported,,,,,,,,
नेपाल मजदूर किसान पार्टीले प्रदेश सभाको समानुपातिक प्रणालीतर्फको निर्वाचनमा प्रदेश १ र मधेश प्रदेशमा शून्य मत ल्याएको छ।,"के नेमकिपाले दुई प्रदेशको प्रदेश सभामा समानुपातिकमा शून्य मत पाएको हो? - Nepal Factcheck ☰ होम हाम्रो बारे मिथ्या सूचना के हो? हाम्रो वर्गीकरणको अर्थ मिथ्या सूचना: के गर्ने? FAQs तथ्यजाँच अनुरोध × होम हाम्रो बारे मिथ्या सूचना के हो? हाम्रो वर्गीकरणको अर्थ मिथ्या सूचना: के गर्ने? FAQs तथ्यजाँच अनुरोध कोशी तथ्यजाँच मधेश मिथ्या सूचना वागमती सम्बन्धित प्रदेश के नेमकिपाले दुई प्रदेशको प्रदेश सभामा समानुपातिकमा शून्य मत पाएको हो? Home तथ्यजाँच मिथ्या सूचना उमेश श्रेष्ठ मंसिर २१, २०७९ के नेमकिपाले दुई प्रदेशको प्रदेश सभामा समानुपातिकमा शून्य मत पाएको हो? नागरिक राष्ट्रिय दैनिकले २१ मंसिर २०७९ बुधबारको अङ्कमा ‘सकियो मतगणना’ शीर्षकको समाचार पहिलो पेजमा छापेको छ। समाचारको बाँकी अंश दोस्रो पेजमा पनि राखिएको छ। त्यसमा नेपाल मजदूर किसान पार्टी (नेमकिपा) ले प्रदेश १ र मधेश गरी दुई प्रदेशमा प्रदेश सभातर्फ समानुपातिकमा शून्य मत पाएको उल्लेख गरेको छ। तर हाम्रो तथ्य जाँचमा नागरिकको यो दावी गलत देखिएको छ। के छ समाचारमा ? नागरिक राष्ट्रिय दैनिकको ‘सकियो मतगणना’ शीर्षकको समाचारमा ‘प्रदेश सभामा प्रत्यक्षतर्फ चुनाव जित्ने दलहरुले प्राप्त दलगम समानुपातिक मत’ उपशीर्षकमा टेबलसहितको तथ्याङ्क राखिएको छ। उक्त टेबलमा नेमकिपाले प्रदेश १ र मधेसमा ० मत ल्याएको उल्लेख गरिएको छ। त्यसैगरी सबै प्रदेशको जोड्दा कूल ८१ हजार १८७ लेखिएको छ। नागरिक मा प्रकाशित तथ्याङ्कको स्क्रिनसट के हो तथ्य ? हामीले यसबारे थप जानकारी पाउन निर्वाचन आयोगको वेबसाइटमा राखिएको तथ्याङ्क खोज्यौँ। आयोगको वेबसाइट अनुसार प्रदेश १ मा नेपाल मजदूर किसान पार्टीले १ हजार ८ सय ८२ मत पाएको छ। हेर्नुस् वेबसाइटको स्क्रिनसट- त्यसैगरी मधेश प्रदेशको प्रदेश सभामा नेपाल मजदूर किसान पार्टीले २ हजार ७ सय ४६ मत पाएको आयोगको वेबसाइटमा उल्लेख छ। हेर्नुस् अर्काइभ लिङ्क हेर्नुस् वेबसाइटको स्क्रिनसट- अतः नागरिक दैनिकले प्रकाशित गरेको नेमकिपाको प्रदेश १ र मधेश प्रदेशमा शून्य मत रहेको तथ्याङ्क गलत देखिन्छ। सोही अनुसार दलगत जम्मा भन्दै नेमकिपाको राखिएको ८११८७ पनि गलत देखिन्छ। तथ्य जाँच",NepalFactCheck.org,https://nepalfactcheck.org/2022/12/nemakipa/,,मिथ्या सूचना। निर्वाचन आयोगको वेबसाइटमा उल्लेख भए अनुसार प्रदेश १ मा सो पार्टीले १८८२ र मधेश प्रदेशमा २७४६ मत पाएको छ।,Nepali,,,,,,,,,REFUTES,,,,politics_elections,,,,
ایران اور اسرائیل کے درمیان جاری کشیدگی کی نوعیت کے بارے میں کوئی مکمل معلومات فراہم نہیں کی گئیں۔,مضمون میں اسرائیل اور ایران کے درمیان حالیہ کشیدگی، حوثیوں کے حملوں، اور امریکی صدر کی مداخلت کے بارے میں معلومات دی گئی ہیں، مگر کشیدگی کی مخصوص وجوہات یا اس کے مکمل اثرات پر تفصیلات نہیں ملتی۔,Inquilab (Urdu) - انقلاب، ممبئی,https://www.inquilab.com/news/articles/iran-war-houthis-threaten-complete-ban-on-israeli-ships-tensions-rise-99780,,مضمون میں کشیدگی کی موجودہ صورت حال کا ذکر تو ہے، لیکن اس کی وجوہات یا طویل المدتی اثرات کے بارے میں کوئی واضح معلومات نہیں دی گئی ہیں۔,Urdu,,,,,,,,,Not Enough Information (NEI),,,,,,,,
झापामा नेकपा (एमाले)ले पैसा बाँड्ने क्रममा प्रहरीको छापा परेपछि दुई समूहबीच गोली हानाहान भएको भन्दै भाइरल भिडियो ।,"ग्रीसको भिडियो राखी झापामा गोली हानाहान भएको मिथ्या सूचना भाइरल बनाइँदै - Nepal Factcheck ☰ होम हाम्रो बारे मिथ्या सूचना के हो? हाम्रो वर्गीकरणको अर्थ मिथ्या सूचना: के गर्ने? FAQs तथ्यजाँच अनुरोध × होम हाम्रो बारे मिथ्या सूचना के हो? हाम्रो वर्गीकरणको अर्थ मिथ्या सूचना: के गर्ने? FAQs तथ्यजाँच अनुरोध कोशी तथ्यजाँच मिथ्या सूचना सम्बन्धित प्रदेश ग्रीसको भिडियो राखी झापामा गोली हानाहान भएको मिथ्या सूचना भाइरल बनाइँदै Home तथ्यजाँच मिथ्या सूचना सुरज घिमिरे माघ २९, २०८२ ग्रीसको भिडियो राखी झापामा गोली हानाहान भएको मिथ्या सूचना भाइरल बनाइँदै झापामा नेकपा (एमाले)ले पैसा बाँड्ने क्रममा प्रहरीको छापा परेपछि दुई समूहबीच गोली हानाहान भएको भन्दै एउटा भिडियो सामाजिक सञ्जालमा भाइरल बनेको छ। तर, हाम्रो तथ्य जाँचले उक्त भाइरल भिडियो नेपालको नभई ग्रीसको भएको पुष्टि गरेको छ। के हो दाबी ? ७३ हजार फलोअर भएका दीपक (Deepak) नामक फेसबुक प्रयोगकर्ताले बुधबार (फेब्रुअरी ११) बिहान ८ः१५ बजे आफ्नो फेसबुक पेजमा एउटा भिडियो राखे। ‘झापामा चल्यो गोली’ शीर्षकसहित उक्त फेसबुक पेजमा अपलोड गरिएको भिडियोमा लेखिएको छ, ‘झापामा गोली हानाहान, झापा बन्यो रणमैदान’ १८ सेकेन्डको उक्त भिडियोको ९ सेकेन्डसम्म प्रहरी र केही मानिसहरूबीच गोली हानाहान भएको दृश्य देखाइएको छ। ९ सेकेन्डपछि भने एक पुरुषले ‘झापामा एमालेले पैसा बाँड्ने क्रममा पुलिसको छापा परिसकेपछि दुई समूहबीच गोली हानाहान भएको छ साथीहरू’ भनेका छन्। हामीले तथ्य जाँच गर्दैगर्दा यो पोस्ट ३५ हजार बढी रियाक्सन, १ हजार १ सय कमेन्ट र ३ हजारभन्दा बढी पटक शेयर गरिएको छ। साथै, उक्त भिडियो १४ लाखभन्दा बढी पटक हेरिएको छ। हेर्नुस् स्क्रिनसट- भिडियोको स्क्रिन रेकर्ड हेर्न यहाँ क्लिक गर्नुस्। भिडियोको लिङ्क र अर्काइभ लिङ्क के हो तथ्य ? हामीले तथ्य जाँच गर्ने क्रममा उक्त भिडियो अपलोड गर्ने फेसबुक पेज स्पेनबाट सञ्चालन भएका पाइयो। सन् २०१९ जुलाई ३१ मा panday7101 नाम राखेर खोलिएको उक्त फेसबुक पेजको सन् २०२५ डिसेम्बर २३ मा नाम परिवर्तन गरेर दीपक (Deepak) बनाइएको पेज ट्रान्सपरेन्सीले देखाउँछ । हेर्नुहोस्, स्क्रिनसट : हामीले थप खोज्ने क्रममा झापामा एमालेले पैसा बाँडेको र प्रहरीले गोली चलाएको भन्ने समाचार कुनै पनि विश्वसनीय मिडियामा फेला पार्न सकेनौँ। त्यसपछि हामीले यो भिडियोला",NepalFactCheck.org,https://nepalfactcheck.org/2026/02/jhapa-goli-hanahan-greece-video-viral-misinformation/,,मिथ्या सूचना। झापामा नेकपा (एमाले)ले पैसा बाँड्ने क्रममा प्रहरीको छापा परेपछि दुई समूहबीच गोली हानाहान भएको छैन। यस्तो दावी गर्दै भाइरल बनाइएको भिडियो झापाको नभई ग्रीसको भएको हाम्रो तथ्य जाँचबाट पुष्टि हुन्छ।,Nepali,,,,,,,,,REFUTES,,,,finance_investment,,,,
RBI ग्राहकों को डिजिटल भुगतान करते समय प्राप्तकर्ता का विवरण जांचने की सलाह देता है।,RBI की जागरूकता सामग्री डिजिटल भुगतान में सतर्क रहने की सलाह देती है।,instagram.com,https://www.instagram.com/p/DV0fUuojJbS/,,आधिकारिक सुरक्षा सलाह।,Hindi,,,,,,,,,,Supported,,,,,,,
ਜੈਸਮੀਨ ਸੈਂਡਲਾਸ ਨੇ ਆਸਟ੍ਰੇਲੀਆ ਵਿੱਚ ਆਪਣੇ ਨਵੇਂ ਸੰਗੀਤਕ ਟੂਰ ਦਾ ਐਲਾਨ ਕੀਤਾ ਹੈ।,"ਅਧਿਕਾਰਤ ਸੋਸ਼ਲ ਮੀਡੀਆ ਹੈਂਡਲ ਮੁਤਾਬਕ, ਜੈਸਮੀਨ ਸੈਂਡਲਾਸ ਨੇ ਆਸਟ੍ਰੇਲੀਆ ਟੂਰ ਦੀ ਪੁਸ਼ਟੀ ਕੀਤੀ ਹੈ।",Jagbani,https://punjabi.bollywoodtadka.in/?id=10121,,,Punjab,,,,,,,,,,,,,,Supported,,,
मिर्गी की सर्जरी हर उस रोगी को ठीक कर देती है जिस पर दवा कम असर करती है।,"डब्ल्यूएचओ कहता है कि दवाओं पर खराब प्रतिक्रिया वाले कुछ रोगियों में सर्जरी लाभकारी हो सकती है, लेकिन हर रोगी के ठीक होने की गारंटी नहीं देता।",World Health Organization (WHO),https://www.who.int/news-room/fact-sheets/detail/epilepsy,NOT ENOUGH INFORMATION,"स्रोत संबंधित विषय की जानकारी देता है, लेकिन दावे में जोड़ा गया विशिष्ट सार्वभौमिक नियम/समय/मात्रा निर्णायक रूप से स्थापित नहीं करता; इसलिए NEI है।",Hindi,,,,,,,,,,,,,,,,,
2009 के सत्यम घोटाले के बाद टेक महिंद्रा ने सत्यम कंप्यूटर्स का अधिग्रहण कर लिया।,अप्रैल 2009 में सरकारी बोर्ड की नीलामी प्रक्रिया के तहत टेक महिंद्रा (Tech Mahindra) ने सत्यम में 31% नियंत्रण हिस्सेदारी खरीदी।,Ministry of Corporate Affairs / Business Standard Hindi,https://www.business-standard.com/article/companies/tech-mahindra-wins-satyam-bid-109041300010_1.html,,,Hindi,,,,,,,Supported,,,,,,,,,,
"सिप बिल्डिङतर्फ क्षेत्रतर्फको कोरियन भाषा परिक्षामा बाह्र हजार ९८ उत्तीर्ण दावीकर्ताः गोरखापत्र दैनिक तथ्यः मिथ्या सूचना। इपिएस कोरिया शाखा र ह्युमन रिसोर्स डेभलपमेन्ट सर्भिस अफ कोरिया (एचआरडिके) को वेबपेजमा २०८० असोज १ देखि मंसिर ७ गतेसम्म सञ्जालन भएको सिप बिल्डिङ क्षेत्रतर्फको पहिलो चरणको कोरियन भाषा परिक्षामा ४०९८ जना उत्तीर्ण भएको उल्लेख गरिएको छ। आधिकारिक निकायले प्रकाशित गरेको विवरण र गोरखापत्रमा प्रकाशित विवरणमा फरक देखिएकाले गोरखापत्रमा प्रकाशित समाचार मिथ्या रहेको निष्कर्षमा हामी पुग्यौँ। प्रतिक्रिया दिनुहोस् 631 अहिलेसम्म गरिएका तथ्यजाँच सङ्ख्या सबैभन्दा धेरै हेरिएको के लक्ष्मी बैंकको सबै बैँक खाता बन्द गर्न अदालतले आदेश दिएको हो? फाल्गुन २९, २०७९ के हो ‘एमाले महाधिवेशन अन्तर्राष्ट्रिय नजरमा’ लेखिएको भाइरल पोस्टको तथ्य? मंसिर १३, २०७८ के हो सामाजिक सञ्जालमा भाइरल भएको मन्त्री झाँक्रीको घर भनिएको फोटोको तथ्य ? जेष्ठ २३, २०७९ के हो फेसबुकमा भाइरल भएको मञ्जु भण्डारीको स्टायटसको तथ्य ? साउन १९, २०७९ यात्री मोटरसाइकलको भाइरल फोटो नयाँ हो कि पुरानो ? जेष्ठ ८, २०८० राष्ट्रिय गान शब्दबाट सुरु भएर शब्दबाटै अन्त्य हुनुपर्ने ओलीको दावी सही हो? चैत्र २५, २०७९ के स्वीडेनले सेक्सलाई खेलको मान्यता दिएको हो ? जेष्ठ २२, २०८० के राष्ट्रिय परिचय पत्र बनाउनको लागि सरकारले विश्व बैँकबाट ऋण लिएको हो ? अशोज ७, २०८१ के नागरिकता बनाउन अनलाइन रजिष्ट्रेशन गर्नुपर्ने वेबसाइट सञ्चालनमा आएको हो? अशोज १०, २०८१ के हो नेपालमा प्लास्टिकको चामल बिक्री भएको दावी गर्दै भाइरल भएको भिडियोको तथ्य? अशोज ४, २०८१ काठमाडौँको भन्दै भाइरल भिडियो वास्तवमा जापानको अशोज १६, २०८१","कोरियन भाषा परीक्षाबारे गोरखापत्रमा प्रकाशित समाचार गलत - Nepal Factcheck ☰ होम हाम्रो बारे मिथ्या सूचना के हो? हाम्रो वर्गीकरणको अर्थ मिथ्या सूचना: के गर्ने? FAQs तथ्यजाँच अनुरोध × होम हाम्रो बारे मिथ्या सूचना के हो? हाम्रो वर्गीकरणको अर्थ मिथ्या सूचना: के गर्ने? FAQs तथ्यजाँच अनुरोध तथ्यजाँच मिथ्या सूचना वागमती सम्बन्धित प्रदेश कोरियन भाषा परीक्षाबारे गोरखापत्रमा प्रकाशित समाचार गलत Home तथ्यजाँच मिथ्या सूचना वसन्त खड्का मंसिर १८, २०८० कोरियन भाषा परीक्षाबारे गोरखापत्रमा प्रकाशित समाचार गलत सरकारी स्वामित्वको ‘गोरखापत्र’ दैनिकको मंसिर १५ गतेको अंक र सोही दिनको अनलाइन संस्करणमा समेत पहिलो चरणको सिप बिल्डिङतर्फको भाषा परीक्षामा १२ हजार ९८ जना प्रशिक्षार्थी उत्तीर्ण भएको समाचार प्रकाशित गरिएको छ । हाम्रो तथ्यजाँचले भने उक्त सामग्री मिथ्या भएको देखिएको छ। के छ समाचारमा? गोरखापत्रको मंसिर १५ गतेको अंकको अर्थबजार पृष्ठमा ‘सिप बिल्डिङतर्फ दक्षिण कोरिया जान बाह्र हजार योग्य’ शीर्षकमा एक कोलमको समाचार छापिएको छ। उक्त समाचारमा वैदेशिक रोजगार विभाग इपिएस कोरिया शाखाका अनुसार असोज १ देखि मङ्सिर ७ सम्म सञ्चालन गरिएको पहिलो चरणको सिप बिल्डिङतर्फको परीक्षामा साढे ३५ हजार सहभागी भएको र भाषा परीक्षामा १२ हजार ९८ जना उत्तीर्ण भएको उल्लेख गरिएको छ। गोरखापत्रमा प्रकाशित समाचारको स्क्रिनसट पत्रिकाको सोही दिनको अनलाइन संस्करणमा पनि सोही विवरण सहितको समाचार प्रकाशित गरिएको छ । अनलाईन संस्करणमा प्रकाशित समाचारको स्क्रिनसट अनलाइन समाचारको आर्काइभ लिंक के हो तथ्य ? समाचारको तथ्य जाँच गर्ने क्रममा हामीले इपिएस कोरिया शाखाको वेब पेज हेर्‍यौँ। त्यहाँ सिप बिल्डिङ क्षेत्रतर्फको कोरियन भाषाको नतिजा प्रकाशित सम्बन्धी सूचना देख्यौँ। उक्त सूचनामा पहिलो चरणको कोरियन भाषा परीक्षामा चार हजार ९८ जना उत्तीर्ण भएको उल्लेख गरिएको छ। सूचनामा २०८० असोज १ देखि मंसिर ७ गतेसम्म सञ्जालन भएको सिप बिल्डिङ क्षेत्रतर्फको पहिलो चरणको कोरियन भाषा परीक्षामा ३०३५४ पुरुष र २१५३ महिला गरी कूल ३५५०७ जना सहभागी भएकामा ३९०१ जना पुरुष र १९७ महिला गरी कूल ४०९८ जना उत्तीर्ण भएको उल्लेख गरिएको छ। इपिएस कोरिया शाखाले प्रकाशित गरेको सूचनाको स्क्रिनसट लिंक त्यस्तै ह्युमन रिसोर्स डेभलपमेन्ट सर्भिस अफ कोरियाको वेबपेजमा पानी जहाज निर",NepalFactCheck.org,https://nepalfactcheck.org/2023/12/gorkhapatra-news/,,"भारत-पाकिस्तान युद्ध बारे प्रधानमन्त्री ओलीले के भनेका हुन् ? बैशाख ३०, २०८२ यसमा प्रकाशित सबै सामग्री CC BY 4.0 अन्तर्गत छन्। यसलाई NepalFactCheck.org भनेर स्रोत खोलेर पूर्ण वा आशय फरक नपर्ने गरी सम्पादन गरी पुन: प्रकाशन गर्न पाइन्छ। ×",Nepali,,,,,,,,,REFUTES,,,,finance_investment,,,,
ملیش اور نوین کے درمیان جائیداد کے تنازعہ کی وجہ سے قتل ہوا۔,مضمون میں بتایا گیا ہے کہ ملیش اور نوین کے درمیان جائیداد کے تنازعہ کی وجہ سے واقعہ پیش آیا۔ دونوں سوتیلے بھائی تھے اور ان کے درمیان ایک بحث کے بعد ملیش نے نوین پر حملہ کیا۔,Munsif Daily (Urdu) - منصف ڈیلی، حیدرآباد,https://munsifdaily.com/hyderabad-young-man-killed-by-step-brother-at-malakpet-gunj/,,مضمون میں جائیداد کے تنازعہ کی تفصیل دی گئی ہے، لیکن اس بارے میں مزید معلومات یا پس منظر فراہم نہیں کی گئی کہ تنازعہ کی نوعیت کیا تھی۔,Urdu,,,,,,,,,Not Enough Information (NEI),,,,,,,,
2026-ൽ തന്റെ കാൻസർ ചികിത്സ കുറയ്ക്കുമെന്ന് കിംഗ് ചാൾസ് മൂന്നാമൻ 2025 ഡിസംബർ 12-ന് പ്രഖ്യാപിച്ചു.,"'സ്റ്റാൻഡ് അപ്പ് ടു കാൻസർ' പരിപാടിക്കായുള്ള വീഡിയോ സന്ദേശത്തിൽ, ചികിത്സ 'മുൻകരുതൽ ഘട്ട'ത്തിലേക്ക് നീങ്ങുമെന്ന് കൊട്ടാരം അറിയിച്ചു.",Rolling Stone,,,'സ്റ്റാൻഡ് അപ്പ് ടു കാൻസർ' വീഡിയോ സന്ദേശത്തിലൂടെ കിംഗ് ചാൾസ് മൂന്നാമന്റെ കാൻസർ ചികിത്സ 2026-ൽ 'മുൻകരുതൽ ഘട്ട'ത്തിലേക്ക് നീങ്ങുമെന്ന് 2025 ഡിസംബർ 12-ന് കൊട്ടാരം അറിയിച്ചെന്ന് Rolling Stone സ്ഥിരീകരിക്കുന്നു.,Malayalam,,,,,,,,,Supported,,,https://www.rollingstone.com/culture/culture-news/king-charles-scale-back-cancer-treatment-2026-1235483469/,,,,,
ਦਿਲਜੀਤ ਦੋਸਾਂਝ ਦੀ ਨਵੀਂ ਫਿਲਮ ਨੇ ਪਹਿਲੇ ਦਿਨ 15 ਕਰੋੜ ਦੀ ਕਮਾਈ ਕੀਤੀ।,ਬਾਕਸ ਆਫਿਸ ਰਿਪੋਰਟਾਂ ਅਨੁਸਾਰ ਦਿਲਜੀਤ ਦੋਸਾਂਝ ਦੀ ਫਿਲਮ ਨੇ ਓਪਨਿੰਗ ਡੇਅ 'ਤੇ ਵਾਕਈ 15 ਕਰੋੜ ਕਮਾਏ ਹਨ।,Rozana Spokesman,https://www.rozanaspokesman.in/?id=10448,,,Punjab,,,,,,,,,,,,,,Supported,,,
നടി സെലീന ജെയ്റ്റ്‌ലി ഭർത്താവ് പീറ്റർ ഹാഗിനെതിരെ ഗാർഹിക പീഡന ആരോപണവുമായി 2025-ൽ മുംബൈയിൽ വിവാഹമോചന ഹർജി ഫയൽ ചെയ്തു.,"ക്രൂരതയും വൈകാരിക ചൂഷണവുമാണ് ജെയ്റ്റ്‌ലി ആരോപിച്ചത്, ജീവിതനഷ്ടത്തിനും സ്വത്തിനും നഷ്ടപരിഹാരം ആവശ്യപ്പെട്ടു.",ETV Bharat,,,സെലീന ജെയ്റ്റ്‌ലി ഭർത്താവ് പീറ്റർ ഹാഗിനെതിരെ ക്രൂരതയും വൈകാരിക ചൂഷണവും ആരോപിച്ച് 2025-ൽ മുംബൈയിൽ വിവാഹമോചന ഹർജി ഫയൽ ചെയ്തെന്ന് ETV Bharat റിപ്പോർട്ട് ചെയ്യുന്നു.,Malayalam,,,,,,,,,Supported,,,https://www.etvbharat.com/en/entertainment/yearender-2025-celebrity-divorces-and-separations-that-made-headlines-this-year-enn25121701102,,,,,
ماویوں نے 27 ماؤسٹوں کی ہلاکت کے خلاف 10 جون کو بھارت بند کی اپیل کی ہے۔,ماویوں کی مرکزی کمیٹی نے ایک خط جاری کیا ہے جس میں حکومت کے خلاف مظاہروں کے لیے 10 جون کو بھارت بند کی اپیل کی گئی ہے۔ انہوں نے 27 ماؤسٹوں کی ہلاکت کو 'مقامی نسل کشی' قرار دیا ہے۔,Munsif Daily (Urdu) - منصف ڈیلی، حیدرآباد,https://munsifdaily.com/maoist-central-committee-calls-for-bharat-bandh/,,مضمون میں ماویوں کی جانب سے 27 ماؤسٹوں کی ہلاکت کے خلاف بھارت بند کی اپیل کی تصدیق کی گئی ہے، جو دعوے کی مکمل حمایت کرتا ہے۔,Urdu,,,,,,,,,Supported,,,,,,,,
ਸੋਨਮ ਬਾਜਵਾ ਦੀ ਨਵੀਂ ਫਿਲਮ ਨੇ ਪਹਿਲੇ ਦਿਨ 15 ਕਰੋੜ ਦੀ ਕਮਾਈ ਕੀਤੀ।,ਬਾਕਸ ਆਫਿਸ ਰਿਪੋਰਟਾਂ ਅਨੁਸਾਰ ਸੋਨਮ ਬਾਜਵਾ ਦੀ ਫਿਲਮ ਨੇ ਓਪਨਿੰਗ ਡੇਅ 'ਤੇ ਵਾਕਈ 15 ਕਰੋੜ ਕਮਾਏ ਹਨ।,BBC News Punjabi,https://www.bbc.com/punjabi?id=10007,,,Punjab,,,,,,,,,,,,,,Supported,,,
केंद्रीय बजट 2026 में नई कर व्यवस्था के अंतर्गत ₹15 लाख तक की वार्षिक कर योग्य आय पर शून्य कर देयता का प्रावधान किया गया।,बजट 2026 के आयकर संशोधन प्रस्तावों के अनुसार धारा 87A के तहत पूर्ण कर छूट प्रदान कर ₹15 लाख तक की आय को कर-मुक्त किया गया।,Ministry of Finance,https://www.pib.gov.in/PressReleasePage.aspx,,वित्त मंत्रालय के आधिकारिक बजट दस्तावेज इस आयकर संशोधन की पुष्टि करते हैं।,Hindi,,,,,,,,,,Supported,,,,,,,
2026 ജൂലൈയിൽ ലോർഡ്സിലെ മൂന്നാം ഏകദിനത്തിന് ശേഷം റോഹിത് ശർമ്മ ഏകദിന ക്രിക്കറ്റിൽ നിന്ന് വിരമിക്കുമെന്ന അഭ്യൂഹങ്ങൾ ശക്തമായി.,വിരാട് കോലി കാർഡിഫ് ഏകദിനത്തിനിടെ ദുഃഖിതനായി കാണപ്പെട്ടതോടെയാണ് ഈ അഭ്യൂഹങ്ങൾക്ക് ആക്കം കൂടിയത്; തീരുമാനം ഇതുവരെ ഔദ്യോഗികമായി സ്ഥിരീകരിച്ചിട്ടില്ല.,Free Press Journal,,,വിരാട് കോലി കാർഡിഫ് ഏകദിനത്തിനിടെ ദുഃഖിതനായി കാണപ്പെട്ടതോടെ റോഹിത് ശർമ്മയുടെ വിരമിക്കൽ അഭ്യൂഹങ്ങൾക്ക് ആക്കം കൂടിയെന്നും തീരുമാനം അന്ന് ഔദ്യോഗികമായി സ്ഥിരീകരിക്കപ്പെട്ടിരുന്നില്ലെന്നും Free Press Journal റിപ്പോർട്ട് ചെയ്യുന്നു.,Malayalam,,,,,,,,,not enough information (NEI),,,https://www.freepressjournal.in/sports/is-rohit-retiring-virat-kohlis-dejected-look-while-sitting-besides-rohit-sharma-during-ind-vs-eng-2nd-odi-sparks-retirement-buzz-video,,,,,
अक्टूबर 2024 में साइबर ठग 'डिजिटल अरेस्ट' (Digital Arrest) के नाम पर फर्जी पुलिस अधिकारी बनकर लोगों को आधार कार्ड के दुरुपयोग का डर दिखाते हैं और फिर उनसे उगाही करते हैं।,"Digital Arrest Scam काफी चर्चा में है. इस तरह के स्कैम में फ्रॉडस्टर्स लोगों को टारगेट करते हैं, उन्हें आधार कार्ड के मिस यूज या पार्सल में ड्रग्स होने के नाम पर डराते हैं... फर्जी पुलिस वाले बनकर गिरफ्तारी का डर दिखाकर उगाही करते हैं।",Dainik Jagran,https://www.jagran.com/technology/tech-news-digital-arrest-scam-what-is-it-and-how-to-stay-safe-from-cyber-fraud-23654321.html,,"दावा सत्य है। साक्ष्य स्पष्ट रूप से 'डिजिटल अरेस्ट' के तरीके (Modus Operandi) का वर्णन करता है, जहां ठग फर्जी पुलिस बनकर लोगों को डराते और लूटते हैं।",Hindi,,,,,,,,,Supported,,,,,,,,
ഗായിക റോബർട്ട ഫ്ലാക്ക് 2025 ഫെബ്രുവരി 24-ന് അന്തരിച്ചു.,"""കില്ലിംഗ് മി സോഫ്റ്റ്‌ലി വിത്ത് ഹിസ് സോംഗ്"" എന്ന ഹിറ്റ് ഗാനത്തിന്റെ ഗായിക റോബർട്ട ഫ്ലാക്ക് 88-ാം വയസ്സിൽ അന്തരിച്ചു.",The Wrinkle,,,"റോബർട്ട ഫ്ലാക്ക് 2025 ഫെബ്രുവരി 24-ന് ന്യൂയോർക്കിൽ വച്ച് അന്തരിച്ചെന്ന് NPR, ABC News, Wikipedia സ്ഥിരീകരിക്കുന്നു.",Malayalam,,,,,,,,,Supported,,,https://thewrinkle.substack.com/p/rip-feb-2025-celebrity-deaths,,,,,
بہار میں اپوزیشن پارٹیوں کا اتحاد جمہوریت کی بحالی کے لئے اہم ہے。,نتیش کمار نے کہا کہ بہار میں سات پارٹیاں متحد ہیں اور سب کا مقصد ملک کے مفاد میں یکجہتی سے کام کرنا ہے۔ ان کا خیال ہے کہ اس اتحاد سے جمہوریت کو بچانے میں مدد ملے گی اور لوگوں کو ہراساں کیے جانے کے مسائل کم ہوں گے。,The Siasat Daily (Urdu) - سیاست ڈیلی، حیدرآباد,https://urdu.siasat.com/news/%db%81%d8%b1-%d8%ac%da%af%db%81-%d9%84%d9%88%da%af%d9%88%da%ba-%da%a9%d9%88-%db%81%d8%b1%d8%a7%d8%b3%d8%a7%da%ba-%da%a9%db%8c%d8%a7-%d8%ac%d8%a7-%d8%b1%db%81%d8%a7-%db%81%db%92%d8%8c-%db%8c%da%a9-1406793/,,یہ ثبوت واضح طور پر دعوے کی تصدیق کرتا ہے کہ بہار میں اپوزیشن جماعتوں کا اتحاد جمہوریت کی بحالی کے لئے اہم ہے، کیونکہ نتیش کمار نے بھی اس کی اہمیت بیان کی ہے۔,Urdu,,,,,,,,,Supported,,,,,,,,
മോഡൽ എമിലി റതജ്‌കോവ്സ്കിയും നടൻ ഓസ്റ്റിൻ ബട്‌ലറും 2025 സെപ്റ്റംബർ മുതൽ പ്രണയത്തിലാണെന്ന് അഭ്യൂഹമുണ്ട്.,ന്യൂയോർക്കിലെ ഒരു ബാറിൽ അടുത്തിരിക്കുന്ന ചിത്രങ്ങൾ പുറത്തുവന്നെങ്കിലും ഇരുവരും ബന്ധത്തെക്കുറിച്ച് ഔദ്യോഗികമായി പ്രതികരിച്ചിട്ടില്ല.,AOL,,,എമിലി റതജ്‌കോവ്സ്കിയും ഓസ്റ്റിൻ ബട്‌ലറും ഒരുമിച്ച് കണ്ടതായി 2025 സെപ്റ്റംബറിൽ ചിത്രങ്ങൾ പുറത്തുവന്നെങ്കിലും ഇരുവരും ബന്ധം ഔദ്യോഗികമായി സ്ഥിരീകരിച്ചിട്ടില്ല.,Malayalam,,,,,,,,,not enough information (NEI),,,https://www.aol.com/articles/come-austin-butler-emily-ratajkowski-173800044.html,,,,,
रास्वपा कार्यकर्ताको साथबाट स्रोत नखुलेको २० लाख रुपैयाँ बरामद।,"दुई अलग घटनाका फोटो जोडेर रास्वपा कार्यकर्ताबाट २० लाख रुपैयाँ बरामद गरिएको भ्रामक दावी - Nepal Factcheck ☰ होम हाम्रो बारे मिथ्या सूचना के हो? हाम्रो वर्गीकरणको अर्थ मिथ्या सूचना: के गर्ने? FAQs तथ्यजाँच अनुरोध × होम हाम्रो बारे मिथ्या सूचना के हो? हाम्रो वर्गीकरणको अर्थ मिथ्या सूचना: के गर्ने? FAQs तथ्यजाँच अनुरोध तथ्यजाँच भ्रामक सूचना सम्बन्धित प्रदेश सुदूरपश्चिम दुई अलग घटनाका फोटो जोडेर रास्वपा कार्यकर्ताबाट २० लाख रुपैयाँ बरामद गरिएको भ्रामक दावी Home तथ्यजाँच भ्रामक सूचना टेकमान शाक्य फाल्गुन १७, २०८२ दुई अलग घटनाका फोटो जोडेर रास्वपा कार्यकर्ताबाट २० लाख रुपैयाँ बरामद गरिएको भ्रामक दावी सामाजिक सञ्जालमा राष्ट्रिय स्वतन्त्र पार्टी (रास्वपा) का कार्यकर्ताको साथबाट स्रोत नखुलेको २० लाख रुपैयाँ बरामद गरिएको दावीसहितको एउटा भिडिओ भाइरल भइरहेको छ। भिडिओमा प्रहरीले बरामद सामग्रीबारे बोलिरहेको दृश्यसँगै पैसाको थुप्रो देखाइएर ‘रास्वपाको कार्यकर्ताबाट बरामद स्रोत नखुलेको रकम’ भन्ने लेख राखिएको छ। तर, नेपालफ्याक्टचेकको तथ्य जाँचमा उक्त दाबी भ्रामक भएको भेटियो। भिडिओमा देखाइएको दृश्य र पैसाको तस्बिर फरक–फरक सन्दर्भका सामग्रीलाई जोडेर बनाइएको पाइयो। के हो दावी ? its_me_lkr9 नामक टिकटक प्रयोगकर्ताले फागुन ११ गते (फेब्रुअरी २३, २०२६) ३३ सेकेन्डको भिडिओ सार्वजनिक गरेका छन्। भिडिओको माथिल्लो भागमा प्रहरी अधिकारी बोलिरहेको देखिन्छ भने तल्लो भागमा पैसाको थुप्रो देखाइएको छ। त्यसमा ‘रास्वपाको कार्यकर्ताबाट बरामद स्रोत नखुलेको रकम’ लेखेको देखिन्छ। भिडिओमा बोलिरहेका प्रहरी अधिकारीले पक्राउ गर्ने क्रममा राष्ट्रिय स्वतन्त्र पार्टीका प्रचार सामग्री (भेस्ट ५९ थान, टोपी ३० वटा, कपडाका टुक्रा ४० वटा) बरामद भएको बताएका सुनिन्छन्। पत्रकारले ‘कुन पार्टीको हो?’ भन्ने प्रश्न गर्दा उनले ‘राष्ट्रिय स्वतन्त्र पार्टीको’ भनेर जवाफ दिएको अंश पनि राखिएको छ। तथ्य जाँच गर्ने समयसम्म उक्त भिडिओमा २९ हजारभन्दा बढी प्रतिक्रिया, २ हजारभन्दा बढी कमेन्ट र ६ लाखभन्दा बढी पटक हेरिएको छ। its_me_lkr9 नाम गरेको टिकटक प्रयोगकर्ताले गरेको पोष्टको स्क्रिन रेकर्ड हेर्नुहोस् https://nepalfactcheck.org/wp-content/uploads/2026/02/its-me-tiktok.mp4 ओरिजिनल लिंक यहाँ छ भने अर्काइभ लिंक यहाँ छ । यसै भिडिओ Manu Pitha नामक",NepalFactCheck.org,https://nepalfactcheck.org/2026/03/claim-that-2-million-rupees-of-undisclosed-source-were-seized-from-an-rsp-supporter-is-misleading-2/,,"भारत-पाकिस्तान युद्ध बारे प्रधानमन्त्री ओलीले के भनेका हुन् ? बैशाख ३०, २०८२ यसमा प्रकाशित सबै सामग्री CC BY 4.0 अन्तर्गत छन्। यसलाई NepalFactCheck.org भनेर स्रोत खोलेर पूर्ण वा आशय फरक नपर्ने गरी सम्पादन गरी पुन: प्रकाशन गर्न पाइन्छ। ×",Nepali,,,,,,,,,REFUTES,,,,politics_elections,,,,
ٹیلنگانہ حکومت نے اوٹر رنگ روڈ کے ٹھیکے کی مدت 30 سال مقرر کی ہے جو کہ غیرمعمولی ہے۔,کیشان ریڈی نے کہا کہ زیادہ تر سڑکوں کے ٹھیکے کی مدت 10 سال ہوتی ہے، جبکہ اوٹر رنگ روڈ کا ٹھیکہ 30 سال کے لئے دیا گیا ہے۔ یہ فیصلہ لوگوں کے مفاد میں نہیں ہے اور اس کی وضاحت حکومت کو کرنی چاہئے۔,Munsif Daily (Urdu) - منصف ڈیلی، حیدرآباد,https://munsifdaily.com/telangana-govt-owes-explanation-on-orr-leasing-kishan-reddy/,,مضمون میں صرف اس بات کی طرف اشارہ کیا گیا ہے کہ اوٹر رنگ روڈ کا ٹھیکہ 30 سال کے لئے دیا گیا ہے، لیکن اس کے فوائد یا نقصانات کے بارے میں کوئی تفصیلات فراہم نہیں کی گئی ہیں۔,Urdu,,,,,,,,,Not Enough Information (NEI),,,,,,,,
ਜੈਸਮੀਨ ਸੈਂਡਲਾਸ ਨੇ ਕੈਨੇਡਾ ਵਿੱਚ ਆਪਣੇ ਨਵੇਂ ਸੰਗੀਤਕ ਟੂਰ ਦਾ ਐਲਾਨ ਕੀਤਾ ਹੈ।,"ਅਧਿਕਾਰਤ ਸੋਸ਼ਲ ਮੀਡੀਆ ਹੈਂਡਲ ਮੁਤਾਬਕ, ਜੈਸਮੀਨ ਸੈਂਡਲਾਸ ਨੇ ਕੈਨੇਡਾ ਟੂਰ ਦੀ ਪੁਸ਼ਟੀ ਕੀਤੀ ਹੈ।",Jagbani,https://punjabi.bollywoodtadka.in/?id=10490,,,Punjab,,,,,,,,,,,,,,Supported,,,
پاکستان کی حکومت دہشت گردی کے بنیادی ڈھانچے میں سرمایہ کاری کر رہی ہے جبکہ عوام بنیادی ضروریات کے لئے ترس رہے ہیں۔,مضمون میں بتایا گیا ہے کہ پاکستان کی قیادت IMF کی مدد کے باوجود ترقی کے بجائے دہشت گردی کے بنیادی ڈھانچے میں سرمایہ کاری کر رہی ہے، جبکہ 45% آبادی غربت کا شکار ہے۔,Munsif Daily (Urdu) - منصف ڈیلی، حیدرآباد,https://munsifdaily.com/pakistan-palestine-russia-why-are-neighbours/,,ثبوت میں واضح ہے کہ پاکستان کی حکومت کی توجہ ترقی کی بجائے دہشت گردی پر ہے، جو دعوے کی تصدیق کرتا ہے کہ عوام بنیادی ضروریات کے لئے جدوجہد کر رہے ہیں۔,Urdu,,,,,,,,,Supported,,,,,,,,
ਮਨਕੀਰਤ ਔਲਖ ਨੇ ਯੂਰਪ ਵਿੱਚ ਆਪਣੇ ਨਵੇਂ ਸੰਗੀਤਕ ਟੂਰ ਦਾ ਐਲਾਨ ਕੀਤਾ ਹੈ।,"ਅਧਿਕਾਰਤ ਸੋਸ਼ਲ ਮੀਡੀਆ ਹੈਂਡਲ ਮੁਤਾਬਕ, ਮਨਕੀਰਤ ਔਲਖ ਨੇ ਯੂਰਪ ਟੂਰ ਦੀ ਪੁਸ਼ਟੀ ਕੀਤੀ ਹੈ।",Punjabi Tribune,https://www.punjabitribuneonline.com/?id=10445,,,Punjab,,,,,,,,,,,,,,Supported,,,
తమిళనాడులో ముస్లిం వ్యక్తి ఆలయానికి స్థలం దానం చేశాడు.,"కారైక్కాల్‌లో అబ్దుల్ ఖాదర్ 1,200 చదరపు అడుగుల స్థలం దానం చేశాడు.",Andhra Jyothi,https://www.andhrajyothy.com/2020/national/a-muslim-who-donated-land-for-a-temple-121133.html,,,Telugu,,,,,,,,,Supported,,,,,,,,
పేమెంట్స్ బ్యాంకులు (Payments Banks) ఒక కస్టమర్ నుండి గరిష్టంగా రూ. 2 లక్షల వరకు మాత్రమే డిపాజిట్లు స్వీకరించగలవు.,ఆర్‌బీఐ పేమెంట్స్ బ్యాంకింగ్ మార్గదర్శకాల ప్రకారం రోజు ముగింపు సమయానికి కస్టమర్ బ్యాలెన్స్ రూ. 2 లక్షలు దాటకూడదు.,Reserve Bank of India,https://www.rbi.org.in,,,Telugu,,,,,,,Supported,,,,,,,,,,
RBI ग्राहकों को बैंकिंग धोखाधड़ी की स्थिति में तुरंत शिकायत दर्ज कराने की सलाह देता है।,RBI की जागरूकता सामग्री धोखाधड़ी की शीघ्र रिपोर्ट करने की सलाह देती है।,RBI,https://www.rbi.org.in/commonman/English/scripts/Notification.aspx?Id=1202,,आधिकारिक सुरक्षा सलाह।,Hindi,,,,,,,,,,Supported,,,,,,,
പ്രിൻസ് ഹാരിയും എൽട്ടൺ ജോണും ചേർന്ന് ഡെയ്‌ലി മെയിൽ പ്രസാധകർക്കെതിരെ നൽകിയ കേസ് 2026-ൽ യു.കെ കോടതി തള്ളിക്കളഞ്ഞു.,വാസ്തവത്തിൽ 2026 ജനുവരിയിലും ഈ കേസ് ലണ്ടനിലെ റോയൽ കോർട്സ് ഓഫ് ജസ്റ്റിസിൽ വാദം കേൾക്കൽ തുടരുകയായിരുന്നു.,Buzzfeed,,,"പ്രിൻസ് ഹാരിയും എൽട്ടൺ ജോണും ഡെയ്‌ലി മെയിൽ പ്രസാധകർക്കെതിരെ നൽകിയ കേസ് 2026 ജൂലൈ 7-ന് യു.കെ ഹൈക്കോടതി തള്ളിക്കളഞ്ഞെന്ന് CBC, Irish Times സ്ഥിരീകരിക്കുന്നു; ജനുവരിയിൽ വാദം തുടരുകയായിരുന്നെങ്കിലും ഒടുവിൽ ഹാരിയും സംഘവും കേസ് നഷ്ടപ്പെടുത്തി.",Malayalam,,,,,,,,,Supported,,,https://www.buzzfeed.com/arsheenkaur44/most-notable-celebrity-legal-settlements,,,,,
बजट 2023 में एक जिला एक उत्पाद (ODOP) पहल को बढ़ावा देने का उल्लेख किया गया।,बजट 2023 में स्थानीय उत्पादों और ODOP को प्रोत्साहन देने का उल्लेख किया गया।,youtube.com,https://www.youtube.com/watch?v=nwjWbvOWfPc,,उपलब्ध आधिकारिक SEBI दस्तावेज़ों में इस दावे के समर्थन में कोई स्पष्ट प्रमाण उपलब्ध नहीं है।,Hindi,,,,,,,,,,Supported,,,,,,,
گجرات کے ایک نمک کی فیکٹری میں دیوار گرنے کے واقعے میں کم از کم بارہ مزدور ہلاک ہو گئے ہیں۔,گجرات کے موریبی ضلع میں واقع سگار نمک کی فیکٹری میں دیوار گرنے کے نتیجے میں بارہ مزدوروں کی ہلاکت کی تصدیق کی گئی ہے۔ واقعے میں مزید 15 مزدور پھنسے ہوئے ہیں اور ریسکیو آپریشن 90 فیصد مکمل ہو چکا ہے۔,Munsif Daily (Urdu) - منصف ڈیلی، حیدرآباد,https://munsifdaily.com/12-dead-in-salt-factory-wall-collapse-in-gujarats-morbi/,,مضمون میں واضح طور پر بارہ مزدوروں کے ہلاک ہونے کی تصدیق کی گئی ہے، جو دعوے کی مکمل حمایت کرتا ہے۔,Urdu,,,,,,,,,Supported,,,,,,,,
وزیر اعظم نریندر مودی نے عوامی بیماروں کے علاج کے لئے کوئی مؤثر حکمت عملی نہیں اپنائی ہے۔,احتجاج کے دوران مہیلا قائدین نے کہا کہ نریندر مودی حکومت غریبوں کو مفت علاج کی سہولت فراہم کرنے میں ناکام ہوچکی ہے۔ تاہم، مخصوص معلومات فراہم نہیں کی گئیں کہ کس طرح یا کیوں حکمت عملی ناکام رہی۔,The Siasat Daily (Urdu) - سیاست ڈیلی، حیدرآباد,https://urdu.siasat.com/news/%da%a9%d8%a7%d9%86%da%af%d8%b1%db%8c%d8%b3-%da%a9%db%92-%db%81%d9%84%db%81-%d8%a8%d9%88%d9%84-%d8%a7%d8%ad%d8%aa%d8%ac%d8%a7%d8%ac-%da%a9%db%8c-%d8%aa%d8%a7%d8%a6%db%8c%d8%af-%d9%85%db%8c%da%ba-%d9%85-1405916/,,مضمون میں حکمت عملی کی ناکامی کے بارے میں کوئی تفصیل فراہم نہیں کی گئی کہ یہ ناکامی کیوں ہوئی، لہذا اس دعوے کی تصدیق یا تردید نہیں کی جا سکتی۔,Urdu,,,,,,,,,Not Enough Information (NEI),,,,,,,,
भारतमा एक नेपालीलाई निर्ममतापूर्वक कुटपिट गरियो। साथमा कुटपिट गरिएको भिडियो।,"के हो भारतमा नेपालीलाई कुटिएको भन्दै भाइरल भएको भिडियोको वास्तविकता? - Nepal Factcheck ☰ होम हाम्रो बारे मिथ्या सूचना के हो? हाम्रो वर्गीकरणको अर्थ मिथ्या सूचना: के गर्ने? FAQs तथ्यजाँच अनुरोध × होम हाम्रो बारे मिथ्या सूचना के हो? हाम्रो वर्गीकरणको अर्थ मिथ्या सूचना: के गर्ने? FAQs तथ्यजाँच अनुरोध तथ्यजाँच भ्रामक सूचना सम्बन्धित प्रदेश सुदूरपश्चिम के हो भारतमा नेपालीलाई कुटिएको भन्दै भाइरल भएको भिडियोको वास्तविकता? Home तथ्यजाँच भ्रामक सूचना उमेश श्रेष्ठ अशोज ३०, २०७९ के हो भारतमा नेपालीलाई कुटिएको भन्दै भाइरल भएको भिडियोको वास्तविकता? भारतमा नेपाली नागरिकलाई कुटिएको दावी गरिएको एउटा भिडियो फेसबुकमा शनिबार (अक्टोबर १५, २०२२) भाइरल भएको छ। भिडियोमा एक व्यक्तिलाई नाङ्गै बनाई पाइप जस्तो सामानले कुटेको देखिन्छ। भिडियोमा भारतीय भाषा बोलेको सुनिन्छ। तर हाम्रो तथ्य जाँचमा यो घटना भारतको राजस्थानमा भएको सही भए पनि कुटिएका व्यक्ति नेपाली नागरिक नभएर भारतकै भएको खुलेको छ। कसरी भयो भाइरल ? दुनिया नामको फेसबुक पेज ले ‘भारतमा एक नेपाली यसरी कुटिए भनेर यो भिडियो अहिले जताततै सामाजिक सञ्जालमा देखिएको’ दावी गर्दै शनिबार राति १० बजे यस्तो पोस्ट गरेको थियो। हेर्नुस् स्क्रिनसट तल- भिडियोमा प्रस्तोताले भनेको सुनिन्छ- ‘भारतमा एक नेपालीलाई कुटपिट गरिएको छ। केका लागि कुटियो र किन कुटियो भन्ने कुरा हामी बुझिरहेका छौँ।’ हामीले यो स्क्रिनसट लिँदा तीन घण्टाको अवधिमा यो पोस्टमा ५ हजार २ सय रियाक्सन, १ हजार ९ सय सेयर र ७३४ कमेन्ट थिए। सँगै पोस्ट गरिएको भिडियोमा एचटिभी लेखेको देखिन्छ। यसको फेसबुक पेजमा सुदूरपश्चिमको धनगढीबाट सञ्चालित HTV Television को आधिकारिक फेसबुक पेज लेखिएको छ। उक्त फेसबुक पेजमा ‘जताततै सामाजिक सञ्जालमा भारतमा एक नेपाली कुटिएको’ भिडियो देखिएको दावी गरिए पनि हामीले फेसबुकमा खोज्ने क्रममा यही पेजले शनिबार दिउँसो २ बजेर ५१ मिनेटमा पोस्ट गरेको अर्को भिडियो भाइरल भएको भेट्टायौँ। स्क्रिनसट हेर्न यहाँ क्लिक गर्नुस्। ९ घण्टाको अवधिमा यो स्क्रिनसट लिँदासम्म यो भिडियोमा १५ हजार रियाक्सन देखिएको छ भने ९ हजार पटक यो सेयर भएको छ र यसमा ४ हजार कमेन्ट छन्। के हो तथ्य ? हामीले इनभिडको फेकन्युज डिबङ्कर टुलबाट यो भिडियोको स्क्रिनसटका आधारमा रिभर्स इमेज सर्च गर्दा कुनै नतिजा पाउन सकेनौँ। त्यसप",NepalFactCheck.org,https://nepalfactcheck.org/2022/10/india-rajasthan-youth-false-claim/,,भ्रामक सूचना । कुटपिट गर्दै गरेको भिडियो भारतको राजस्थानको हो। तर कुटाइ खाने व्यक्ति नेपाली नागरिक नभएर भारतकै राजस्थानको बडबिराना गाउँका सुभाष चबरवाल भएको भारतीय मिडियाले उल्लेख गरेका छन्।,Nepali,,,,,,,,,REFUTES,,,,finance_investment,,,,
پیلا راجیشور ریڈی کی صحت کی بحالی کے دوران پارٹی کی حمایت میں کمی آئی ہے۔,خبر میں بتایا گیا ہے کہ کے ٹی راما راؤ نے پیلا راجیشور ریڈی کی صحت کے بارے میں اظہار تشویش کیا اور ان کی جلد صحت یابی کی امید ظاہر کی۔ اس دوران پارٹی کے کئی رہنما بھی ان کے ساتھ موجود تھے اور ان کی صحت کی بہتری کے لیے نیک تمناؤں کا اظہار کیا۔,Munsif Daily (Urdu) - منصف ڈیلی، حیدرآباد,https://munsifdaily.com/kt-rama-rao-meets-palla-rajeshwar-reddy-at/,,مضمون میں پارٹی کی حمایت کا واضح ذکر موجود ہے، جو دعوے کی تردید کرتا ہے کہ حمایت میں کمی آئی ہے۔,Urdu,,,,,,,,,Not Supported,,,,,,,,
రాజ్యాంగంలోని ఆర్టికల్ 112 ప్రకారం కేంద్ర బడ్జెట్‌ను 'వార్షిక ఆర్థిక నివేదిక'గా పార్లమెంట్‌లో ప్రవేశపెడతారు.,ఆర్థిక సంవత్సరం ప్రారంభానికి ముందు పార్లమెంట్ ఆమోదం కొరకు ప్రభుత్వం బడ్జెట్ పెడుతుంది.,Ministry of Finance,https://www.indiabudget.gov.in,,,Telugu,,,,,,,Supported,,,,,,,,,,
ప్రతి రోజు మల్టీవిటమిన్ మాత్రలు తీసుకోవడం అందరికీ తప్పనిసరి.,ఆరోగ్యవంతులందరికీ మల్టీవిటమిన్లు అవసరం కాదు.,NIH,https://ods.od.nih.gov,,,Telugu,,,,,,,,,,,,,,,,Not Supported,Not Supported
सामाजिक सञ्जालमा भाइरल भएको पोस्टमा देखिने सार्वजनिक सूचना अनुसार काठमाडौँ महानगरपालिकाका पूर्व मेयर केशव स्थापितले चुंगिकर ठेक्का सम्बन्धमा भ्रष्टाचार गरेकोले अख्तियार दुरुपयोग अनुसन्धान आयोगले २०६२ चैत १३ गतेको निर्णय अनुसार ३ करोड ८५ लाख रुपैयाँ असुल गर्न भनेको थियो।,"के हो भाइरल भएको केशव स्थापितको नाम जोडिएको कामपाको सार्वजनिक सूचनाको तथ्य? - Nepal Factcheck ☰ होम हाम्रो बारे मिथ्या सूचना के हो? हाम्रो वर्गीकरणको अर्थ मिथ्या सूचना: के गर्ने? FAQs तथ्यजाँच अनुरोध × होम हाम्रो बारे मिथ्या सूचना के हो? हाम्रो वर्गीकरणको अर्थ मिथ्या सूचना: के गर्ने? FAQs तथ्यजाँच अनुरोध तथ्यजाँच भ्रामक सूचना वागमती सम्बन्धित प्रदेश के हो भाइरल भएको केशव स्थापितको नाम जोडिएको कामपाको सार्वजनिक सूचनाको तथ्य? Home तथ्यजाँच भ्रामक सूचना उमेश श्रेष्ठ बैशाख १६, २०७९ के हो भाइरल भएको केशव स्थापितको नाम जोडिएको कामपाको सार्वजनिक सूचनाको तथ्य? सामाजिक सञ्जालमा अहिले काठमाडौँ महानगरपालिकाका पूर्व मेयर तथा वर्तमान मेयरका उम्मेदवार केशव स्थापितको नाममा काठमाडौँ महानगरपालिकाले निकालेको भनिएको एउटा पुरानो सार्वजनिक सूचना भाइरल भएको छ। प्रकाशित मिति नखुलेको उक्त सूचनामा केशव स्थापितले आ.व. २०५४/०५५ को चुंगिकर ठेक्का सम्बन्धमा गरेको भ्रष्टाचारको रकम रु तीन करोड ८५ लाख असूल उपर गर्न अख्तियार दुरुपयोग अनुसन्धान आयोग, स्थानीय विकास मन्त्रालयको पत्राचार अनुसार पटक पटक अनुरोध गरी पत्राचार गर्दा समेत दाखिला भएको नदेखिएको हुँदा सूचना प्रकाशित भएको मितिले ३५ दिनभित्र का.म.पा. मा बुझाउनु पर्ने रकम दाखिला गर्न भनिएको छ। हाम्रो तथ्य जाँचमा अख्तियारले केशव स्थापितबाट सो रकम असुल गर्ने भनी निर्णय गरेको र त्यसलाई विशेष अदालतले पनि सदर गरेको सही देखिए पनि सर्वोच्च अदालतले त्यसलाई उल्ट्याउँदै सफाई दिएको देखिएको छ। कहाँ कस्तो खबर? काठमाडौँ महानगरपालिकाको यो सार्वजनिक सूचनाको स्क्रिनसट धेरै पत्रकारहरुले समेत बिहीबार सामाजिक सञ्जालमा सेयर गरेका थिए। हेर्नुस् अर्काइभ लिङ्क पत्रकार शिव दाहालले गरेको यो ट्विटमा बिहीबार मध्यरातसम्म ६१ रिट्विट, २२ कोट ट्विट र १५४ लाइक देखिएको छ। फेसबुकमा पनि यो स्क्रिनसट विभिन्न पोस्ट र कमेन्टमा फोटोका रुपमा पोस्ट भएका छन्। पर्दाफास डट कममा केशव स्थापितमाथि यौन दुराचारपछि भ्रष्टाचारको आरोप ! शीर्षकमा समाचार प्रकाशित छ। समाचारको एउटा अंशमा लेखिएको छ- असूल उठ्तीमा उक्त आम्दानी अंक पुर्‍याउन नसकेको ३ करोड ८५ लाख धितो जग्गाबाट र नपुग रकम काठमाडौं महानगरपालिकाका तत्कालीन प्रमुख केशव स्थापितवाटै असूल गर्न अख्तियारको १३ चैत २०६२ को निर्णयानुसार काठमाडौं महानगरप",NepalFactCheck.org,https://nepalfactcheck.org/2022/04/keshav-sthapit/,,भ्रामक सूचना । अख्तियार दुरुपयोग अनुसन्धान आयोगले २०६२ चैत १३ गतेको निर्णय अनुसार सो रकम असुल गर्न काठमाडौँ महानगरपालिकालाई पत्र त लेखेको थियो। तर विशेष अदालतले त्यसलाई सदर गरे पनि सर्वोच्च अदालतले भने अख्तियारको निर्णयलाई गैरकानुनी भन्दै त्यसलाई सदर गर्ने विशेष अदालतको निर्णयलाई पनि उल्टाउँदै स्थापितलाई सफाई दिएको थियो। तसर्थ भाइरल भएको सूचनाले पूरा तथ्य प्रष्ट नपार्ने भएकोले यसलाई हामीले भ्रामक सूचनाको वर्गीकरणमा राखेका छौँ। हाम्रो तथ्य जाँच वर्गीकरणको अर्थ बुझ्न यहाँ क्लिक गर्नुस्। हामीलाई निम्न माध्यमबाट पनि शंका लागेका सामग्री पठाउन सक्नुहुन्छ- फेसबुक पेज ट्वविटर डिएम,Nepali,,,,,,,,,REFUTES,,,,finance_investment,,,,
శరీరంలో నీటి కొరత వల్ల తల తిరగవచ్చు.,డీహైడ్రేషన్ వల్ల తల తిరగడం సాధారణ లక్షణం.,MedlinePlus,https://medlineplus.gov/dehydration.html,,,Telugu,,,,,,,,,,,,,,,,Supported,Supported
حیدرآباد میں 'جائے باپو جائے بھیم جائے سمودھان' پیدل مارچ کا انعقاد ہوا۔,یہ پیدل مارچ چارمینار سے مدینہ ایکس روڈ تک منعقد کیا گیا تھا، جس میں شرکاء نے بھارتی آئین کی حفاظت اور جمہوری اقدار کی اہمیت پر زور دیا۔ مارچ کے دوران 'سمودھان بچاؤ' کا نعرہ بلند کیا گیا، جو اس وقت کے سیاسی حالات پر تشویش کا اظہار کرتا ہے۔,Munsif Daily (Urdu) - منصف ڈیلی، حیدرآباد,https://munsifdaily.com/padayatra-held-from-charminar-in-hyderabad/,,شواہد میں پیدل مارچ کے مقصد اور مقام کی وضاحت کی گئی ہے، جو دعوے کی تصدیق کرتا ہے کہ یہ واقعہ واقعی ہوا تھا۔,Urdu,,,,,,,,,Supported,,,,,,,,
"ടർക്കിയ ഭൂകമ്പ (2023) ദുരന്തത്തിൽ 7,000 കെട്ടിടം തകർന്നത് അഴിമതി-നിർദ്ദേശ (corruption) ബിൽഡിംഗ് കോഡ് ലംഘനം മൂലമാണ് എന്ന് ടർക്കിഷ് ഗവൺ‌മെൻ്റ് 200-ലധികം കരാറുകാരെ അറസ്‌റ്റ് ചെയ്തതിൽ തന്നെ ഔദ്യോഗികമായി സ്ഥിരീകരിക്കപ്പെട്ടു.","ടർക്കിഷ് അധികൃതർ 2023 ഫെബ്രുവരി-മാർച്ചിൽ 200-ലധികം ഡവലപ്പർ, കോൺട്രാക്ടർ ഭൂകമ്പ-ബാധ കെട്ടിടങ്ങൾ നിർമ്മിച്ചതിൻ്റെ ഉത്തരവാദിത്തം ഏൽക്കുന്ന ആരോപണത്തിൽ അറസ്‌റ്റ് ചെയ്തു.",Al Jazeera,https://www.aljazeera.com/news/2023/2/16/turkey-arrests-builders-over-quake-damaged-buildings,,,Malayalam,,,,,,,Not Supported,,,,"ടർക്കിഷ് അധികൃതർ 200-ലധികം കരാറുകാരെ അറസ്റ്റ് ചെയ്തത് ശരിയാണെങ്കിലും, തകർന്ന/സാരമായി കേടുപറ്റിയ കെട്ടിടങ്ങളുടെ യഥാർത്ഥ എണ്ണം 7,000 അല്ല, 1,60,000-ത്തിലധികമാണ് (BBC, WSRB റിപ്പോർട്ടുകൾ പ്രകാരം). മാത്രമല്ല, എല്ലാ തകർച്ചകൾക്കും അഴിമതി തന്നെ കാരണമെന്ന് 'ഔദ്യോഗികമായി സ്ഥിരീകരിച്ചു' എന്ന അവകാശവാദം അതിശയോക്തിയാണ് — അന്വേഷണം തുടരുകയാണ്, അന്തിമ ഔദ്യോഗിക നിഗമനമില്ല.",,,,,,
ప్రాచీన భారతంలో స్వర్ణయుగం ఉంది.,చారిత్రక ఆధారాలు స్వర్ణయుగం లేదని చెప్తున్నాయి.,BBC News తెలుగు,https://www.bbc.com/telugu/india-45062485,,,Telugu,,,,,,,,,Not Supported,,,,,,,,
सीओपीडी वाले हर रोगी को प्रतिदिन एक ही इनहेलर की समान खुराक दी जानी चाहिए।,"डब्ल्यूएचओ सीओपीडी के उपचार में इनहेल्ड दवाओं की चर्चा करता है, लेकिन सभी रोगियों के लिए एक ही दवा और समान खुराक का सार्वभौमिक नियम नहीं देता।",World Health Organization (WHO),https://www.who.int/news-room/fact-sheets/detail/chronic-obstructive-pulmonary-disease-(copd),NOT ENOUGH INFORMATION,"स्रोत संबंधित तथ्य देता है, लेकिन दावे में जोड़ा गया विशिष्ट/सार्वभौमिक निष्कर्ष स्थापित नहीं करता; इसलिए NEI है।",Hindi,,,,,,,,,,,,,,,,,
22 जून 2022 को भारत में उड्डयन सुरक्षा हेतु 'सुरक्षा कोडेक्स' जारी किया गया।,बीसीएएस (BCAS) द्वारा विमानन सुरक्षा के लिए नए और सख्त सुरक्षा नियम अधिसूचित किए गए।,Ministry of Civil Aviation,,,,Hindi,,,,https://www.pib.gov.in/PressReleasePage.aspx?PRID=1836120,Supported,नागरिक उड्डयन सुरक्षा ब्यूरो (BCAS) से सत्यापित।,,,,,,,,,,,
ఈపీఎఫ్ ఓ (EPFO) సభ్యులకు సార్వత్రిక ఖాతా సంఖ్యగా 12 అంకెల UAN (Universal Account Number) కేటాయించబడుతుంది.,మారే ఉద్యోగాలతో సంబంధం లేకుండా జీవితాంతం ఒకే UAN ద్వారా ప్రావిడెంట్ ఫండ్ లావాదేవీలు నిర్వహించవచ్చు.,EPFO,https://www.epfindia.gov.in,,,Telugu,,,,,,,Supported,,,,,,,,,,
सुनसरीको घटनालाई लिएर आन्दोलनकारीले इलाका प्रहरी कार्यलयको गाडीमा आगजनी गरेको,"नझुक्किनुस्, प्रहरीको गाडीमा आगजनी भन्दै भाइरल भिडियो अहिलेको होइन - Nepal Factcheck ☰ होम हाम्रो बारे मिथ्या सूचना के हो? हाम्रो वर्गीकरणको अर्थ मिथ्या सूचना: के गर्ने? FAQs तथ्यजाँच अनुरोध × होम हाम्रो बारे मिथ्या सूचना के हो? हाम्रो वर्गीकरणको अर्थ मिथ्या सूचना: के गर्ने? FAQs तथ्यजाँच अनुरोध तथ्यजाँच भ्रामक सूचना नझुक्किनुस्, प्रहरीको गाडीमा आगजनी भन्दै भाइरल भिडियो अहिलेको होइन Home तथ्यजाँच भ्रामक सूचना टेकमान शाक्य साउन १३, २०८३ नझुक्किनुस्, प्रहरीको गाडीमा आगजनी भन्दै भाइरल भिडियो अहिलेको होइन सुनसरीमा भएको हालैको प्रदर्शनका क्रममा आन्दोलनकारीले इलाका प्रहरी कार्यालयको गाडी राजमार्गमै जलाएको दाबीसहितका भिडियो र तस्बिरहरू सामाजिक सञ्जालमा भाइरल बनेका छन् । तर, नेपाल फ्याक्टचेकको अनुसन्धानमा यी भिडियो र तस्बिर हालको सुनसरीको घटनासँग सम्बन्धित नभई २०८२ सालको भदौमा जेनजी आन्दोलनका क्रममा रौतहटको चन्द्रनिगाहापुरमा प्रहरीको भ्यानमाथि भएको आगजनीको भएको पुष्टि भएको छ । के हो दाबी ? ‘News collection Nepal’ नाम गरेको फेसबुक पेजबाट २९ जुलाई २०२६ मा १६ सेकेन्डको एक भिडियो क्लिप पोस्ट गरिएको छ । Post मा लेखिएको छ: “सुनसरीको घटनालाई लिएर आन्दोलनकारीले इलाका प्रहरी कार्यालयको गाडी राजमार्गमै जलाए।” हेर्नुहोस् News collection Nepal नामक फेसबुक पेजको स्क्रिनसट ओरिजिनल लिंक यहाँ छ भने अ र्काइभ लिंक यहाँ छ । यस्तै, नयाँ पत्रिका दैनिकका बैतडी संवाददाता लोकेश साउदले पनि यही दाबीसहितको तस्बिर आफ्नो फेसबुक एकाउन्टमा पोस्ट गरेका छन् । उनले स्थिति काबु बाहिर जान सक्ने भन्दै टिप्पणी समेत गरेका छन् । हेर्नुहोस् लोकेश साउदको फेसबुक पोस्टको स्क्रिनसट लोकेश साउदको ओरिजिनल लिंक यहाँ छ भने अ र्काइभ लिंक यहाँ छ । सिधाकुरा डटकमका पत्रकार उत्तम प्याकुरेलले पनि यहि भिडिओसहित पोस्ट सार्वजनिक गरेका छन् । सामाजिक सञ्जालमा प्रहरीको गाडी जलिरहेको दृश्यसहितको उक्त पोस्ट भाइरल बनेको छ र प्रयोगकर्ताहरूले सुनसरीमा हिंसात्मक स्थिति सिर्जना भएको भन्दै भ्रमवश शेयर गरिरहेका छन् । के हो तथ्य ? तथ्य जाँचका क्रममा हामीले भाइरल भिडियो र तस्बिरका फ्रेमहरूलाई गुगल रिभर्स इमेज सर्च मार्फत् खोजी गर्‍यौँ । खोजीका क्रममा ९ सेप्टेम्बर २०२५ मा BirgunjCity.com को आधिकारिक युट्युब च्यानलमा अपलोड गरिएको ४७ सेकेन्डको भिडि",NepalFactCheck.org,https://nepalfactcheck.org/2026/07/old-rautahat-arson-video-and-photo-from-gen-z-protests-falsely-shared-as-sunsari-incident/,,"भ्रामक (misleading) । भाइरल भिडियो र तस्बिर हालको सुनसरी घटनासँग सम्बन्धित छैनन् । यी सामग्री २०८२ साल भदौमा रौतहटको चन्द्रनिगाहापुरमा भएको अर्कै घटनाका हुन्, जसलाई अहिलेको घटना भन्दै गलत सन्दर्भमा फैलाइएको छ ।",Nepali,,,,,,,,,REFUTES,,,,finance_investment,,,,
मोढेरा भारत का पहला 24x7 सौर गांव घोषित।,PM ने घोषणा की।,MNRE/Govt of Gujarat,,,,Hindi,,,,https://pib.gov.in/PressReleasePage.aspx?PRID=1864980,Supported,ऊर्जा मंत्रालय से पुष्ट।,,,,,,,,,,,
بی آر ایس مرکزی دفتر کی افتتاحی تقریب میں بڑی تعداد میں کارکنوں نے شرکت کی۔,بی آر ایس کے نئے دفتر کی افتتاحی تقریب میں بڑی تعداد میں بی آر ایس کارکنوں نے شرکت کی اور اس موقع پر جوش و خروش کا مظاہرہ کیا۔ تقریب کے دوران پھولوں کے گلدستے پیش کیے گئے اور خوشی منائی گئی۔,Munsif Daily (Urdu) - منصف ڈیلی، حیدرآباد,https://munsifdaily.com/kcr-inaugurates-brs-central-office-in-delhi/,,مضمون میں کارکنوں کی تعداد کا ذکر تو ہے لیکن یہ نہیں کہا گیا کہ یہ تعداد 'بڑی' تھی، لہذا دعویٰ کی تصدیق نہیں ہوتی۔,Urdu,,,,,,,,,Not Supported,,,,,,,,
न्यायमूर्ति डी.वाई. चंद्रचूड़ ने 9 नवंबर 2022 को भारत के 50वें CJI पद की शपथ ली।,राष्ट्रपति भवन में राष्ट्रपति मुर्मू ने शपथ दिलाई।,President's Secretariat,,,,Hindi,,,,https://www.presidentofindia.gov.in/press_releases/dr-justice-dhananjaya-yashwant-chandrachud-sworn-chief-justice-supreme-court-india,Supported,राष्ट्रपति सचिवालय की आधिकारिक विज्ञप्ति से सत्यापित।,,,,,,,,,,,
श्रम संस्कृति पार्टीका अध्यक्ष हर्क साम्पाङले केपी ओलीलाई हराउन घण्टीमा भोट मागे।,"नझुक्किनुस्, हर्क साम्पाङले केपी ओलीलाई हराउन घण्टीमा भोट मागेका छैनन् - Nepal Factcheck ☰ होम हाम्रो बारे मिथ्या सूचना के हो? हाम्रो वर्गीकरणको अर्थ मिथ्या सूचना: के गर्ने? FAQs तथ्यजाँच अनुरोध × होम हाम्रो बारे मिथ्या सूचना के हो? हाम्रो वर्गीकरणको अर्थ मिथ्या सूचना: के गर्ने? FAQs तथ्यजाँच अनुरोध तथ्यजाँच कोशी भ्रामक सूचना सम्बन्धित प्रदेश नझुक्किनुस्, हर्क साम्पाङले केपी ओलीलाई हराउन घण्टीमा भोट मागेका छैनन् Home तथ्यजाँच भ्रामक सूचना नेपाल फ्याक्ट चेक फाल्गुन १७, २०८२ नझुक्किनुस्, हर्क साम्पाङले केपी ओलीलाई हराउन घण्टीमा भोट मागेका छैनन् श्रम संस्कृति पार्टीका अध्यक्ष हर्क साम्पाङले राष्ट्रिय स्वतन्त्र पार्टी (रास्वपा) को चुनाव चिन्ह ‘घण्टी’ मा भोट मागेको दावीसहितको भिडिओ सामाजिक सञ्जाल फेसबुकमा भाइरल भएको छ। तर, नेपालफ्याक्टचेकको तथ्यजाँचमा साम्पाङको भाषणलाई सम्पादन गरी फरक अर्थ लाग्ने गरी प्रस्तुत गरिएको पाइएको छ। के छ दावी ? फेसबुकमा १७ हजारभन्दा बढी फलोअर्स रहेको केशव आचार्य ले जनवरी २६ मा ‘झापा ५ का मतदातालाई हर्क साम्पाङको आग्रह’ शीर्षकमा एउटा भिडिओ अपलोड गरेका छन्। उक्त भिडिओमा साम्पाङले यसो भनेको सुनिन्छ: ‘ल म झापा पाँचबाट भन्न चाहन्छु, झापा पाँचका मतदातालाई, केपी ओलीलाई फेरि एक पटक मन्त्री बनाइदिएर हुन्छ के ? केपी ओलीलाई हराउनकै लागि भएपनि घण्टीमा चाहीँ, भोट ओइराउनुपर्छ…. त्यसो भएको हुनाले गर्दाखेरि केपी ओलीलाई भोट हाल्नु हुँदैन।’ हेर्नुस्, स्क्रिन रेकर्ड, लिंक https://nepalfactcheck.org/wp-content/uploads/2026/02/Facebook-2.mp4 यो तथ्यजाँच गर्दासम्म उक्त भिडिओ एक लाखभन्दा बढी पटक हेरिएको छ। भिडिओमा ३४ सयभन्दा बढी रियाक्सन, ७१ कमेन्ट र १७६ पटक सेयर गरिएको छ। तथ्य के हो ? यो विषयको तथ्यजाँच गर्न हामीले युट्युबमा ‘haraka sampang damak jhapa’ कीवर्ड राखेर खोजी गर्‍यौँ। त्यस क्रममा फेब्रुअरी १७ मा झापाको दमकमा साम्पाङले गरेको भाषणका धेरै भिडिओ फेला परे। त्यसमध्ये मेरो आवाज मिडिया ले ‘बाफ्रे! झापा दमकमा हर्क साम्पाङको खरो गर्जन, केपि र बालेनको सातो लिने भाषण @damakNews’ शीर्षकमा ३४ मिनेट लामो भिडिओ अपलोड गरेको भेटियो। पूरा भिडिओ हेर्न यहाँ क्लिक गर्नुस्। उक्त भिडिओको २१ मिनेट ५० सेकेन्डमा सामपाङले: ‘ल म झापा पाँच बाट भन्न चाहन्छु, झापा पाँचका मतदातालाई, केप",NepalFactCheck.org,https://nepalfactcheck.org/2026/03/harka-sampang-bell-vote-claim-misleading/,,"भारत-पाकिस्तान युद्ध बारे प्रधानमन्त्री ओलीले के भनेका हुन् ? बैशाख ३०, २०८२ यसमा प्रकाशित सबै सामग्री CC BY 4.0 अन्तर्गत छन्। यसलाई NepalFactCheck.org भनेर स्रोत खोलेर पूर्ण वा आशय फरक नपर्ने गरी सम्पादन गरी पुन: प्रकाशन गर्न पाइन्छ। ×",Nepali,,,,,,,,,REFUTES,,,,politics_elections,,,,
గురునానక్ హిందూ-ముస్లిం మతాలను ఒకటిగా చూశారు.,"‘హిందువు లేడు, ముస్లిం లేడు, ఇద్దరూ ఒక్కటే!’ అని బోధించారు.",Sakshi,https://www.sakshi.com/telugu-news/literature/raghavapatnam-ramasimha-kavi-book-revealed-facts-sikh-life-telangana-1798517,,,Telugu,,,,,,,,,Supported,,,,,,,,
बजट 2023 में लैब में विकसित हीरों (Lab-Grown Diamonds) के लिए अनुसंधान सहायता की घोषणा की गई।,केंद्रीय बजट 2023 के भाषण में लैब-ग्रोन डायमंड्स हेतु अनुसंधान एवं नवाचार सहायता की घोषणा की गई।,abplive.com,https://www.abplive.com/gk/union-budget-2023-india-diamonds-will-be-made-in-the-lab-the-luster-will-be-like-natural-diamond-what-is-lab-grown-diamond-2322984,,बजट भाषण से सत्यापित।,Hindi,,,,,,,,,,Supported,,,,,,,
एमालेको प्रदर्शनमा घाइते भएको व्यक्तिको फोटो।,"एमालेको प्रदर्शनमा प्रहरीको कुटाइबाट ढाडमा डाम बसेको दावी गर्दै भाइरल यो फोटो एआई निर्मित हो - Nepal Factcheck ☰ होम हाम्रो बारे मिथ्या सूचना के हो? हाम्रो वर्गीकरणको अर्थ मिथ्या सूचना: के गर्ने? FAQs तथ्यजाँच अनुरोध × होम हाम्रो बारे मिथ्या सूचना के हो? हाम्रो वर्गीकरणको अर्थ मिथ्या सूचना: के गर्ने? FAQs तथ्यजाँच अनुरोध तथ्यजाँच एआई जेनेरेटेड भ्रामक सूचना वागमती सम्बन्धित प्रदेश एमालेको प्रदर्शनमा प्रहरीको कुटाइबाट ढाडमा डाम बसेको दावी गर्दै भाइरल यो फोटो एआई निर्मित हो Home तथ्यजाँच एआई जेनेरेटेड / भ्रामक सूचना सुरज घिमिरे चैत्र १९, २०८२ एमालेको प्रदर्शनमा प्रहरीको कुटाइबाट ढाडमा डाम बसेको दावी गर्दै भाइरल यो फोटो एआई निर्मित हो नेकपा (एमाले) ले आफ्ना अध्यक्ष केपी शर्मा ओलीलाई पक्राउ गरेको विरोधमा गरेको प्रदर्शनमा सहभागी एक व्यक्तिलाई प्रहरीले कुटपिट गर्दा ढाडमा गहिरो चोट लागेको दाबीसहित एउटा फोटो सामाजिक सञ्जालमा भाइरल भएको छ। तर नेपालफ्याक्टचेकले गरेको तथ्य जाँचमा यो फोटो आर्टिफिसियल इन्टेलिजेन्स (एआई) प्रयोग गरेर बनाइएको पुष्टि भएको छ। के हो दावी ? ५ लाख २२ हजारभन्दा बढी सदस्य रहेको ‘रवि लामिछाने – आरएसपी (Rabi Lamichanne-RSP)’ नामक फेसबुक ग्रुपमा बुधबार जङ्गबहादुर राणा नामक एकाउन्टबाट एउटा फोटो पोस्ट गरिएको छ। उक्त फोटोमा निधारमा पट्टी बाँधेका एक व्यक्तिको ढाडभरि कुटपिटका दागहरू देखिन्छ। फोटोमा “यसरी कुट्न पाइन्छ? यसको बदला सरकारसँग लिन्छौँ: एमाले युवा नेता” पनि लेखिएको छ। यो सामग्रीलाई १ हजार ९ सयभन्दा बढी लाइक, १ हजार २ सयभन्दा बढी कमेन्ट र ५० पटकभन्दा बढी सेयर गरिएको छ। हेर्नुहोस्, उक्त पोस्टको स्क्रिनसट : उक्त पोस्टको लिङ्क र अर्काइभ लिङ्क त्यसैगरी एक्समा @ptkums ले एमाले नेता महेश बस्नेतको अकाउन्टबाट पोस्ट भएको यही फोटो सहितको स्क्रिनसट राखेको पोस्टमा १३ हजारभन्दा बढी भ्युज देखिन्छ। हेर्नुस् स्क्रिनसट अर्काइभ लिङ्क। उक्त फोटोलाई विभिन्न फेसबुक पेज तथा एकाउन्टहरूमा पनि अपलोड गरिएको छ। हेर्नुहोस्, भिडियो स्क्रिन रेकर्ड : https://nepalfactcheck.org/wp-content/uploads/2026/04/Google-Search.mp4 के हो तथ्य ? हामीले यस भाइरल फोटोको तथ्य जाँच्न गर्न सबैभन्दा पहिला भिडियोको स्क्रिनसट निकालेर गुगलमा रिभर्स इमेज सर्च गर्‍यौँ। यस क्रममा बाह्रखरी, नेपाल प्रेस र सिधा क",NepalFactCheck.org,https://nepalfactcheck.org/2026/04/uml-protest-ai-generated-photo-fact-check/,,"भ्रामक/एआई जेनेरेटेड । एमालेले आयोजनाको गरेको आन्दोलनमा सहभागी भएको बेला आइतबार उनको टाउकोमा चोट लागेको मिडियाका फोटो र भिडियोबाट पुष्टि हुन्छ। तर, उनको ढाडमा दाग देखिएको कुटपिटको फोटो भने एआईबाट सम्पादित हो।",Nepali,,,,,,,,,REFUTES,,,,finance_investment,,,,
حکومت نے قتل کے معاملے میں انصاف فراہم نہ کرنے کی صورت میں تحریک چلانے کی دھمکی دی ہے۔,انقلاب مچو نے دعویٰ کیا ہے کہ اگر حکومت انصاف فراہم نہیں کرتی تو وہ یونس کی قیادت میں عارضی حکومت کے خلاف تحریک شروع کریں گے۔ انہوں نے یہ بھی کہا کہ ہادی کے قتل کے معاملے میں 30 دن کا الٹی میٹم دیا گیا تھا، جس پر حکومت نے کوئی عمل نہیں کیا۔,Munsif Daily (Urdu) - منصف ڈیلی، حیدرآباد,https://munsifdaily.com/bangladesh-yunus-govt-had-osman-hadi-killed/,,یہ مضمون بتاتا ہے کہ تحریک چلانے کی دھمکی دی گئی ہے، لیکن اس میں کوئی ایسی معلومات نہیں کہ یہ حقیقت میں عمل میں آئے گی یا نہیں۔,Urdu,,,,,,,,,Not Supported,,,,,,,,
RBI ने 28 जनवरी 2014 को रेपो दर घटाकर 7.75% कर दी।,"आधिकारिक रिकॉर्ड के अनुसार इस तिथि को दर बढ़ाकर 8.00% की गई थी, इसके विपरीत नहीं।",RBI Repo Rate History (freefincal / stableinvestor),https://freefincal.com/rbi-repo-rate-history/,,प्रकाशित रेपो दर तालिका इस दावे का खंडन करती है।,Hindi,,,,,,,,,,Not Supported,,,,,,,
नक्कली भुटानी शरणार्थी प्रकरणमा काठमाडौं जिल्ला अदालतबाट दोषी ठहर भएकाहरुको विवरण फरक-फरक दावी,"नक्कली भुटानी शरणार्थी प्रकरण : मूलधारकै मिडियाबाट प्रकाशित समाचार भ्रामक - Nepal Factcheck ☰ होम हाम्रो बारे मिथ्या सूचना के हो? हाम्रो वर्गीकरणको अर्थ मिथ्या सूचना: के गर्ने? FAQs तथ्यजाँच अनुरोध × होम हाम्रो बारे मिथ्या सूचना के हो? हाम्रो वर्गीकरणको अर्थ मिथ्या सूचना: के गर्ने? FAQs तथ्यजाँच अनुरोध तथ्यजाँच भ्रामक सूचना वागमती नक्कली भुटानी शरणार्थी प्रकरण : मूलधारकै मिडियाबाट प्रकाशित समाचार भ्रामक Home तथ्यजाँच भ्रामक सूचना टेकमान शाक्य असार २६, २०८३ नक्कली भुटानी शरणार्थी प्रकरण : मूलधारकै मिडियाबाट प्रकाशित समाचार भ्रामक नक्कली भुटानी शरणार्थी प्रकरणमा काठमाडौं जिल्ला अदालतबाट भएको आदेशलाई लिएर नेपालका मूलधारका छापा तथा अनलाइन सञ्चारमाध्यमहरूले फरक-फरक संख्यात्मक विवरणसहितका समाचार प्रकाशित गरेका छन् । केही सञ्चारमाध्यमले अदालतको उक्त आदेश नै अन्तिम फैसला भएको दाबीसमेत गरेका छन् । तर, नेपालफ्याक्टचेकको तथ्य-जाँचका क्रममा काठमाडौं जिल्ला अदालतबाट १६ जना दोषी ठहर भएको, ७ जनाले सफाइ पाएको र फरार रहेका ८ जना प्रतिवादीको हकमा पछि कारबाही अघि बढाउने गरी मुद्दा मुल्तबीमा राखिएको पुष्टि भएको छ । साथै, अदालतको यो आदेश अन्तिम फैसला होइन । के हो दावी ? काठमाडौं जिल्ला अदालतको आदेश सार्वजनिक भएपछि नेपालका प्रमुख तीन सञ्चारमाध्यमले फरक-फरक दाबीसहित समाचार सम्प्रेषण गरे। गोरखापत्र दैनिक: सरकारी सञ्चारमाध्यम गोरखापत्र दैनिकले पूर्वमन्त्रीसहित २३ जना दोषी ठहर भएको दाबी गर्‍यो । गोरखापत्रले सफाइ पाउने बाहेक, फरार रहेका र मुद्दा मुल्तबीमा गएका प्रतिवादीहरूलाई समेत दोषीकै संख्यामा गनेर २३ पुर्‍याएको देखिन्छ । हेर्नुहोस् गोरखापत्र दैनिकमा प्रकाशित समाचारको स्कृनसट गोरखापत्र दैनिकको पीडिएफ अर्काइभ लिंक यहाँ छ भने गोरखापत्रअनलाइनको अर्काइभ लिंक यहाँ छ । कान्तिपुर दैनिक: कान्तिपुरले १४ जना दोषी ठहर भएको, ७ जनाले सफाइ पाएको र फरारको मुद्दा मुल्तबीमा राखिएको दाबी गर्‍यो । तर, कान्तिपुरको समाचारमा दोषी, सफाइ वा मुल्तबी कतै पनि आरोपी बेचन झाको नाम उल्लेख गरिएको छैन । हेर्नुहोस् कान्तिपुर दैनिकको स्कृनसट कान्तिपुरको ओरिजिनल लिंक यहाँ छ भने अर्काइभ लिंक यहाँ छ । अनलाइनखबर: अनलाइनखबरले ३० जना अभियुक्तमध्ये ७ जनालाई सफाइ दिएर अरू सबै (२३ जना) लाई दोषी ठहर गरेको दाबी गर्‍यो । साथै, समाचारम",NepalFactCheck.org,https://nepalfactcheck.org/2026/07/mainstream-media-publish-conflicting-claims-on-fake-bhutanese-refugee-case/,,"भ्रामक (misleading)। काठमाडौं जिल्ला अदालतको १५ पृष्ठ लामो आदेश अनुसार यस प्रकरणमा १६ जना दोषी ठहर भएका हुन्, ७ जनाले सफाइ पाएका हुन् र ८ जना फरारको मुद्दा मुल्तबीमा राखिएको हो । सञ्चारमाध्यमहरूले मुल्तबीमा रहेकालाई पनि दोषीमा गनेर वा अभियुक्तको नाम छुटाएर फरक संख्या लेखेका हुन् । साथै, सजाय निर्धारण हुन बाँकी रहेको र पुनरावेदनको अधिकार सुरक्षित रहेकाले यो आदेश अन्तिम फैसला होइन ।",Nepali,,,,,,,,,REFUTES,,,,politics_elections,,,,
ప్రతి రోజు ఎనిమిది గంటలు కచ్చితంగా నిద్రపోవాలి.,నిద్ర అవసరం వ్యక్తి వయస్సును బట్టి మారుతుంది.,CDC,https://www.cdc.gov/sleep,,,Telugu,,,,,,,,,,,,,,,,Not Supported,Not Supported
مشترکہ انشورنس پالیسی ہر جوڑے کے لیے بہترین انتخاب ہے۔,مشترکہ پالیسی کے کئی فوائد ہیں، جیسے کہ کم پریمیم اور آسان انتظام۔ تاہم، بعض حالات میں انفرادی پالیسی لینا زیادہ فائدہ مند ہو سکتا ہے، جیسے مختلف کوریج کی ضرورت یا علیحدگی کی صورت میں تحفظ۔,Inquilab (Urdu) - انقلاب، ممبئی,https://www.inquilab.com/blog/articles/joint-life-insurance-vs-individual-plans-which-is-better-for-married-couples-85654,,ایویڈنس بتاتا ہے کہ مشترکہ پالیسی کے فوائد ہیں، لیکن ہر جوڑے کے لیے یہ بہترین انتخاب نہیں ہو سکتا، جس کی وجہ سے اس دعوے کی تصدیق یا تردید نہیں کی جا سکتی۔,Urdu,,,,,,,,,Not Enough Information (NEI),,,,,,,,
حوثی ملیشیا نے معاہدے کی خلاف ورزی کرتے ہوئے فوجی پریڈ منعقد کی ہے۔,اقوام متحدہ کے مشن نے حوثی ملیشیا پر الزام لگایا ہے کہ وہ الحدیدہ معاہدے کی خلاف ورزی کر رہی ہے۔ حال ہی میں حوثی ملیشیا نے ایک فوجی پریڈ کا انعقاد کیا، جس پر اقوام متحدہ نے سخت تشویش کا اظہار کیا۔,The Siasat Daily (Urdu) - سیاست ڈیلی، حیدرآباد,https://urdu.siasat.com/news/%d8%ad%d9%88%d8%ab%db%8c-%d8%a7%d9%84%d8%ad%d8%af%db%8c%d8%af%db%81-%d9%85%d8%b9%d8%a7%db%81%d8%af%db%81-%da%a9%db%8c-%d8%ae%d9%84%d8%a7%d9%81-%d9%88%d8%b1%d8%b2%db%8c-%da%a9%db%92-%d9%85%d8%b1%d8%aa-1405485/,,مضمون میں حوثی ملیشیا کی فوجی پریڈ کی مخالفت کی گئی ہے، لیکن یہ واضح نہیں ہے کہ آیا انہیں واقعی معاہدے کی خلاف ورزی کرنے کے قانونی نتائج کا سامنا کرنا چاہئے یا نہیں۔,Urdu,,,,,,,,,Not Supported,,,,,,,,
"अगस्त 2022 में GST संग्रह ₹1,43,612 करोड़ दर्ज।",GST संग्रह ₹1.43 लाख करोड़ से अधिक रहा।,Ministry of Finance,,,,Hindi,,,,https://pib.gov.in/PressReleasePage.aspx?PRID=1855909,Supported,PIB राजस्व विज्ञप्ति से सत्यापित।,,,,,,,,,,,
షేర్ స్ప్లిట్ (Stock Split) చేసినప్పుడు షేర్ల సంఖ్య పెరుగుతుంది మరియు ఫేస్ వాల్యూ అనుపాతంలో తగ్గుతుంది.,చిన్న ఇన్వెస్టర్లకు షేర్ ధర అందుబాటులోకి తేవడానికి ఫేస్ వాల్యూని రూ. 10 నుండి రూ. 2 లేదా రూ. 1 కి కుదిస్తారు.,SEBI,https://www.sebi.gov.in,,,Telugu,,,,,,,Supported,,,,,,,,,,
डेरावालाले कोठाभाडा घरबेटीलाई नभई सिधै सरकारको खातामा जम्मा गर्नुपर्ने व्यवस्था लागू हुँदैछ।,"घरभाडा घरबेटीलाई नभई सरकारको खातामा हाल्नुपर्ने दावी यसकारण भ्रामक - Nepal Factcheck ☰ होम हाम्रो बारे मिथ्या सूचना के हो? हाम्रो वर्गीकरणको अर्थ मिथ्या सूचना: के गर्ने? FAQs तथ्यजाँच अनुरोध × होम हाम्रो बारे मिथ्या सूचना के हो? हाम्रो वर्गीकरणको अर्थ मिथ्या सूचना: के गर्ने? FAQs तथ्यजाँच अनुरोध तथ्यजाँच भ्रामक सूचना वागमती घरभाडा घरबेटीलाई नभई सरकारको खातामा हाल्नुपर्ने दावी यसकारण भ्रामक Home तथ्यजाँच भ्रामक सूचना टेकमान शाक्य जेष्ठ ५, २०८३ घरभाडा घरबेटीलाई नभई सरकारको खातामा हाल्नुपर्ने दावी यसकारण भ्रामक केही दिनदेखि सामाजिक सञ्जालमा डेरावालाले कोठाभाडा सिधै सरकारको खातामा जम्मा गर्नुपर्ने र सरकारले कर कट्टा गरेर मात्र बाँकी रकम घरधनीलाई दिने व्यवस्था लागू हुन लागेको दाबी फैलिएको छ। तर नेपाल फ्याक्टचेकको तथ्यजाँचमा यो दाबी भ्रामक भएको पुष्टि भएको छ। के हो दावी ? २ लाख ३० हजार फलोअर्स रहेको वेबसञ्चार नामक फेसबुक पेजमा सन् २०२६ को मे १ मा एउटा २५ सेकेन्डको भिडियो क्लिप पोस्ट गरियो। भिडियोमा सरकारले घरभाडा व्यवस्थित बनाउन नयाँ नीति तयार पारेको र अबदेखि डेरावालाले घरबेटीलाई नभई सिधै सरकारको खातामा कोठाभाडा जम्मा गर्नुपर्ने दाबी गरिएको छ। सरकारले १० प्रतिशत कर कट्टा गरेर बाँकी रकम घरधनीको खातामा पठाइदिने तयारी गरेको भिडियोमा उल्लेख छ। हेर्नुहोस् Websanchar को स्क्रिन रेकर्ड https://nepalfactcheck.org/wp-content/uploads/2026/05/web-sanchar.mp4 वेब संचारको लिंक यहाँ छ भने अर्काइभ लिंक यहाँ छ । यही दाबीसहितको २९ सेकेन्डको भिडियो क्लिप Gen Khabar नामक फेसबुक पेजमा सन् २०२६ को मे २ मा पोस्ट भयो भने २९ लाख फलोअर्स रहेको Nepali Maan TV ले पनि मे ४ मा तस्बिरसहित यही व्यहोरा सार्वजनिक गर्‍यो। हेर्नुहोस् Gen Khabar को स्क्रिनसट जेन खबरको लिंक यहाँ छ भने अर्काइभ लिंक यहाँ छ । Nepali Maan TV को लिंक यहाँ छ । दाबीको प्रभाव Websanchar भिडियो: २३ लाखभन्दा बढी भ्युज, ७४ हजारभन्दा बढी रियाक्सन, २,५०० कमेन्ट र २,२०० सेयर। Gen Khabar भिडियो: ७ लाख ३८ हजारभन्दा बढी भ्युज, ३७ हजारभन्दा बढी रियाक्सन र ८६३ कमेन्ट। Nepali Maan TV पोस्ट: १,३०० भन्दा बढी रियाक्सन, १३४ कमेन्ट र ४८ सेयर। यो दाबीले व्यापक अन्योल बनाएपछि हामीलाई तथ्यजाँचका लागि अनुरोध आएको थियो। के हो तथ्य ? १. समाचारको स्रोत र स",NepalFactCheck.org,https://nepalfactcheck.org/2026/05/claim-that-rent-must-be-paid-to-government-instead-of-landlords-is-misleading/,,"भारत-पाकिस्तान युद्ध बारे प्रधानमन्त्री ओलीले के भनेका हुन् ? बैशाख ३०, २०८२ यसमा प्रकाशित सबै सामग्री CC BY 4.0 अन्तर्गत छन्। यसलाई NepalFactCheck.org भनेर स्रोत खोलेर पूर्ण वा आशय फरक नपर्ने गरी सम्पादन गरी पुन: प्रकाशन गर्न पाइन्छ। ×",Nepali,,,,,,,,,REFUTES,,,,finance_investment,,,,
بھارت میں کسی بھی دہشت گرد تنظیم کو برداشت نہیں کیا جائے گا۔,مدھیہ پردیش کے وزیر داخلہ ناروتتم مشرا نے کہا کہ اگر القاعدہ بھارت پر حملہ کرنے کا سوچتی ہے تو اسے ختم کر دیا جائے گا۔ انہوں نے یہ بھی واضح کیا کہ ملک وزیراعظم نریندر مودی کی قیادت میں محفوظ ہے۔,Munsif Daily (Urdu) - منصف ڈیلی، حیدرآباد,https://munsifdaily.com/al-qaeda-should-stay-in-limits-mp-home-minister/,,وزیر داخلہ کا بیان یہ ظاہر کرتا ہے کہ حکومت دہشت گرد تنظیموں کے خلاف سخت موقف اختیار کر رہی ہے، لیکن مضمون میں کسی دہشت گرد تنظیم کی موجودگی کی تصدیق نہیں کی گئی۔,Urdu,,,,,,,,,Not Supported,,,,,,,,
Rai_राई नामक फेसबुक पेज,"नुवाकोटमा रास्वपालाई लखेटे भन्दै भाइरल भिडियो जाजरकोटको खेलकुद प्रतियोगिताको - Nepal Factcheck ☰ होम हाम्रो बारे मिथ्या सूचना के हो? हाम्रो वर्गीकरणको अर्थ मिथ्या सूचना: के गर्ने? FAQs तथ्यजाँच अनुरोध × होम हाम्रो बारे मिथ्या सूचना के हो? हाम्रो वर्गीकरणको अर्थ मिथ्या सूचना: के गर्ने? FAQs तथ्यजाँच अनुरोध तथ्यजाँच कर्णाली भ्रामक सूचना नुवाकोटमा रास्वपालाई लखेटे भन्दै भाइरल भिडियो जाजरकोटको खेलकुद प्रतियोगिताको Home तथ्यजाँच भ्रामक सूचना पवित्रा पराजुली माघ २६, २०८२ नुवाकोटमा रास्वपालाई लखेटे भन्दै भाइरल भिडियो जाजरकोटको खेलकुद प्रतियोगिताको पछिल्लो केही दिनयता नुवाकोटमा राष्ट्रिय स्वतन्त्र पार्टी (रास्वपा)का कार्यकर्ता लखेटिएको भन्दै एउटा भिडियो सामाजिक सञ्जालमा भाइरल बनेको छ । तर, हाम्रो तथ्य जाँचले उक्त भिडियो नुवाकोटको नभई जाजरकोटको राष्ट्रपति रनिङ शिल्ड तथा सातौं मेयर कप प्रतियोगिताको क्रमको भएको पुष्टि गरेको छ । के हो दाबी ? Rai_राई नामक फेसबुक पेजमा फेब्रुअरी २ तारिख सोमबार दिउँसो ३ः७ बजे एउटा भिडियो पोस्ट गरिएको छ । ‘नुवाकोटमा रास्वपालाई लखेटे’ लेखिएको भिडियोसँगै पोस्टमा यस्तो लेखिएको छ, ‘देशै भरिबाट यसरी नै लखेट्नु पर्छ । भ्रमको खेती गर्ने पार्टीलाई’। १३ हजार फलोअर्स भएको उक्त पेजमा राखिएको १ मिनेट ५ सेकेन्ड लामो भिडियोमा एक सार्वजनिक कार्यक्रममा केही युवाहरूबीच झडप भएको र प्रहरीले नियन्त्रणमा लिन खोजेको देखिन्छ । हामीले तथ्य जाँच गर्दै गर्दा उक्त भिडियोमा ६ हजार ६ सय लाइक, एक हजार तीन सय कमेन्ट र एक हजार ६ सय पटक शेयर गरिएको छ । उक्त भिडियोलाई पाँच लाख २७ हजार बढी पटक हेरिएको छ । हेर्नुहोस्, उक्त भिडियोको स्क्रिन रेकर्ड : https://nepalfactcheck.org/wp-content/uploads/2026/02/365ed007-b548-45a6-a799-a990762d3d35.mp4 सोही भिडियोको लिङ्क र अर्काइभ लिङ्क । के हो तथ्य ? हामीले तथ्य जाँचको क्रममा भाइरल उक्त भिडियोबाट केही फ्रेमहरू निकालेर गुगलमा रिजर्भ इमेज सर्च गर्यौ । यसरी खोज्ने क्रममा लाल बहादुर गिरी नामक फेसबुक प्रयोगकर्ताले फेब्रुअरी २ तारिख बिहान ८ः५८ बजे सोही भिडियोलाई अपलोड गरेको फेला पार्यौ । जहाँ उनले क्याप्सनमा लेखेका छन्, ‘जाजरकोट नलगाड नगरपालिका वडा ५ सिर्केमा जेन्जीहरूले हाम्रा मेयर ज्यूलाई पनि छोडेनन्’ । गिरीले फेसबुकमा अपलोड गरेको भिडियोको स्क्रि",NepalFactCheck.org,https://nepalfactcheck.org/2026/02/nuwakot-rsp-misinformation/,,भ्रामक । उक्त भिडियो नुवाकोटको नभई जाजरकोटमा राष्ट्रपति रनिङ शिल्ड तथा सातौं मेयर कप प्रतियोगिताको क्रमको भएको हाम्रो तथ्य जाँचले पुष्टि गरेको छ ।,Nepali,,,,,,,,,REFUTES,,,,politics_elections,,,,
క్రమం తప్పకుండా కంటి పరీక్షలు చేయించుకోవాలి.,కంటి వ్యాధులను ముందుగా గుర్తించవచ్చు.,AAO,https://www.aao.org,,,Telugu,,,,,,,,,,,,,,,,Supported,Supported
ਦਿਲਜੀਤ ਦੋਸਾਂਝ ਦੀ ਨਵੀਂ ਫਿਲਮ ਨੇ ਪਹਿਲੇ ਦਿਨ 20 ਕਰੋੜ ਦੀ ਕਮਾਈ ਕੀਤੀ।,ਬਾਕਸ ਆਫਿਸ ਰਿਪੋਰਟਾਂ ਅਨੁਸਾਰ ਦਿਲਜੀਤ ਦੋਸਾਂਝ ਦੀ ਫਿਲਮ ਨੇ ਓਪਨਿੰਗ ਡੇਅ 'ਤੇ ਵਾਕਈ 20 ਕਰੋੜ ਕਮਾਏ ਹਨ।,Ajit Web TV,https://www.ajitjalandhar.com/?id=10334,,,Punjab,,,,,,,,,,,,,,Supported,,,
अमेरिकी राष्ट्रपति डोनल्ड ट्रम्पले काठमाडौँ महानगरपालिकाको मेयर बालेन्द्र शाहको फेसबुक स्टायटसको प्रतिक्रिया दिए।,"नझुक्किनुस्, ट्रम्पले बालेनलाई प्रतिक्रिया दिएका होइनन्, भाइरल भिडियो एआईबाट बनाइएको - Nepal Factcheck ☰ होम हाम्रो बारे मिथ्या सूचना के हो? हाम्रो वर्गीकरणको अर्थ मिथ्या सूचना: के गर्ने? FAQs तथ्यजाँच अनुरोध × होम हाम्रो बारे मिथ्या सूचना के हो? हाम्रो वर्गीकरणको अर्थ मिथ्या सूचना: के गर्ने? FAQs तथ्यजाँच अनुरोध तथ्यजाँच मिथ्या सूचना वागमती सम्बन्धित प्रदेश नझुक्किनुस्, ट्रम्पले बालेनलाई प्रतिक्रिया दिएका होइनन्, भाइरल भिडियो एआईबाट बनाइएको Home तथ्यजाँच मिथ्या सूचना सागर बुढाथोकी फाल्गुन ११, २०८१ नझुक्किनुस्, ट्रम्पले बालेनलाई प्रतिक्रिया दिएका होइनन्, भाइरल भिडियो एआईबाट बनाइएको अमेरिकी राष्ट्रपति डोनल्ड ट्रम्पले काठमाडौँ महानगरपालिकाका मेयर बालेन शाहले आफूलाई ट्याग गर्दै लेखेको फेसबुक स्टायटसको जवाफ दिएको दावी गरिएको एउटा भिडियो सामाजिक सञ्जालमा भाइरल भएको छ। हाम्रो तथ्यजाँचले सो भिडियो एआई प्रविधि उपयोग गरी जोसुकैले बनाउन सक्ने गरी सार्वजनिक रुपमा उपलब्ध वेबसाइटबाट तयार पारेको देखिएको छ। ट्रम्पले बालेनको नाम लिएर केही भनेका छैनन्। के छ दावी ? ८६ हजार फलोअर्स रहेको कोपिला भट्टराई नामक फेसबुक पेजमा फेब्रुअरी २२ मा पोस्ट गरिएको भिडियोमा अमेरिकी राष्ट्रपति ट्रम्पले काठमाडौँका मेयर बालेन शाहको नाम लिएर बोलिरहेको हेर्न सकिन्छ। भाषणमा ट्रम्पले भनेका छन्, ‘Dear mayor balen. Tremendous message. Fantastic that you are a strong leader. Kathmandu is a beautiful city . great potential, great people. I love winner, you have got that energy, big energy. America is still the greatest. I respect leaders who want to build their own nation. Strong nation, strong leadership, just like me. Leep working hard. Make Nepal great. Who knows I will visit some days. There are huge possibilities’ हेर्नुस्, स्क्रिनरेकर्ड https://nepalfactcheck.org/wp-content/uploads/2025/02/Facebook-7.mp4 भिडियोमा ‘बालेन त्यसै बालेन भएका होइनन्, स्टायटसले डोनल्ड ट्रम्प झुकिसकेछन्’ समेत लेखिएको छ। हामीले तथ्यजाँच गर्दासम्म उक्त भिडियोमा ११ हजार रियाक्सन, ६ सयभन्दा बढी कमेन्ट छन् भने भिडियो ७ हजार ३ सय पटक सेयर गरिएको छ। सोही भिडियो ENT NEPAL मा ४ हजार ६ सय पटक सेयर भएको छ। टिकटकमा अजय यादव अफिसियल को यस्तै भ",NepalFactCheck.org,https://nepalfactcheck.org/2025/02/trump-response-balen-shah-deepfake-video-fact-check/,,मिथ्या सूचना। अमेरिकी राष्ट्रपति डोनाल्ड ट्रम्पले काठमाडौँका मेयर बालेन शाहलाई प्रतिक्रिया दिएको भनिएको भिडियो एआई प्रविधिबाट बनाइएको नक्कली हो। उनले बालेनलाई जवाफ दिएका छैनन्।,Nepali,,,,,,,,,REFUTES,,,,finance_investment,,,,
కొత్త ఆదాయపు పన్ను విధానంలో (New Tax Regime) రూ. 7 లక్షల వరకు నికర ఆదాయం ఉన్న వారికి సెక్షన్ 87A కింద పన్ను రిబేట్ లభిస్తుంది.,2023 కేంద్ర బడ్జెట్ సవరణల ప్రకారం కొత్త విధానంలో రూ. 7 లక్షల వరకు పన్ను బాధ్యత సున్నా అవుతుంది.,CBDT / Ministry of Finance,https://www.incometaxindia.gov.in,,,Telugu,,,,,,,Supported,,,,,,,,   ,,
2008 में भारत सरकार ने 500 और 1000 रुपये के नोटों को रातों-रात बंद कर दिया था।,2008 में नोटबंदी की कोई घोषणा नहीं की गई थी। भारत में नोटबंदी 8 नवंबर 2016 को लागू हुई थी।,RBI Archives,https://www.rbi.org.in/commonman/english/Scripts/Notification.aspx?Id=1938&utm,,,Hindi,,,,,,,Not Supported,,,,,,,,,,
जनवरी 2022 में CPI बढ़कर 6.01% हो गई।,NSO के अनुसार जनवरी 2022 में CPI आधारित महंगाई 6.01% रही।,MOSPI,,,,Hindi,,,,https://mospi.gov.in/sites/default/files/press_release/CPI%20Press%20Release%20January%202022.pdf,Supported,आधिकारिक सांख्यिकी रिकॉर्ड दावे की पुष्टि करता है।,,,,,,,,,,,
మహమ్మద్ గజనీ 17 సార్లు ఉత్తర భారతదేశంపై దండెత్తి విజయం సాధించాడు.,11వ శతాబ్దంలో మహమ్మద్ గజనీ 17 సార్లు దండెత్తి విజయం సాధించాడు. ముస్లిం పాలకులు పలు హిందూ ఆలయాలను ధ్వంసం చేసి ధనరాశులను కొల్లగొట్టారు.,Eenadu,https://www.eenadu.net/telugu-article/education/general/0310/125157517,,,Telugu,,,,,,,,,Supported,,,,,,,,
ਰੌਸ਼ਨ ਪ੍ਰਿੰਸ ਨੇ ਅਮਰੀਕਾ ਵਿੱਚ ਆਪਣੇ ਨਵੇਂ ਸੰਗੀਤਕ ਟੂਰ ਦਾ ਐਲਾਨ ਕੀਤਾ ਹੈ।,"ਅਧਿਕਾਰਤ ਸੋਸ਼ਲ ਮੀਡੀਆ ਹੈਂਡਲ ਮੁਤਾਬਕ, ਰੌਸ਼ਨ ਪ੍ਰਿੰਸ ਨੇ ਅਮਰੀਕਾ ਟੂਰ ਦੀ ਪੁਸ਼ਟੀ ਕੀਤੀ ਹੈ।",ABP Sanjha,https://punjabi.abplive.com/?id=10427,,,Punjab,,,,,,,,,,,,,,Supported,,,
റാണി മുഖർജി 'മിസിസ് ചാറ്റർജി വേഴ്സസ് നോർവേ' എന്ന ചിത്രത്തിന് 71-ാമത് ദേശീയ ചലച്ചിത്ര അവാർഡിൽ മികച്ച നടിക്കുള്ള പുരസ്കാരം നേടി.,യഥാർത്ഥ സംഭവത്തെ അടിസ്ഥാനമാക്കിയുള്ള കസ്റ്റഡി പോരാട്ട കഥയിലെ പ്രകടനത്തിനാണ് അവാർഡ് ലഭിച്ചത്.,Gulf News,,,റാണി മുഖർജി 'മിസിസ് ചാറ്റർജി വേഴ്സസ് നോർവേ'യിലെ പ്രകടനത്തിന് 71-ാമത് ദേശീയ ചലച്ചിത്ര അവാർഡിൽ മികച്ച നടിക്കുള്ള പുരസ്കാരം നേടിയെന്ന് Gulf News സ്ഥിരീകരിക്കുന്നു.,Malayalam,,,,,,,,,Supported,,,https://gulfnews.com/entertainment/bollywood/national-film-awards-shah-rukh-khan-rani-mukerji-vikrant-massey-win-top-honours-1.500219515,,,,,
అన్ని జ్వరం వచ్చిన వారికి IV సలైన్ అవసరం.,జ్వరానికి చికిత్స కారణాన్ని బట్టి ఉంటుంది.,MedlinePlus,https://medlineplus.gov/fever.html,,,Telugu,,,,,,,,,,,,,,,,Not Supported,Not Supported
پون کلیان کرناٹک اسمبلی انتخابات میں بی جے پی کے ساتھ انتخابی مفاہمت کے لئے تیار ہیں۔,پون کلیان نے بی جے پی کے قومی صدر جے پی نڈا سے ملاقات کے بعد آندھرا پردیش میں انتخابی مفاہمت کا بھروسہ دلایا ہے۔ ان کی بی جے پی قائدین سے ملاقات نے مفاہمت کے امکانات کو تقویت بخشی ہے۔,The Siasat Daily (Urdu) - سیاست ڈیلی، حیدرآباد,https://urdu.siasat.com/news/%da%a9%d8%b1%d9%86%d8%a7%d9%b9%da%a9-%d9%85%db%8c%da%ba-%d9%be%d9%88%d9%86-%da%a9%d9%84%db%8c%d8%a7%d9%86-%da%a9%db%8c-%d8%a8%db%8c-%d8%ac%db%92-%d9%be%db%8c-%da%a9%db%8c%d9%84%d8%a6%db%92-%d8%a7-1456180/,,یہ ثبوت اس بات کی تصدیق کرتا ہے کہ پون کلیان بی جے پی کے ساتھ انتخابی مفاہمت کے حق میں ہیں، جیسا کہ مضمون میں بیان کیا گیا ہے۔,Urdu,,,,,,,,,Supported,,,,,,,,
ਪ੍ਰਸਿੱਧ ਅਦਾਕਾਰ ਗੁਰੂ ਰੰਧਾਵਾ ਨੂੰ ਬਾਲੀਵੁੱਡ ਫਿਲਮ ਲਈ ਸਾਈਨ ਕੀਤਾ ਗਿਆ ਹੈ।,ਪ੍ਰੋਡਕਸ਼ਨ ਹਾਊਸ ਨੇ ਪ੍ਰੈਸ ਨੋਟ ਜਾਰੀ ਕਰਕੇ ਗੁਰੂ ਰੰਧਾਵਾ ਦੇ ਇਸ ਪ੍ਰੋਜੈਕਟ ਵਿੱਚ ਸ਼ਾਮਲ ਹੋਣ ਦੀ ਪੁਸ਼ਟੀ ਕੀਤੀ ਹੈ।,Jagbani,https://punjabi.bollywoodtadka.in/?id=10301,,,Punjab,,,,,,,,,,,,,,Supported,,,
దేశీయ పరిశ్రమలను విదేశీ చవక దిగుమతుల నుండి కాపాడటానికి విధించే పన్నును 'యాంటీ-డంపింగ్ డ్యూటీ' (Anti-Dumping Duty) అంటారు.,స్వదేశీ విపణి కంటే తక్కువ ధరకు విదేశీ కంపెనీలు సరుకులు అమ్మితే సరిచేసేందుకు ఈ పన్ను వేస్తారు.,Ministry of Commerce / CBIC,https://www.cbic.gov.in,,,Telugu,,,,,,,Supported,,,,,,,,,,
गगन कुमार थापा सर्लाही क्षेत्र नं. ४ का जनताबाट लखेटिएको भन्दै गरिएको दाबी । दावी कर्ता : मिस पवि ४१ नामक फेसबुक पेज ।,"नपत्याउनुस्, गगन थापालाई सर्लाही-४ का जनताले लखेटेको फोटो सही होइन - Nepal Factcheck ☰ होम हाम्रो बारे मिथ्या सूचना के हो? हाम्रो वर्गीकरणको अर्थ मिथ्या सूचना: के गर्ने? FAQs तथ्यजाँच अनुरोध × होम हाम्रो बारे मिथ्या सूचना के हो? हाम्रो वर्गीकरणको अर्थ मिथ्या सूचना: के गर्ने? FAQs तथ्यजाँच अनुरोध एआई जेनेरेटेड तथ्यजाँच मधेश मिथ्या सूचना नपत्याउनुस्, गगन थापालाई सर्लाही-४ का जनताले लखेटेको फोटो सही होइन Home तथ्यजाँच एआई जेनेरेटेड / मिथ्या सूचना सुरज घिमिरे माघ १४, २०८२ नपत्याउनुस्, गगन थापालाई सर्लाही-४ का जनताले लखेटेको फोटो सही होइन नेपाली कांग्रेसका सभापति तथा सर्लाही क्षेत्र नं. ४ बाट आगामी प्रतिनिधि सभा सदस्य निर्वाचनका उम्मेदवार गगनकुमार थापा जनताबाट लखेटिएको दावी गरिएका फोटो सामाजिक सञ्जालमा देखिएको छ। तर, हाम्रो तथ्य जाँचले त्यो फोटो एआई निर्मित मिथ्या भएको पुष्टि गरेको छ। के हो दाबी ? मिस पबि ४१ (Miss Pabi 41) नामको फेसबुक पेजमा मंगलबार बिहान नेपाली कांग्रेसका सभापति तथा सर्लाही क्षेत्र नं. ४ बाट प्रतिनिधि सभा सदस्य निर्वाचनका उम्मेदवार गगनकुमार थापालाई प्रहरीले समातेको र वरपर मानिसहरूको भीड लागेको फोटो सार्वजनिक भयो। शीर्षकमा लेखिएको छ, ‘भोट माग्न जाँदा सर्लाही ४ का जनताबाट गगन थापा लखेटिए, सही कि गलत कमेन्ट गर्नुहोला।’ उक्त फेसबुक पोस्टमा हामीले तथ्य जाँच गर्दासम्म तीन हजार ३ सय बढी लाइक, एक हजार ६ सय कमेन्ट र एक सय ५१ पटक शेयर गरिएको छ। हेर्नुहोस् स्क्रिनसट- उक्त फेसबुकमा पोस्ट गरिएको फोटोको लिङ्क : के हो तथ्य ? हामीले उक्त दाबीको तथ्य जाँचको क्रममा गगन थापा जनताबाट लखेटिएको कुनै पनि समाचार फेला पार्न सकेनौँ। त्यसपछि हामीले गुगलबाट Synth ID पनि परीक्षण गर्‍यौँ। गुगलको Synth ID Check भनेको गुगलले विकास गरेको SynthID प्रविधि हो, जसले एआईले बनाएको फोटो, अडियो, भिडियो वा टेक्स्टमा अदृश्य डिजिटल वाटरमार्क राख्छ र त्यसको माध्यमबाट सामग्री एआई जेनेरेटेड हो कि होइन भनेर पहिचान गर्न मद्दत गर्छ। गुगलले यो फोटोमा अदृश्य वाटरमार्क रहेको देखायो। यसको अर्थ हो- फोटो एआईबाट बनेको पुष्टि हुनु। त्यसपछि हामीले उक्त तस्वीरलाई इमेजह्विस्पररमा जाँच गर्‍यौँ। इमेज ह्विस्पररले उक्त तस्वीर एआई निर्मित भएको पुष्टि गर्‍यो। हेर्नुहोस्, इमेज ह्विस्पररमा गरिएको तस्वीर जाँचको नतिजा : हा",NepalFactCheck.org,https://nepalfactcheck.org/2026/01/gagan-thapa-viral-photo/,,मिथ्या सूचना। गगनकुमार थापा सर्लाही क्षेत्र नं. ४ का जनताबाट लखेटिएको भन्दै दाबीका साथ भाइरल भएको फोटो एआई निर्मित हो।,Nepali,,,,,,,,,REFUTES,,,,politics_elections,,,,
గజనీ మహమూద్ సోమనాథ్ నుంచి సంపద దోచుకున్నాడు.,ఆలయం సీసం స్తంభాలపై నిర్మించారు. వేలాది మంది చనిపోయారు.,BBC News తెలుగు,https://www.bbc.com/telugu/articles/c6pekq65n4wo,,,Telugu,,,,,,,,,Supported,,,,,,,,
बैक्टीरियल मेनिनजाइटिस से बचने वाले हर व्यक्ति में सुनने की स्थायी हानि होती है।,"डब्ल्यूएचओ दीर्घकालिक प्रभावों में सुनने की हानि को शामिल करता है, लेकिन यह हर जीवित बचे व्यक्ति में नहीं बताता।",World Health Organization (WHO),https://www.who.int/news-room/fact-sheets/detail/meningitis,NOT ENOUGH INFORMATION,"स्रोत संबंधित विषय की जानकारी देता है, लेकिन दावे में जोड़ा गया विशिष्ट सार्वभौमिक नियम/समय/मात्रा निर्णायक रूप से स्थापित नहीं करता; इसलिए NEI है।",Hindi,,,,,,,,,,,,,,,,,
राज्यों को ₹1 लाख करोड़ का 50-वर्षीय ब्याज-मुक्त ऋण।,बजट भाषण में उल्लेख।,Ministry of Finance,,,,Hindi,,,,https://www.indiabudget.gov.in/doc/bspeech/bs202223.pdf,Supported,बजट दस्तावेज़ से सत्यापित।,,,,,,,,,,,
బ్యాంకులలో క్రెడిట్ స్కోర్ విశ్లేషణకు ఉపయోగించే సిబిల్ (CIBIL) సమాచారాన్ని కస్టమర్లు ఏడాదికి ఒకసారి ఉచితంగా పొందే హక్కు ఉంది.,ఆర్‌బీఐ ఆదేశాల ప్రకారం క్రెడిట్ ఇన్ఫర్మేషన్ కంపెనీలు ప్రతి పౌరుడికి సంవత్సరానికి ఒక ఉచిత పూర్తి క్రెడిట్ నివేదిక ఇవ్వాలి.,Reserve Bank of India,https://www.rbi.org.in,,,Telugu,,,,,,,Supported,,,,,,,,,,
ఎంప్లాయీస్ ప్రావిడెంట్ ఫండ్ (EPF) యజమాని మరియు ఉద్యోగి చెల్లించే ప్రాథమిక వేతనంలో చొప్పున 12% భాగస్వామ్యం ఉంటుంది.,ఉద్యోగి వాటా పూర్తిగా ఈపీఎఫ్ లోకి వెళ్తుంది; యజమాని వాటాలో 8.33% పెన్షన్ స్కీమ్ (EPS) కి మరియు 3.67% ఈపీఎఫ్ కి వెళ్తుంది.,EPFO / Ministry of Labour,https://www.epfindia.gov.in,,,Telugu,,,,,,,Supported,,,,,,,,,,
ധർമ്മേന്ദ്ര ഹേമമാലിനിയെ വിവാഹം കഴിക്കുന്നതിന് മുൻപ് ഇസ്ലാം മതം സ്വീകരിച്ചിരുന്നോ എന്നത് ഔദ്യോഗികമായി സ്ഥിരീകരിക്കപ്പെട്ടിട്ടില്ല.,പ്രാദേശിക മാധ്യമ റിപ്പോർട്ടുകൾ പ്രകാരം അങ്ങനെയൊരു സാധ്യത പരാമർശിക്കപ്പെടുന്നുണ്ടെങ്കിലും ഔദ്യോഗിക സ്ഥിരീകരണമില്ല.,NBC News,,,ധർമ്മേന്ദ്ര ഹേമമാലിനിയെ വിവാഹം കഴിക്കുന്നതിന് മുൻപ് ഇസ്ലാം സ്വീകരിച്ചെന്ന കാര്യം NBC News റിപ്പോർട്ടിലോ മറ്റ് വിശ്വസനീയ സ്രോതസ്സുകളിലോ ഔദ്യോഗികമായി സ്ഥിരീകരിക്കപ്പെട്ടിട്ടില്ല.,Malayalam,,,,,,,,,not enough information (NEI),,,https://www.nbcnews.com/world/india/dharmendra-iconic-bollywood-actor-indian-cinemas-man-dies-89-rcna245592,,,,,
تیستا ستلواد کو 2002 کے گودھرا فسادات کی تحقیقات میں عبوری ضمانت ملی ہے۔,سپریم کورٹ نے انسانی حقوق کی جہدکار تیستا ستلواد کو عبوری ضمانت دے دی ہے۔ اس ضمانت کے تحت انہوں نے گجرات ہائی کورٹ میں سنوائی کو برقرار رکھا ہے جبکہ ان کی درخواست ضمانت 19 ستمبر کو سنوائی کے لئے مقرر ہے۔,The Siasat Daily (Urdu) - سیاست ڈیلی، حیدرآباد,https://urdu.siasat.com/news/%d8%b3%d9%be%d8%b1%db%8c%d9%85-%da%a9%d9%88%d8%b1%d9%b9-%d9%86%db%92-%d8%aa%db%8c%d8%b3%d8%aa%d8%a7-%d8%b3%d8%aa%d9%84%d9%88%d8%a7%d8%af-%da%a9%d9%88%d8%b9%d8%a8%d9%88%d8%b1%db%8c-%d8%b6%d9%85%d8%a7-1405402/,,یہ ثبوت واضح طور پر دعوے کی تصدیق کرتا ہے کہ تیستا ستلواد کو عبوری ضمانت ملی ہے اور اس کی سنوائی جاری ہے۔,Urdu,,,,,,,,,Supported,,,,,,,,
راہول گاندھی کا ٹوئٹر اکاؤنٹ عارضی طور پر معطل کیا گیا تھا۔,دہلی ہائی کورٹ نے راہول گاندھی کے خلاف نوٹس جاری کرنے سے انکار کیا جبکہ ان کا ٹوئٹر اکاؤنٹ کچھ وقت کے لیے معطل کیا گیا تھا۔ ٹوئٹر نے کہا تھا کہ راہول گاندھی نے ان کی پالیسیوں کی خلاف ورزی کی ہے۔,The Siasat Daily (Urdu) - سیاست ڈیلی، حیدرآباد,https://urdu.siasat.com/news/%d8%b1%db%8c%d9%be-%d9%85%d8%aa%d8%a7%d8%ab%d8%b1-%db%81-%da%a9%db%8c-%d8%b4%d9%86%d8%a7%d8%ae%d8%aa-%d8%a8%d8%aa%d8%a7%d9%86%db%92-%da%a9%d8%a7-%d9%85%d8%b9%d8%a7%d9%85%d9%84%db%81-%d8%8c-%d8%b1-1331292/,,مضمون میں واضح طور پر ذکر ہے کہ راہول گاندھی کا اکاؤنٹ عارضی طور پر معطل کیا گیا تھا، جو دعوے کی تصدیق کرتا ہے۔,Urdu,,,,,,,,,Supported,,,,,,,,
"2026 ജൂലൈയിൽ യൂറോപ്യൻ മനുഷ്യാവകാശ കോടതി നീരവ് മോദിയുടെ അന്തിമ അപ്പീൽ തള്ളി, ഇന്ത്യയിലേക്കുള്ള കൈമാറ്റത്തിനുള്ള അവസാന നിയമ തടസ്സം നീങ്ങി.",ഇന്ത്യൻ കസ്റ്റഡിയിൽ ദുരുപയോഗം നേരിടേണ്ടിവരുമെന്ന വാദം ഉന്നയിച്ച് 2026 ഏപ്രിലിൽ സമർപ്പിച്ച ഹർജി ECHR തള്ളി; ബ്രിട്ടീഷ് ഹൈക്കോടതി 2022-ൽ തന്നെ ഈ വാദം പരിശോധിച്ചിരുന്നു.,Business Today,https://www.businesstoday.in/india/story/nirav-modi-extradition-echr-rejects-final-plea-uk-starts-transfer-process-541227-2026-07-06,,,Malayalam,,,,,,,Supported,,,,"Business Today സ്ഥിരീകരിക്കുന്നു: 2026 ജൂലൈയിൽ ECHR നീരവ് മോദിയുടെ അന്തിമ അപ്പീൽ തള്ളി, ബ്രിട്ടീഷ് ഹൈക്കോടതി 2022-ൽ തന്നെ ഈ വാദം പരിശോധിച്ചിരുന്നു — ക്ലെയിം കൃത്യമാണ്.",,,,,,
ریاست میں مقامی ادارہ جات کے منتخب نمائندوں کے اعزازیہ میں اضافہ ضروری ہے۔,کے کویتا نے حکومت سے مطالبہ کیا ہے کہ مقامی ادارہ جات کے منتخب نمائندوں کے اعزازیہ میں اضافہ کیا جائے۔ انہوں نے کہا کہ ان نمائندوں کی کارکردگی حکومت کے پروگراموں کی کامیابی میں اہم کردار ادا کرتی ہے۔,The Siasat Daily (Urdu) - سیاست ڈیلی، حیدرآباد,https://urdu.siasat.com/news/%d9%85%d9%86%d8%aa%d8%ae%d8%a8-%d9%86%d9%85%d8%a7%d8%a6%d9%86%d8%af%d9%88%da%ba-%da%a9%db%92-%d8%a7%d8%b9%d8%b2%d8%a7%d8%b2%db%8c%db%81-%d9%85%db%8c%da%ba-%d8%a7%d8%b6%d8%a7%d9%81%db%81-%da%a9%d8%a7-1331243/,,evidence میں واضح طور پر بتایا گیا ہے کہ کے کویتا نے اعزازیہ میں اضافہ کی ضرورت پر زور دیا ہے، جو دعوے کی مکمل تصدیق کرتا ہے۔,Urdu,,,,,,,,,Supported,,,,,,,,
ਦਿਲਜੀਤ ਦੋਸਾਂਝ ਅਗਲੇ ਮਹੀਨੇ ਕੈਨੇਡਾ ਵਿੱਚ ਆਪਣਾ ਨਵਾਂ ਰੈਸਟੋਰੈਂਟ ਖੋਲ੍ਹਣ ਜਾ ਰਹੇ ਹਨ।,ਕੁਝ ਖ਼ਬਰਾਂ ਜ਼ਰੂਰ ਹਨ ਪਰ ਦਿਲਜੀਤ ਦੋਸਾਂਝ ਜਾਂ ਉਨ੍ਹਾਂ ਦੀ ਟੀਮ ਵੱਲੋਂ ਅਜੇ ਕੋਈ ਅਧਿਕਾਰਤ ਪੁਸ਼ਟੀ ਨਹੀਂ ਕੀਤੀ ਗਈ।,BBC News Punjabi,https://www.bbc.com/punjabi?id=10304,,,Punjab,,,,,,,,,,,,,,not enough information (NEI),,,
"2023-ൽ ഇറ്റലി 'ൻദ്രങ്ഗ്ഹേദ' (Ndrangheta) മാഫിയ ലോകത്ത് ഏറ്റവും ലാഭകരമായ ഓർഗനൈസ്ഡ് ക്രൈം ഗ്രൂപ്പ് ആണ്, പ്രതിവർഷ ടേൺഓവർ 55 ബില്യൺ യൂറോ.",Calabria ആസ്ഥാനമായ Ndrangheta ലോകത്ത് ഏകദേശം 80 ശതമാനം കൊക്കെയ്ൻ വിതരണം നിയന്ത്രിക്കുന്നതായി ഇറ്റലി ദേശീയ ആൻ്റി-മാഫിയ ഡൈറക്ടറേറ്റ് (DIA) 2023 ഡോക്യൂമെൻ്റ് ചെയ്തു.,OCCRP — The 'Ndrangheta,https://www.occrp.org/en/project/the-ndrangheta/what-is-the-ndrangheta,,,Malayalam,,,,,,,Supported,,,,"Ndrangheta ലോകത്തിലെ ഏറ്റവും ലാഭകരമായ സംഘടിത കുറ്റകൃത്യ ഗ്രൂപ്പുകളിൽ ഒന്നാണെന്നതും ഏകദേശം 80% യൂറോപ്യൻ കൊക്കെയ്ൻ വ്യാപാരം നിയന്ത്രിക്കുന്നു എന്നതും (DIA/OCCRP/Britannica ഉൾപ്പെടെ) ഒന്നിലധികം സ്രോതസ്സുകൾ സ്ഥിരീകരിക്കുന്നു. എന്നാൽ വാർഷിക വരുമാനം സംബന്ധിച്ച കണക്കുകൾ സ്രോതസ്സ് അനുസരിച്ച് വ്യത്യാസപ്പെടുന്നു ($50-70 ബില്യൺ എന്ന വിശാല പരിധിയിൽ) — OCCRP തന്നെ ~$60 ബില്യൺ എന്നാണ് പറയുന്നത്, '2023-ൽ കൃത്യമായി €55 ബില്യൺ' എന്ന നിർദ്ദിഷ്ട കണക്ക് ഒരു പ്രത്യേക റിപ്പോർട്ടിലും നേരിട്ട് സ്ഥിരീകരിക്കാനായില്ല, എങ്കിലും ഇത് സാധാരണയായി ഉദ്ധരിക്കുന്ന പരിധിക്കുള്ളിൽ തന്നെയാണ്.",,,,,,
NPS ప్రైవేట్ చందాదారులు తమ పెన్షన్ కార్పస్‌లో గరిష్టంగా 75% వరకు ఈక్విటీలలో పెట్టుబడి పెట్టవచ్చు.,యాక్టివ్ ఛాయిస్ ఆప్షన్ కింద 75% వరకు ఈక్విటీ షేర్లలో కేటాయింపుకు పిఎఫ్‌ఆర్‌డిఎ సమ్మతించింది.,PFRDA,https://www.pfrda.org.in,,,Telugu,,,,,,,Supported,,,,,,,,,,
नेपालमा प्रति परिवार एक हजार डलर पाउने गरी राज्य सहायता दिइँदैछ। त्यसका लागि दर्ता गर्नुपर्छ (फेसबुक विज्ञापन),"फेसबुकमा राष्ट्रपतिको फोटोसहितको फर्जी विज्ञापन - Nepal Factcheck ☰ होम हाम्रो बारे मिथ्या सूचना के हो? हाम्रो वर्गीकरणको अर्थ मिथ्या सूचना: के गर्ने? FAQs तथ्यजाँच अनुरोध × होम हाम्रो बारे मिथ्या सूचना के हो? हाम्रो वर्गीकरणको अर्थ मिथ्या सूचना: के गर्ने? FAQs तथ्यजाँच अनुरोध तथ्यजाँच मिथ्या सूचना वागमती सम्बन्धित प्रदेश फेसबुकमा राष्ट्रपतिको फोटोसहितको फर्जी विज्ञापन Home तथ्यजाँच मिथ्या सूचना उमेश श्रेष्ठ असार २०, २०७९ फेसबुकमा राष्ट्रपतिको फोटोसहितको फर्जी विज्ञापन सामाजिक सञ्जाल फेसबुकमा राष्ट्रपति विद्यादेवी भण्डारीको फोटोसहित ‘नेपाली जनताका लागि छात्रवृत्ति’ लेखिएको र नेपालमा प्रति परिवार १ हजार डलर पाउने दावीसहितको विज्ञापन गरिएको (स्पोन्सर्ड) पोस्ट भाइरल भएको छ। हाम्रो तथ्यजाँचमा यो विज्ञापन फिसिङ अर्थात् फेसबुकको युजरनेम र पासवर्ड चोर्ने प्रपञ्च भएको देखिएको छ। यस्तो छ विज्ञापन नेपाली प्रयोगकर्तालाई लक्षित गरी फेसबुकमा विज्ञापन गरिएको (स्पोन्सर्ड) पोस्ट ‘अनुदान’ शीर्षकको फेसबुक पेजमा राखिएको छ। प्रति परिवार १ हजार डलर पाउने भनिएको यो पोस्टमा सोमबार साँझ ७ बजेसम्म ५ सयभन्दा रियाक्सन, १४५ वटा कमेन्ट र १६ पटक सेयर भएको देखिएको छ। के हो तथ्य ? उक्त फेसबुक पेजको पेज ट्रान्सपरेन्सी विवरण हेर्दा २०२२ जुलाई ४ मा बनाइएको देखिएको छ। नयाँ पेज भए पनि विज्ञापनकै मद्दतबाट फेसबुकमा यसले धेरै इन्गेजमेन्ट पाएर धेरै जनामा पुगेको देखिन्छ। हामीले उक्त फेसबुक पोस्टको साइन अप लेखिएको लिङ्कमा क्लिक गर्दा 1000usd9.godaddysites.com खुल्यो। त्यसमा राज्य सहायताको लागि दर्ता गर्न र प्रति परिवार १ हजार डलर पाउने वाचा फेरि गरिएको छ। त्यसमा रहेको अहिले दावी गर्नुहोस् लेखिएको लिङ्कमा क्लिक गर्दा फेरि अर्को पेज खुल्ने गर्छ। तर त्यो पेज हेर्दा फेसबुक पेज जस्तो देखिन्छ। वास्तवमा त्यो फेसबुक पेज नभएर फिसिङ साइट हो। हेर्दा फेसबुकबाट आफै साइन आउट भएर पुनः युजरनेम र पासवर्ड राखेर लगइन गर्न उक्साएको देखिए पनि खासमा ब्राउजरमा एड्रेस भने फेसबुकको नभएर https://delapo-uteeim.mdbgo.io/ देखिन्छ। mdbgo.com आफ्नो एप्स र डेटाबेस निःशुल्क होस्ट गर्न मिल्ने सेवा हो। फेसबुक पेजको साइन अप गर्ने जस्तै देखिने पेज यसमा होस्ट गरिएको देखिन्छ। कसैले फेसबुक पेज जस्तै ठानेर यसमा आफ्नो युजर नेम र पासवर्ड राखेमा त्यो ",NepalFactCheck.org,https://nepalfactcheck.org/2022/07/facebook-fake-ad/,,मिथ्या सूचना । विज्ञापनमा क्लिक गर्दा खुल्ने पेजमा सहायता दिने विवरण नभएर फेसबुकको पेज झैँ देखिने गरी फर्जी पेजमा फेसबुकको युजरनेम र पासवर्ड राख्न उक्साइएको छ। यो प्रयोगकर्ताको विवरण चोर्ने प्रयास (फिसिङ आक्रमण) भएको देखिन्छ।,Nepali,,,,,,,,,REFUTES,,,,finance_investment,,,,
रास्वपा गोरखाका उपसभापति ध्रुव अधिकारी ५ लाख नगदसहित पक्राउ परे।,"५ लाख नगदसहित नेता पक्राउ परेको भाइरल फोटोको तथ्य: टाउको फेरिएको, दावी मिथ्या - Nepal Factcheck ☰ होम हाम्रो बारे मिथ्या सूचना के हो? हाम्रो वर्गीकरणको अर्थ मिथ्या सूचना: के गर्ने? FAQs तथ्यजाँच अनुरोध × होम हाम्रो बारे मिथ्या सूचना के हो? हाम्रो वर्गीकरणको अर्थ मिथ्या सूचना: के गर्ने? FAQs तथ्यजाँच अनुरोध तथ्यजाँच गण्डकी मिथ्या सूचना सम्बन्धित प्रदेश ५ लाख नगदसहित नेता पक्राउ परेको भाइरल फोटोको तथ्य: टाउको फेरिएको, दावी मिथ्या Home तथ्यजाँच मिथ्या सूचना उमेश श्रेष्ठ फाल्गुन २०, २०८२ ५ लाख नगदसहित नेता पक्राउ परेको भाइरल फोटोको तथ्य: टाउको फेरिएको, दावी मिथ्या राष्ट्रिय स्वतन्त्र पार्टी (रास्वपा) गोरखाका उपसभापति ध्रुव अधिकारी पाँच लाख रुपैयाँ नगदसहित नियन्त्रणमा परेको दावीसहितको एउटा फोटो सामाजिक सञ्जालमा भाइरल भइरहेको छ। तर नेपालफ्याक्टचेकले गरेको तथ्य जाँचमा उक्त फोटोमा अनुहार डिजिटल रूपमा सम्पादन गरी अर्कै राखेको भेटिएको छ। के हो दाबी ? “राष्ट्रिय स्वतन्त्र पार्टी गोरखाका उपसभापति ध्रुव अधिकारी ५ लाख नगदसहित नियन्त्रणमा” भन्ने दावीसहितको फोटो सामाजिक सञ्जालमा व्यापक फैलिएको छ। सेतीमादी डेली नामको फेसबुक पेजमा मंगलबार मध्यरात पोस्ट गरिएको उक्त सामग्रीमा बुधबार दिउँसोसम्म १२ हजारभन्दा बढी प्रतिक्रिया, १ हजार ८ सय कमेन्ट र १ हजार ५ सय भन्दा बढी शेयर भइसकेका छन्। हेर्नुस् स्क्रिनसट फेसबुक लिङ्क। यो दावी अन्य धेरै सामाजिक सञ्जाल प्रयोगकर्ता ले पनि फैलाएका छन्। भाइरल फोटो मा एक पुरुष टेबलमा राखिएको ठूलो रकमको थुप्रोसँग बसिरहेको देखिन्छ। हामीलाई थुप्रैले यो फोटोको विषयमा तथ्य जाँच गर्न अनुरोध आएको छ। के हो तथ्य ? हामीले भाइरल फोटोलाई नजिकबाट विश्लेषण गर्‍यौँ। यस क्रममा केही अस्वाभाविक संकेत देखियो। जस्तै, व्यक्तिको टाउको शरीरसँग स्वाभाविक रूपमा मिलेको देखिँदैन।अनुहारको किनार र घाँटीको भागमा जोडिएको जस्तो डिजिटल किनार देखिन्छ। पृष्ठभूमि अत्यधिक ब्लर गरिएको छ। यी संकेतहरूले फोटो म्यानिपुलेसन भएको भएको सम्भावना देखाउँछन्। हामीलाई ओरिजिनल फोटो भएको दावी गर्दै अर्को फोटो पनि प्राप्त भयो। त्यो फोटोमा पनि पृष्ठभूमि अत्यधिक ब्लर गरिएको छ। दुवै फोटो तुलना गर्दा शरीर र वातावरण समान देखिन्छ, तर अनुहार फरक छ। यसले मूल फोटोमा टाउको परिवर्तन गरिएको सम्भावना बलियो बनाउँछ। हेर्नुस् दु",NepalFactCheck.org,https://nepalfactcheck.org/2026/03/viral-photo-gorkha-debunked/,,"मिथ्या सूचना (False)। सामाजिक सञ्जालमा फैलाइएको फोटो डिजिटल रूपमा सम्पादन गरिएको देखिन्छ। फोटोमा देखिएको व्यक्तिको अनुहार मूल तस्बिरमा पछि जोडिएको जस्तो देखिन्छ। उपलब्ध दृश्य विश्लेषण, प्रतिक्रियाहरू तथा तथ्यहरूको आधारमा उक्त दावी सत्य नभएको पुष्टि हुन्छ। सामाजिक सञ्जालमा कुनै फोटो, भिडियो वा पोस्ट देखेर शंका लाग्यो भने त्यसको लिङ्क हामीलाई ह्वाट्सएपमा पठाउन क्लिक गर्नुस् । हामी सम्भव भएसम्म तथ्यजाँच गर्नेछौँ।",Nepali,,,,,,,,,REFUTES,,,,politics_elections,,,,
4 मई 2022 आपातकालीन MPC ने रेपो दर 40bps बढ़ाकर 4.40% की।,4 मई 2022 को ऑफ-साइकिल MPC बैठक में रेपो दर 4.00% से बढ़ाकर 4.40% की गई।,RBI,,,,Hindi,,,,https://rbidocs.rbi.org.in/rdocs/PressRelease/PDFs/PR154MPC775AD9D2A37141F7A6E64AC29BB8D2C0.PDF,Supported,4 मई 2022 की RBI ऑफ-साइकिल MPC प्रेस विज्ञप्ति से सत्यापित।,,,,,,,,,,,
ਮਨਕੀਰਤ ਔਲਖ ਨੇ ਯੂਕੇ ਵਿੱਚ ਆਪਣੇ ਨਵੇਂ ਸੰਗੀਤਕ ਟੂਰ ਦਾ ਐਲਾਨ ਕੀਤਾ ਹੈ।,"ਅਧਿਕਾਰਤ ਸੋਸ਼ਲ ਮੀਡੀਆ ਹੈਂਡਲ ਮੁਤਾਬਕ, ਮਨਕੀਰਤ ਔਲਖ ਨੇ ਯੂਕੇ ਟੂਰ ਦੀ ਪੁਸ਼ਟੀ ਕੀਤੀ ਹੈ।",Jagbani,https://punjabi.bollywoodtadka.in/?id=10457,,,Punjab,,,,,,,,,,,,,,Supported,,,
ఐఆర్‌డీఏఐ నిబంధనల ప్రకారం హెల్త్ ఇన్సూరెన్స్ డిశ్చార్జ్ సమయంలో 3 గంటలలోపు క్యాష్‌లెస్ క్లెయిమ్ ఆమోదించాలి.,పాలసీదారుల ప్రయోజనాల రక్షణ మాస్టర్ సర్క్యులర్ ద్వారా ఆసుపత్రుల వద్ద 3 గంటల టైమ్‌లైన్ విధించబడింది.,IRDAI,https://irdai.gov.in,,,Telugu,,,,,,,Supported,,,,,,,,,,
जून 2022 में RBI ने SDF दर बढ़ाकर 4.65% की।,रेपो 4.90% होने के साथ SDF दर 4.65% निर्धारित हुई।,RBI,,,,Hindi,,,,https://www.rbi.org.in/Scripts/BS_PressReleaseDisplay.aspx?prid=53832,Supported,MPC नीति दर तालिका से सत्यापित।,,,,,,,,,,,
ਅਮਰਿੰਦਰ ਗਿੱਲ ਨੇ ਯੂਕੇ ਵਿੱਚ ਆਪਣੇ ਨਵੇਂ ਸੰਗੀਤਕ ਟੂਰ ਦਾ ਐਲਾਨ ਕੀਤਾ ਹੈ।,"ਅਧਿਕਾਰਤ ਸੋਸ਼ਲ ਮੀਡੀਆ ਹੈਂਡਲ ਮੁਤਾਬਕ, ਅਮਰਿੰਦਰ ਗਿੱਲ ਨੇ ਯੂਕੇ ਟੂਰ ਦੀ ਪੁਸ਼ਟੀ ਕੀਤੀ ਹੈ।",ABP Sanjha,https://punjabi.abplive.com/?id=10319,,,Punjab,,,,,,,,,,,,,,Supported,,,
തുടർച്ചയായി മൂന്നാം വർഷവും 2022-ൽ ഇന്ത്യയിലെ ഏറ്റവും സുരക്ഷിതമായ നഗരമായി കൊൽക്കത്ത തിരഞ്ഞെടുക്കപ്പെട്ടു.,മെട്രോ നഗരങ്ങളിൽ ഒരു ലക്ഷം ജനസംഖ്യയ്ക്ക് ഏറ്റവും കുറവ് കുറ്റപത്ര കേസുകൾ രേഖപ്പെടുത്തിയത് കൊൽക്കത്തയിലാണ്.,NCRB Crime in India 2022 Report (via Drishti IAS),https://www.drishtiias.com/daily-updates/daily-news-analysis/ncrbs-crime-in-india-2022-report,,,Malayalam,,,,,,,Supported,,,,"NCRB Crime in India 2022 റിപ്പോർട്ട് പ്രകാരം കൊൽക്കത്ത മെട്രോ നഗരങ്ങളിൽ ഏറ്റവും കുറഞ്ഞ കോഗ്നിസബിൾ കുറ്റകൃത്യ നിരക്ക് രേഖപ്പെടുത്തി, തുടർച്ചയായി മൂന്നാം വർഷവും 'സുരക്ഷിത നഗരം' എന്ന സ്ഥാനം നിലനിർത്തി എന്നത് NCRB ഡേറ്റ അടിസ്ഥാനമാക്കിയ ഒന്നിലധികം റിപ്പോർട്ടുകൾ സ്ഥിരീകരിക്കുന്നു. ലിങ്ക് (Drishti IAS) ഒരു അഗ്രഗേറ്റർ ആണെങ്കിലും കണക്കുകൾ ഔദ്യോഗിക NCRB ഡേറ്റയുമായി പൊരുത്തപ്പെടുന്നു.",,,,,,
ਪ੍ਰਸਿੱਧ ਅਦਾਕਾਰ ਅਫਸਾਨਾ ਖਾਨ ਨੂੰ ਬਾਲੀਵੁੱਡ ਫਿਲਮ ਲਈ ਸਾਈਨ ਕੀਤਾ ਗਿਆ ਹੈ।,ਪ੍ਰੋਡਕਸ਼ਨ ਹਾਊਸ ਨੇ ਪ੍ਰੈਸ ਨੋਟ ਜਾਰੀ ਕਰਕੇ ਅਫਸਾਨਾ ਖਾਨ ਦੇ ਇਸ ਪ੍ਰੋਜੈਕਟ ਵਿੱਚ ਸ਼ਾਮਲ ਹੋਣ ਦੀ ਪੁਸ਼ਟੀ ਕੀਤੀ ਹੈ।,Zee News Punjab,https://zeenews.india.com/punjabi?id=10229,,,Punjab,,,,,,,,,,,,,,Supported,,,
[2008] (अंतर्राष्ट्रीय संबंध एवं संधि) टाटा ग्रुप ने जगुआर लैंड रोवर (JLR) का अधिग्रहण किया। (संदर्भ संख्या: 1017),मार्च 2008 में टाटा मोटर्स ने फोर्ड से 2.3 अरब डॉलर में लैंड रोवर और जगुआर ब्रांड्स खरीदे। [वर्ष 2008 के अभिलेखीय आंकड़ों के अनुसार श्रेणी: अंतर्राष्ट्रीय संबंध एवं संधि],Tata Motors / Business Standard Hindi / Ministry of External Affairs / PIB,https://pib.gov.in/newsite/PrintRelease.aspx?relid=40017,,,Hindi,,,,,,,Supported,,,,,,,,,,
چیف منسٹر چندر شیکھر راؤ کا اسمبلی میں ارکان کے ساتھ لنچ کرنے کا فیصلہ غیر متوقع تھا۔,خبر میں بتایا گیا ہے کہ عام طور پر چیف منسٹر اپنے چیمبر میں لنچ کرتے ہیں، لیکن آج انہوں نے ارکان کے ساتھ لنچ کرنے کا فیصلہ کیا جس نے سب کو حیرت میں ڈال دیا۔,The Siasat Daily (Urdu) - سیاست ڈیلی، حیدرآباد,https://urdu.siasat.com/news/%da%86%db%8c%d9%81-%d9%85%d9%86%d8%b3%d9%b9%d8%b1-%d9%86%db%92-%d8%a7%d8%b1%da%a9%d8%a7%d9%86-%d8%a7%d8%b3%d9%85%d8%a8%d9%84%db%8c-%da%a9%db%92-%d8%b3%d8%a7%d8%aa%da%be-%d9%84%d9%86%da%86-%da%a9%db%8c-1331360/,,اس خبر میں بتایا گیا ہے کہ یہ فیصلہ غیر متوقع تھا، لیکن اس بات کی تصدیق نہیں کی گئی کہ یہ فیصلہ واقعی غیر متوقع تھا یا نہیں، اس لیے دعویٰ کی تردید ہوتی ہے۔,Urdu,,,,,,,,,Not Supported,,,,,,,,
गोरु खाने धराने भन्दै एक महिलाले हड्डी चपाउँदै गरेको फोटो/भिडियो।,"'गोरु खाने धराने' भन्दै चितवनकी महिलाको पुरानो फोटो/भिडियो गलत दावीका साथ भाइरल - Nepal Factcheck ☰ होम हाम्रो बारे मिथ्या सूचना के हो? हाम्रो वर्गीकरणको अर्थ मिथ्या सूचना: के गर्ने? FAQs तथ्यजाँच अनुरोध × होम हाम्रो बारे मिथ्या सूचना के हो? हाम्रो वर्गीकरणको अर्थ मिथ्या सूचना: के गर्ने? FAQs तथ्यजाँच अनुरोध कोशी तथ्यजाँच मिथ्या सूचना वागमती सम्बन्धित प्रदेश ‘गोरु खाने धराने’ भन्दै चितवनकी महिलाको पुरानो फोटो/भिडियो गलत दावीका साथ भाइरल Home तथ्यजाँच मिथ्या सूचना उमेश श्रेष्ठ भदौ ८, २०८० ‘गोरु खाने धराने’ भन्दै चितवनकी महिलाको पुरानो फोटो/भिडियो गलत दावीका साथ भाइरल सामाजिक सञ्जालमा अहिले एउटा फोटो भाइरल भएको छ जसमा एक महिला ठूलो हड्डी टोक्दै गरेको देखिन्छ। फोटोको साथमा ‘गोरु खाने धराने’ क्याप्सन लेखिएको छ। केही दिनअघि धरानमा गोरु मारेर खाएको विषय सामाजिक सञ्जालमा चर्चाको विषय बनिरहेकै पृष्ठभूमिमा यो फोटो पनि भाइरल भएको हो। तर हाम्रो तथ्य जाँचमा ती महिलाको फोटो गलत दावीका साथ भाइरल भएको भेटिएको छ। यो फोटो एउटा पुरानो भिडियोको स्क्रिनसट रहेको, उनी धरानको नभई चितवनको रहेको देखिएको छ भने उनले गोरुको नभई राङ्गोको मासु खाएको त्यो दिन उनी सँगै रहेकाहरुले बताएका छन्। के छ भाइरल फोटोमा ? ३ लाख २५ हजारभन्दा बढी फलोअर भएका पूर्व सचिव भीम उपाध्यायले शनिबार आफ्नो फेसबुकमा ‘गोरु खाने धराने’ क्याप्सन लेख्दै यो फोटो पोस्ट गरेका थिए। हामीले बिहीबार यो स्क्रिनसट लिँदासम्म यो पोस्टमा ७ हजार ५ सय रियाक्सन थिए भने २ हजार ५ सय कमेन्ट र १ सय ११ सेयर देखिन्थ्यो। अरु थुप्रै फेसबुक प्रोफाइल, पेज र ग्रुपहरुमा पनि यो फोटो र भिडियो भाइरल भएको थियो। फेसबुकको एउटा ग्रुपमा पोस्ट गरिएको फोटो। त्यसैगरी टिकटकमा पनि यो भिडियो गोरुको मासु खाएको दावी गर्दै भाइरल भएको थियो। पौडेल दाइ नाम राखिएको यो टिकटक अकाउन्टमा राखिएको यो भिडियोमा ७ हजार ४ सय लाइक र ३ हजार ८ सय कमेन्ट देखिन्छ। हेर्नुस् स्क्रिनरेकर्ड- के हो पृष्ठभूमि ? नेपालप्रेसका अनुसार गोरु काटेको आरोपमा विन्द्रा कुमार राई र राजन परियार साउन ९ गते पक्राउ परेका थिए। उनीहरु साउन २६ गते रिहा भए। नेपाल आदिवासी जनजाति महासंघ धरान उपमहानगर समन्वय परिषद् र सांस्कृतिक अधिकार संरक्षण मञ्चले धरानको मङ्गलबारेमा उनीहरुलाई सम्मान गरेका थिए। त्यो दिन त्यहाँ भोज ",NepalFactCheck.org,https://nepalfactcheck.org/2023/08/goru-khane-dharane-galat-dabi/,,"मिथ्या सूचना। यो भिडियो खिचेको बताउने पुष्पा गुरुङ, भोजमा सहभागी विष्णुमाया गुरुङका अनुसार भिडियो धरानमा नभएर चितवन नजिकै रहेको तनहुँको पिपलटारमा करिब दुई वर्षअघि पास्नीको भोजका क्रममा खिचिएको हो। उनीहरुको दावीलाई भाइरल भएकै जस्तो भिडियो पूर्णिमा गुरुङको टिकटकमा २१ फेब्रुअरी २०२२ मा अपलोड भएकोले समर्थन गर्छ। तसर्थ भाइरल भिडियो र फोटोलाई मिथ्या दावीका साथ प्रचार गरिएको निश्कर्ष हामीले निकाल्यौँ।",Nepali,,,,,,,,,REFUTES,,,,religion_communal,,,,
"ഡ്യുട്ടേർട്ടെയുടെ ഭരണത്തിന്‍റെ ആദ്യ വർഷത്തിൽ തന്നെ ഏകദേശം 9,000 പേർ മയക്കുമരുന്ന് ആരോപണങ്ങളിൽ കൊല്ലപ്പെട്ടു.",ഇതിൽ മൂന്നിലൊന്ന് പേരും പോലീസ് നടത്തിയ മയക്കുമരുന്ന് വിരുദ്ധ നടപടികളിലാണ് കൊല്ലപ്പെട്ടത്.,Brookings Institution,https://www.brookings.edu/articles/the-human-rights-consequences-of-the-war-on-drugs-in-the-philippines/,,,Malayalam,,,,,,,Supported,,,,Brookings Institution-ന്‍റെ ഔദ്യോഗിക ലേഖനം കൃത്യമായി പറയുന്നു: 'almost 9000 people ... killed in the Philippines in the first year of his government – about one third by police in anti-drug operations' — ക്ലെയിമും എവിഡൻസും ഈ ഉദ്ധരണിയുമായി കൃത്യമായി പൊരുത്തപ്പെടുന്നു. ലിങ്ക് ഔദ്യോഗിക പ്രാഥമിക സ്രോതസ്സാണ്.,,,,,,
जुलाई 2024 में रिज़र्व बैंक (RBI) ने फर्जी डिजिटल लोन ऐप्स की धोखाधड़ी रोकने के लिए 'डिजिटल इंडिया ट्रस्ट एजेंसी' (DIGITA) बनाने का फैसला किया है।,आरबीआई ने अब डिजिटल इंडिया ट्रस्ट एजेंसी (DIGITA) के जरिए डिजिटल लोन देने वाली एप्स को रेगुलेट करने का फैसला लिया है और फर्जी एप्स पर अंकुश लगाने से लोगों को ठगी से बचाने में मदद मिलेगी।,Aaj Tak,https://www.aajtak.in/business/utility/story/rbi-planning-to-set-up-digita-to-check-illegal-lending-apps-fraud-details-here-tutk-1899120-2024-03-27,,सबूत दावे की पुष्टि करता है। RBI ने डिजिटल लोन धोखाधड़ी को नियंत्रित करने के लिए इस नई एजेंसी के गठन का निर्णय लिया है।,Hindi,,,,,,,,,Supported,,,,,,,,
సరిపడా నిద్ర రోగనిరోధక శక్తికి సహాయపడుతుంది.,నిద్ర రోగనిరోధక వ్యవస్థ పనితీరుకు అవసరం.,CDC,https://www.cdc.gov/sleep,,,Telugu,,,,,,,,,,,,,,,,Supported,Supported
کانگریس پارٹی نامپلی اسمبلی حلقہ میں عوامی مسائل کے حل کے لئے سرگرم ہے۔,مضمون میں ذکر ہے کہ فیروز خاں نے یہ بیان دیا کہ کانگریس پارٹی عوامی مسائل کی سماعت کرتے ہوئے مختلف علاقوں کا دورہ کرتی ہے اور کئی مسائل کو حل کرنے کے لئے اعلیٰ عہدیداروں سے نمائندگی بھی کرتی ہے۔,The Siasat Daily (Urdu) - سیاست ڈیلی، حیدرآباد,https://urdu.siasat.com/news/%da%a9%d8%a7%d9%86%da%af%d8%b1%db%8c%d8%b3-%da%a9%d8%a7%d8%b1%da%a9%d9%86%d9%88%da%ba-%d9%be%d8%b1-%d9%86%d8%a7%d9%85%d9%be%d9%84%db%8c-%d8%a7%d8%b3%d9%85%d8%a8%d9%84%db%8c-%d8%ad%d9%84%d9%82%db%81-1598629/,,یہ ثبوت دعوے کی تصدیق کرتا ہے کیونکہ مضمون میں واضح طور پر بیان کیا گیا ہے کہ کانگریس پارٹی عوامی مسائل کے حل کے لئے متحرک ہے۔,Urdu,,,,,,,,,Supported,,,,,,,,
SEBI ने 2026 से सभी खुदरा निवेशकों को प्रति वर्ष केवल अधिकतम 5 आईपीओ (IPO) में आवेदन करने की बाध्यता लागू की।,SEBI के नियमों के अनुसार पात्र खुदरा निवेशक निधि की उपलब्धता के आधार पर असीमित आईपीओ में आवेदन करने के लिए स्वतंत्र हैं।,Securities and Exchange Board of India (SEBI),https://www.sebi.gov.in,,SEBI के सार्वजनिक नियम इस प्रकार की किसी संख्यात्मक पाबंदी का खंडन करते हैं।,Hindi,,,,,,,,,,Not Supported,,,,,,,
ప్రాచీన భారతంలో స్వర్ణయుగం ఉంది.,చారిత్రక ఆధారాలు స్వర్ణయుగం లేదని చెప్తున్నాయి.,BBC News తెలుగు,https://www.bbc.com/telugu/india-45062485,,,Telugu,,,,,,,,,Not Supported,,,,,,,,
ਪ੍ਰਸਿੱਧ ਅਦਾਕਾਰ ਦਿਲਜੀਤ ਦੋਸਾਂਝ ਨੂੰ ਬਾਲੀਵੁੱਡ ਫਿਲਮ ਲਈ ਸਾਈਨ ਕੀਤਾ ਗਿਆ ਹੈ।,ਪ੍ਰੋਡਕਸ਼ਨ ਹਾਊਸ ਨੇ ਪ੍ਰੈਸ ਨੋਟ ਜਾਰੀ ਕਰਕੇ ਦਿਲਜੀਤ ਦੋਸਾਂਝ ਦੇ ਇਸ ਪ੍ਰੋਜੈਕਟ ਵਿੱਚ ਸ਼ਾਮਲ ਹੋਣ ਦੀ ਪੁਸ਼ਟੀ ਕੀਤੀ ਹੈ।,PTC News,https://www.ptcnews.tv/?id=10325,,,Punjab,,,,,,,,,,,,,,Supported,,,
"अब राष्ट्रिय परिचयपत्र नभएका पुराना बैंक खाता चल्दैनन्, कारोबार रोकिन्छ र खाता ब्लक हुन्छ।","राष्ट्रिय परिचयपत्र अद्यावधिक नगरे पुराना बैंक खाता चल्दै नचल्ने र ब्लक हुने दाबी भ्रामक - Nepal Factcheck ☰ होम हाम्रो बारे मिथ्या सूचना के हो? हाम्रो वर्गीकरणको अर्थ मिथ्या सूचना: के गर्ने? FAQs तथ्यजाँच अनुरोध × होम हाम्रो बारे मिथ्या सूचना के हो? हाम्रो वर्गीकरणको अर्थ मिथ्या सूचना: के गर्ने? FAQs तथ्यजाँच अनुरोध तथ्यजाँच भ्रामक सूचना वागमती राष्ट्रिय परिचयपत्र अद्यावधिक नगरे पुराना बैंक खाता चल्दै नचल्ने र ब्लक हुने दाबी भ्रामक Home तथ्यजाँच भ्रामक सूचना टेकमान शाक्य साउन २, २०८३ राष्ट्रिय परिचयपत्र अद्यावधिक नगरे पुराना बैंक खाता चल्दै नचल्ने र ब्लक हुने दाबी भ्रामक अब राष्ट्रिय परिचयपत्र नभएका पुराना बैंक खाताहरू नचल्ने, कारोबार नै गर्न नमिल्ने र खाता नै ब्लक हुने दाबीसहितका समाचार तथा भिडियोहरू सामाजिक सञ्जालमा भाइरल भएका छन् । नेपालफ्याक्टचेकले नेपाल राष्ट्र बैंकको आधिकारिक परिपत्र र प्रवक्ताको भनाइलाई आधार मानी गरेको तथ्यजाँचबाट यी दाबीहरू भ्रामक र असत्य पुष्टि भएका छन् । नेपाल राष्ट्र बैंकले असोज मसान्तभित्र विवरण स्वघोषणा गर्न वा लिन निर्देशन दिए पनि खाता नै फ्रिज वा ब्लक हुने कुनै व्यवस्था गरेको छैन । के हो दाबी ? अनलाइन सञ्चारमाध्यम टेकपाना डटकमले २०८३ साल असार ३२ गते प्रकाशित गरेको समाचारमा राष्ट्रिय परिचयपत्र नभएका पुराना बैंक खातामा कारोबार गर्न नपाइने दाबी गरेको छ । समाचारमा बैंक खाताहरूलाई सुरक्षित र व्यवस्थित बनाउन राष्ट्र बैंकले यस्तो कदम चालेको उल्लेख छ । हेर्नुहोस् टेकपानाको स्क्रिनसट टेकपानाको ओरिजिनल लिंक यहाँ छ भने अर्काइभ लिंक यहाँ छ । यसैगरी, फेसबुक पेज ‘नेपाल पुकार एचडी’ ले सन् २०२६ जुलाई १६ (२०८३ असार ३२) मा एक भिडियो सामग्री सार्वजनिक गर्दै साउन १ गतेभित्र राष्ट्रिय परिचयपत्र लिङ्क नगरे बैंक खाता फ्रिज हुने र पैसा निकाल्न वा जम्मा गर्न नमिल्ने दाबी गरेको छ । समाचार प्रस्तोताले भिडिओमा भनेकी छिन्, – ‘यदि तपाईसँग बैंक खाता छ, तर अहिलेसम्म राष्ट्रिय परिचयपत्र नम्बर अपडेट गर्नुभएको छैन भने सावधान भोलि साउन १ गतेभित्र यो काम नसके तपाईको आफ्नै खातामा भएको पैसा फ्रिज हुन सक्छ ।’ हेर्नुहोस् नेपाल पुकार एचडीको स्क्रिनसट नेपाल पुकार एचडीको ओरिजिनल लिंक यहाँ छ भने अर्काइभ लिंक यहाँ छ । अर्को सञ्चारमाध्यम ‘प्रयास मिडिया’ ले पनि २ मिनेट ४५ सेकेन्डक",NepalFactCheck.org,https://nepalfactcheck.org/2026/07/claim-that-old-bank-accounts-without-national-id-will-stop-working-is-misleading/,,"भ्रामक (Misleading) । नेपाल राष्ट्र बैंकले बैंक खातामा राष्ट्रिय परिचयपत्र अद्यावधिक वा स्वघोषणाका लागि २०८३ असोज मसान्तसम्मको व्यवस्था गरेको कुरा साँचो हो। तर, उक्त अवधिमा अद्यावधिक नगरे पुराना खाताहरू चल्दै नचल्ने, कारोबार रोकिने वा खाता नै ब्लक/फ्रिज हुने भनी गरिएका दाबीहरू राष्ट्र बैंकको परिपत्र र प्रवक्ताको आधिकारिक स्पष्टीकरणका आधारमा भ्रामक पुष्टि हुन्छन्।",Nepali,,,,,,,,,REFUTES,,,,finance_investment,,,,
امریکہ نے حالیہ فضائی اشیاء کے بارے میں کوئی معلومات فراہم نہیں کی ہیں۔,امریکی حکام نے اعتراف کیا ہے کہ انہیں حالیہ تین فضائی اشیاء کے بارے میں بہت کم یا بالکل بھی معلومات نہیں ہیں، ان کے اصل، مالک یا مقصد کے بارے میں کچھ پتہ نہیں۔ یہ معلومات اس بات کی عکاسی کرتی ہیں کہ ان کے بارے میں مکمل معلومات نہیں ہیں۔,Munsif Daily (Urdu) - منصف ڈیلی، حیدرآباد,https://munsifdaily.com/space-shooting-spree-targets-were-not-aliens-or-ets-us/,,حکومت نے ان فضائی اشیاء کے بارے میں واضح معلومات فراہم نہیں کی ہیں، جس کی وجہ سے دعویٰ کی تصدیق یا تردید نہیں کی جا سکتی۔,Urdu,,,,,,,,,Not Enough Information (NEI),,,,,,,,
وزیراعظم مودی کی آزادی دن کی تقریر میں خواتین کی حفاظت کے بارے میں تشویش کا اظہار کیا گیا۔,عید آزادی کے موقع پر وزیراعظم مودی نے قوم کے سامنے خواتین کی حفاظت کے حوالے سے گہری تشویش کا اظہار کیا۔ تاہم، اسد الدین اویسی نے الزام لگایا کہ ان کی حکومت نے بلقیس بانو کے ریپ کرنے والوں کی رہائی کی منظوری دی ہے۔,Munsif Daily (Urdu) - منصف ڈیلی، حیدرآباد,https://munsifdaily.com/owaisi-slams-pms-i-day-speech-says-bjp-govt-approved-release-of-bilkis-banos-rapists/,,اسد الدین اویسی کا دعویٰ وزیراعظم کی تقریر کی تشویش کو اس بات کے ساتھ جوڑتا ہے کہ حکومت نے قاتلوں اور ریپ کرنے والوں کی رہائی کی حمایت کی، جو کہ ایک تضاد کی شکل اختیار کرتا ہے۔,Urdu,,,,,,,,,Supported,,,,,,,,
फरवरी 2024 में सुप्रीम कोर्ट ऑफ इंडिया ने अपने चैनल पर आधिकारिक तौर पर 'XRP' क्रिप्टोकरेंसी को भारत में कानूनी मुद्रा (Legal Tender) घोषित किया है।,"सुप्रीम कोर्ट ऑफ इंडिया का आधिकारिक यूट्यूब चैनल हैक हो गया था... और उस पर 'XRP' क्रिप्टोकरेंसी में निवेश से जुड़ा एक फर्जी लाइव वीडियो चलाया जा रहा था, जो कि एक क्रिप्टो स्कैम का हिस्सा था।",Navbharat Times,https://navbharattimes.indiatimes.com/india/supreme-court-of-india-official-youtube-channel-hacked-showing-xrp-crypto-video/articleshow/113524580.cms,,दावा भ्रामक और गलत है। सुप्रीम कोर्ट ने ऐसा कोई आदेश नहीं दिया है; असल में हैकर्स ने चैनल हैक करके यह फर्जी क्रिप्टो स्कैम वीडियो चलाया था।,Hindi,,,,,,,,,Not Supported,,,,,,,,
ਗੁਰੂ ਰੰਧਾਵਾ ਦੀ ਆਉਣ ਵਾਲੀ ਫਿਲਮ 'ਤੇ ਸੈਂਸਰ ਬੋਰਡ ਨੇ ਬੈਨ ਲਗਾ ਦਿੱਤਾ ਹੈ।,ਸੈਂਸਰ ਬੋਰਡ ਵੱਲੋਂ ਅਜਿਹਾ ਕੋਈ ਫੈਸਲਾ ਨਹੀਂ ਲਿਆ ਗਿਆ ਅਤੇ ਫਿਲਮ ਨੂੰ 'U/A' ਸਰਟੀਫਿਕੇਟ ਮਿਲ ਚੁੱਕਾ ਹੈ।,Zee News Punjab,https://zeenews.india.com/punjabi?id=10283,,,Punjab,,,,,,,,,,,,,,Not Supported,,,
2 सितंबर 2022 INS विक्रांत नौसेना में शामिल।,पहला स्वदेशी विमानवाहक पोत सौंपा गया।,Indian Navy/PIB,,,,Hindi,,,,https://pib.gov.in/PressReleasePage.aspx?PRID=1857260,Supported,रक्षा मंत्रालय के कार्यक्रम से सत्यापित।,,,,,,,,,,,
"चुनावका लागि ७ दिन विदा, भारतमा शनिबार वा आइतबार मात्रै चुनाव हुने गरेको।","‘चुनावका लागि ७ दिन विदा’ र ‘भारतमा शनिबार–आइतबार मात्रै चुनाव’ हुने दावी भ्रामक - Nepal Factcheck ☰ होम हाम्रो बारे मिथ्या सूचना के हो? हाम्रो वर्गीकरणको अर्थ मिथ्या सूचना: के गर्ने? FAQs तथ्यजाँच अनुरोध × होम हाम्रो बारे मिथ्या सूचना के हो? हाम्रो वर्गीकरणको अर्थ मिथ्या सूचना: के गर्ने? FAQs तथ्यजाँच अनुरोध तथ्यजाँच भ्रामक सूचना वागमती ‘चुनावका लागि ७ दिन विदा’ र ‘भारतमा शनिबार–आइतबार मात्रै चुनाव’ हुने दावी भ्रामक Home तथ्यजाँच भ्रामक सूचना टेकमान शाक्य फाल्गुन १९, २०८२ ‘चुनावका लागि ७ दिन विदा’ र ‘भारतमा शनिबार–आइतबार मात्रै चुनाव’ हुने दावी भ्रामक पत्रकार समा थापाले चुनावका लागि ७ दिन बिदा दिएको तथा भारतमा शनिबार वा आइतबार मात्रै चुनाव हुने गरेको दावीसहित फेसबुक पोस्ट गरेकी छिन्। तर नेपालफ्याक्टचेकले गरेको तथ्य जाँचमा उक्त दुवै दावी भ्रामक रहेको पुष्टि भएको छ। के हो दावी ? फेसबुकमा १ लाख १३ हजार फलोअर्स भएकी पत्रकार समा थापाले मार्च १ को दिन राति एउटा पोस्ट गर्दै संसारमा कुन देशमा चुनाव आयो भन्दैमा ७ दिन विदा हुने रहेछ भनेर प्रश्न गर्दै नेपालमा फागुन २१ को चुनावका लागि ७ दिन विदा दिइएको सन्दर्भमा टिप्पणी गर्दै छिमेकी देश भारतमा शनिवार वा आइतबार विदाको दिन पारेर मात्रै चुनाव हुने गरेको समेत दावी गरेकी छिन्। यो तथ्य जाँच गर्ने समयसम्ममा समा थापाको फेसबुक पोष्टमा ६ हजार ४ सय पटक रियाक्ट भएको छ भने १ हजार ७ सय वटा कमेन्ट आएको छ। यस्तै ६१ पटक सेयर भएको छ । हेर्नुहोस् समा थापाको फेसबुक पोष्टको स्क्रिनसट समा थापाको पोष्टको ओरिजिनल लिंक यहाँ छ भने अर्काइभ लिंक यहाँ छ । के हो तथ्य ? समा थापाले दावी गरेअनुसार चुनावमा सात दिन विदा हो कि होइन भनेर हामीले गृह मन्त्रालयको आधिकारिक वेबसाइट हेर्‍यौँ। गृह मन्त्रालयको विज्ञप्तिमा सात दिन विदा उल्लेख छैन। चुनावको अघिल्लो दिन फागुन २० गते, चुनावको दिन २१ गते र चुनावको भोलिपल्ट २२ गते मात्रै सार्वजनिक विदा दिइएको गृह मन्त्रालयको सार्वजनिक विदासम्बन्धी सूचनामा उल्लेख गरिएको छ । हेर्नुहोसु गृह मन्त्रालयको वेबसाइटमा सार्वजनिक विदासम्बन्धी सूचनाको स्क्रिनसट गृह मन्त्रालयको ओरिजिनल लिंक यहाँ छ भने अर्काइभ लिंक यहाँ छ । त्यसपछि हामीले नेपालीपात्रोमा गएर हेर्‍यौँ। नेपालीपात्रोमा देखिए अनुसार फागुन १८ गतेदेखि २४ गतेसम्म ७ दिन सार्वजनिक विद",NepalFactCheck.org,https://nepalfactcheck.org/2026/03/samaa-thapas-facebook-post-on-public-holidays-for-elections-is-misleading/,,"भारत-पाकिस्तान युद्ध बारे प्रधानमन्त्री ओलीले के भनेका हुन् ? बैशाख ३०, २०८२ यसमा प्रकाशित सबै सामग्री CC BY 4.0 अन्तर्गत छन्। यसलाई NepalFactCheck.org भनेर स्रोत खोलेर पूर्ण वा आशय फरक नपर्ने गरी सम्पादन गरी पुन: प्रकाशन गर्न पाइन्छ। ×",Nepali,,,,,,,,,REFUTES,,,,politics_elections,,,,
بھارت کی وزیر صحت نے پرتگالی وزیر صحت کی طرح اخلاقی ذمہ داری قبول کرتے ہوئے استعفیٰ دیا۔,مضمون میں بتایا گیا ہے کہ پرتگالی وزیر صحت نے ایک ہندستانی سیاح کی موت پر اخلاقی ذمہ داری قبول کی اور استعفی دیا، جبکہ تلنگانہ میں کسی بھی عہدیدار نے استعفی نہیں دیا۔ تلنگانہ میں 4 خواتین کی اموات کے باوجود حکومت نے صرف آپریشن بند کرنے کا فیصلہ کیا۔,The Siasat Daily (Urdu) - سیاست ڈیلی، حیدرآباد,https://urdu.siasat.com/news/%db%81%d9%86%d8%af%d9%88%d8%b3%d8%aa%d8%a7%d9%86%db%8c-%d8%ae%d9%88%d8%a7%d8%aa%db%8c%d9%86-%da%a9%db%8c-%d9%be%d8%b1%d8%aa%da%af%d8%a7%d9%84-%d9%85%db%8c%da%ba-%d8%b9%d8%b2%d8%aa-%d9%88-%d8%a7%db%81-1405455/,,مضمون کے مطابق تلنگانہ کی وزیر صحت نے استعفی نہیں دیا، جو اس دعوے کی تردید کرتا ہے کہ بھارت کی وزیر صحت نے بھی اخلاقی ذمہ داری قبول کی۔,Urdu,,,,,,,,,Not Supported,,,,,,,,
حکومتی افسران کی ناقص کارکردگی پر ان کی سرزنش کی گئی ہے۔,میئر نارائن چودھری نے نالہ صفائی کی ناقص صورتحال کا معائنہ کرنے کے بعد متعلقہ افسران کی سخت سرزنش کی اور انہیں فوری جواب طلب کیا۔ انہوں نے یہ بھی کہا کہ بارش کے موسم کے قریب کسی بھی قسم کی لاپروائی برداشت نہیں کی جائے گی۔,Inquilab (Urdu) - انقلاب، ممبئی,https://www.inquilab.com/news/articles/bhiwandi-mayor-personally-visits-drains-to-inspect-cleanliness-99769,,میئر نے افسران کی کارکردگی کو ناکام قرار دیتے ہوئے انہیں سرزنش کی، جو اس دعوے کی مکمل تصدیق کرتا ہے۔,Urdu,,,,,,,,,Supported,,,,,,,,
ਜੈਜ਼ੀ ਬੀ ਦੀ ਆਉਣ ਵਾਲੀ ਫਿਲਮ 'ਤੇ ਸੈਂਸਰ ਬੋਰਡ ਨੇ ਬੈਨ ਲਗਾ ਦਿੱਤਾ ਹੈ।,ਸੈਂਸਰ ਬੋਰਡ ਵੱਲੋਂ ਅਜਿਹਾ ਕੋਈ ਫੈਸਲਾ ਨਹੀਂ ਲਿਆ ਗਿਆ ਅਤੇ ਫਿਲਮ ਨੂੰ 'U/A' ਸਰਟੀਫਿਕੇਟ ਮਿਲ ਚੁੱਕਾ ਹੈ।,News18 Punjab,https://punjab.news18.com/?id=10136,,,Punjab,,,,,,,,,,,,,,Not Supported,,,
ایران نے نیوکلیئر معاہدے کے حوالے سے امریکہ کو تعمیری جواب بھیجا ہے۔,ایرانی وزارت خارجہ نے دعویٰ کیا ہے کہ تہران نے سن 2015 کے نیوکلیئر معاہدے کو بحال کرنے کے لیے ایک تحریری اور تعمیری جواب پیش کیا ہے۔ تاہم، امریکی محکمہ خارجہ نے اس جواب کو تعمیری تصور نہیں کیا۔,The Siasat Daily (Urdu) - سیاست ڈیلی، حیدرآباد,https://urdu.siasat.com/news/%d9%86%db%8c%d9%88%da%a9%d9%84%db%8c%d8%a6%d8%b1-%d9%85%d8%b9%d8%a7%db%81%d8%af%db%81-%d8%a7%db%8c%d8%b1%d8%a7%d9%86-%da%a9%d8%a7-%d8%ac%d9%88%d8%a7%d8%a8-%d8%aa%d8%b9%d9%85%db%8c%d8%b1-1405495/,,ایرانی وزارت خارجہ کا بیان اس دعوے کی تصدیق کرتا ہے کہ انہوں نے تعمیری جواب بھیجا ہے، حالانکہ امریکہ کا ردعمل مختلف ہے۔,Urdu,,,,,,,,,Supported,,,,,,,,
अगस्त 2024 में आईसीआईसीआई प्रूडेंशियल के एमडी निमेश शाह ने एक आधिकारिक वीडियो जारी करके निवेशकों को 100% गारंटीड रिटर्न वाले शेयर खरीदने की सलाह दी है।,"इस फर्जी वीडियो में उनके द्वारा 2024 के लिए कई स्टॉक खरीदने की सिफारिशें की जा रही हैं... निवेश के बाजार में पहुंचे डीपफेक वीडियो, निवेशकों को रहना होगा सावधान।",ABP Live,https://www.abplive.com/business/deepfake-videos-are-entering-into-the-investment-market-people-should-be-very-careful-2594113,,"सबूत दावे का स्पष्ट रूप से खंडन करता है, क्योंकि वायरल हो रहा वीडियो आधिकारिक नहीं बल्कि एक एआई-जनरेटेड डीपफेक (Deepfake) है।",Hindi,,,,,,,,,Not Supported,,,,,,,,
ਪ੍ਰਸਿੱਧ ਅਦਾਕਾਰ ਜੈਜ਼ੀ ਬੀ ਨੂੰ ਬਾਲੀਵੁੱਡ ਫਿਲਮ ਲਈ ਸਾਈਨ ਕੀਤਾ ਗਿਆ ਹੈ।,ਪ੍ਰੋਡਕਸ਼ਨ ਹਾਊਸ ਨੇ ਪ੍ਰੈਸ ਨੋਟ ਜਾਰੀ ਕਰਕੇ ਜੈਜ਼ੀ ਬੀ ਦੇ ਇਸ ਪ੍ਰੋਜੈਕਟ ਵਿੱਚ ਸ਼ਾਮਲ ਹੋਣ ਦੀ ਪੁਸ਼ਟੀ ਕੀਤੀ ਹੈ।,News18 Punjab,https://punjab.news18.com/?id=10232,,,Punjab,,,,,,,,,,,,,,Supported,,,
എയ്മി ഷൂമറും ക്രിസ് ഫിഷറും തമ്മിലുള്ള കുട്ടിയുടെ സംരക്ഷണാവകാശ ക്രമീകരണം എന്തായിരിക്കുമെന്ന് ഇതുവരെ വ്യക്തമല്ല.,വിവാഹമോചന പ്രഖ്യാപനത്തിൽ മകൻ ജീനിനെ ഒരുമിച്ച് വളർത്തുമെന്ന് പറഞ്ഞെങ്കിലും കൃത്യമായ കസ്റ്റഡി വിശദാംശങ്ങൾ പുറത്തുവിട്ടിട്ടില്ല.,E! Online,,,എയ്മി ഷൂമറും ക്രിസ് ഫിഷറും 'എതിർപ്പില്ലാത്ത' വിവാഹമോചനത്തിന് അപേക്ഷിച്ചെങ്കിലും മകൻ ജീനിന്റെ കൃത്യമായ കസ്റ്റഡി ഷെഡ്യൂൾ പരസ്യമായി വെളിപ്പെടുത്തിയിട്ടില്ലെന്ന് E! Online സ്ഥിരീകരിക്കുന്നു.,Malayalam,,,,,,,,,not enough information (NEI),,,https://www.eonline.com/photos/37466/2025-celebrity-breakups,,,,,
मार्च 2004 में भारत का कुल विदेशी मुद्रा भंडार इतिहास में पहली बार 100 अरब डॉलर के पार पहुंचा।,विदेशी पूंजी प्रवाह और मजबूत प्रेषण के कारण आरबीआई का विदेशी मुद्रा भंडार $100 Billion के ऐतिहासिक स्तर को पार कर गया।,RBI Press Release,https://www.rbi.org.in/scripts/BS_PressReleaseDisplay.aspx?prid=10210,,,Hindi,,,,,,,Supported,,,,,,,,,,
لوگر کے صوبائی کونسل کے رکن کی ہلاکت ایک ذاتی تنازعہ کا نتیجہ تھی۔,کابل میں صوبائی کونسل کے رکن محمد ناصر غیرت کو نامعلوم مسلح حملہ آوروں نے فائرنگ کر کے ہلاک کیا۔ حملے کے محرکات کے بارے میں ابھی تک کچھ معلوم نہیں ہوا ہے، اور اس واقعے کی ذمہ داری کسی گروپ نے قبول نہیں کی۔,The Siasat Daily (Urdu) - سیاست ڈیلی، حیدرآباد,https://urdu.siasat.com/news/%d8%a7%d9%81%d8%ba%d8%a7%d9%86%d8%b3%d8%aa%d8%a7%d9%86-%d9%84%d9%88%da%af%d8%b1-%d9%85%db%8c%da%ba-%d8%b5%d9%88%d8%a8%d8%a7%d8%a6%db%8c-%da%a9%d9%88%d9%86%d8%b3%d9%84-%da%a9%d8%a7-%d8%b1%da%a9%d9%86-1188199/,,کیونکہ مضمون میں یہ وضاحت نہیں کی گئی کہ ہلاکت کا تعلق کسی ذاتی تنازعے سے تھا، یہ دعویٰ تردید کرتا ہے۔,Urdu,,,,,,,,,Not Supported,,,,,,,,
चितवनको इच्छाकामना गाउँपालिकामा रहेको भीरको बाटोबाट निर्वाचन सामग्री ओसार्दाको भिडिओ।,"बीबीसीले चितवनको भनेको भीरको बाटोबाट निर्वाचन सामग्री बोकेको भिडिओ वास्तवमा रुकुम पूर्वको - Nepal Factcheck ☰ होम हाम्रो बारे मिथ्या सूचना के हो? हाम्रो वर्गीकरणको अर्थ मिथ्या सूचना: के गर्ने? FAQs तथ्यजाँच अनुरोध × होम हाम्रो बारे मिथ्या सूचना के हो? हाम्रो वर्गीकरणको अर्थ मिथ्या सूचना: के गर्ने? FAQs तथ्यजाँच अनुरोध तथ्यजाँच कर्णाली भ्रामक सूचना लुम्बिनी वागमती बीबीसीले चितवनको भनेको भीरको बाटोबाट निर्वाचन सामग्री बोकेको भिडिओ वास्तवमा रुकुम पूर्वको Home तथ्यजाँच भ्रामक सूचना टेकमान शाक्य फाल्गुन २८, २०८२ बीबीसीले चितवनको भनेको भीरको बाटोबाट निर्वाचन सामग्री बोकेको भिडिओ वास्तवमा रुकुम पूर्वको चितवनको इच्छाकामना गाउँपालिकामा रहेको भीरको बाटोबाट निर्वाचन सामग्री ओसार्दाको डरलाग्दो क्षण भन्दै एउटा भिडिओ क्लिप सामाजिक सञ्जालमा भाइरल भएको छ। उक्त भिडिओ बीबीसी नेपाली सेवाको सामाजिक सञ्जाल र नेपाल प्रहरीका आधिकारिक फेसबुक पेजमार्फत पनि पोस्ट गरिएको छ। तर नेपाल फ्याक्टचेकले गरेको तथ्यजाँचमा भिडिओ चितवनको इच्छाकामना गाउँपालिकाको नभई रुकुम पूर्वको सिस्ने गाउँपालिका–२ मा खिचिएको पुष्टि भएको छ। के हो दावी ? ४४ लाख फलोअर्स रहेको बीबीसी नेपाली सेवाको भेरिफाइड फेसबुक पेजबाट फागुन २५ (मार्च ९, २०२६) मा बेलुकी ६ बजेर १४ मिनेटमा ५४ सेकेन्डको एउटा भिडिओ क्लिप पोस्ट गरिएको छ। भिडिओमा केही व्यक्ति र नेपाल प्रहरीले मिलेर भीरालो र अप्ठ्यारो बाटोबाट निर्वाचन सामग्री ओसारिरहेको देखिन्छ। बीबीसीले उक्त दृश्य चितवनको इच्छाकामना गाउँपालिकाको भूगोल भएको दावी गरेको छ। यसबारे बिहीबार बिहान तथ्यजाँच गर्ने समयसम्ममा भिडिओ पोष्टमा १५ हजार पटक रियाक्ट भएको छ भने ३ सय ९१ पटक कमेन्ट भएको छ । ७ सय पटक सेयर भएको छ भने ५ लाख ६९ पटक हेरिएको छ । हेर्नुहोस् बिबीसीले गरेको पोष्टको स्किन रेकर्ड https://nepalfactcheck.org/wp-content/uploads/2026/03/bbc-nepali.mp4 बीबीसीको ओरिजिनल लिंक यहाँ छ भने अर्काइभ लिंक यहाँ छ । उही भिडिओ नेपाल प्रहरीको भेरिफाइड फेसबुक पेजबाट पनि पोस्ट गरिएको छ। नेपाल प्रहरीले भने भिडिओ कहाँ खिचिएको हो भन्ने स्पष्ट उल्लेख गरेको छैन। ‘शान्तिपूर्ण र सुरक्षित निर्वाचन सम्पन्न गर्न नेपाल प्रहरीले अथक प्रयास गरेको’ भन्ने क्याप्सनसहित भिडिओ फागुन २३ (मार्च ७) मा दिउँसो १ बजेर १९ मिनेटमा पोस्ट ",NepalFactCheck.org,https://nepalfactcheck.org/2026/03/video-shared-by-bbc-nepali-and-nepal-police-misleadingly-claimed-to-be-from-ichchhakamana-chitwan/,,"भ्रामक सूचना। गलत सन्दर्भमा प्रस्तुत गरिएको भिडियो (Miscontextualized video)। नेपाल फ्याक्टचेकले गरेको विश्लेषण, प्रत्यक्ष स्रोतसँगको पुष्टि तथा भिडियोको मेटाडाटा जाँचका आधारमा उक्त भिडियो चितवनको इच्छाकामना गाउँपालिकाको नभई रुकुम पूर्वको सिस्ने गाउँपालिका–२ मा फागुन १८ गते खिचिएको पुष्टि भएको छ। भिडियो खिच्ने व्यक्तिले पनि स्थान र मिति पुष्टि गरेका छन् र भिडियोको GPS मेटाडाटाले समेत सोही स्थान देखाउँछ। त्यसैले चितवनको इच्छाकामना गाउँपालिकाको भन्दै सार्वजनिक गरिएको दावी तथ्यसँग मेल खाँदैन।",Nepali,,,,,,,,,REFUTES,,,,politics_elections,,,,
అధిక ఉప్పు తీసుకోవడం మూత్రపిండాలపై ప్రభావం చూపవచ్చు.,అధిక సోడియం తీసుకోవడం కిడ్నీలపై భారం పెంచుతుంది.,National Kidney Foundation,https://www.kidney.org,,,Telugu,,,,,,,,,,,,,,,,Supported,Supported
صدر بائیڈن نے واضح کیا کہ وہ ٹرمپ کے حامیوں کو خطرہ نہیں تصور کرتے۔,یومیہ پریس کانفرنس میں صدر بائیڈن نے کہا کہ ان کے خیال میں ٹرمپ کے حامی ملک کے لئے خطرہ نہیں ہیں، حالانکہ انہوں نے ٹرمپ اور ایم اے جی اے ریپبلکن کو جمہوریت کے لئے خطرہ قرار دیا۔,The Siasat Daily (Urdu) - سیاست ڈیلی، حیدرآباد,https://urdu.siasat.com/news/%d9%b9%d8%b1%d9%85%d9%be-%da%a9%db%92-%d8%ad%d8%a7%d9%85%db%8c%d9%88%da%ba-%d8%b3%db%92-%d8%ae%d8%b7%d8%b1%db%81-%d9%86%db%81%db%8c%da%ba-%d8%b3%d9%85%d8%ac%da%be%d8%aa%d8%a7%d8%a8%d8%a7%d8%a6%db%8c-1405771/,,یہ ثبوت دعوے کی تصدیق کرتا ہے کیونکہ بائیڈن نے صاف طور پر بتایا کہ وہ ٹرمپ کے حامیوں کو خطرہ نہیں سمجھتے۔,Urdu,,,,,,,,,Supported,,,,,,,,
കാറ്റി പെറിയും ഓർലാൻഡോ ബ്ലൂമും 2025 ജൂലൈ 3-ന് ഒൻപത് വർഷത്തെ ബന്ധം അവസാനിപ്പിച്ചതായി സ്ഥിരീകരിച്ചു.,"ദമ്പതികളുടെ പ്രതിനിധികൾ, ഇരുവരും കോ-പേരന്റിംഗിൽ ശ്രദ്ധ കേന്ദ്രീകരിക്കാൻ ബന്ധം മാറ്റിയെന്ന് പ്രസ്താവനയിൽ അറിയിച്ചു.",CNN,,,കാറ്റി പെറിയും ഓർലാൻഡോ ബ്ലൂമും 2025 ജൂലൈ 3-ന് ഒൻപത് വർഷത്തെ ബന്ധം അവസാനിപ്പിച്ച് കോ-പേരന്റിംഗിൽ ശ്രദ്ധ കേന്ദ്രീകരിക്കുമെന്ന് പ്രതിനിധികൾ അറിയിച്ചെന്ന് CNN സ്ഥിരീകരിക്കുന്നു.,Malayalam,,,,,,,,,Supported,,,https://www.cnn.com/2025/07/04/entertainment/perry-bloom-confirm-split-scli-intl,,,,,
"स्व-देखभाल में स्वस्थ भोजन, शारीरिक गतिविधि, पर्याप्त नींद और तंबाकू से बचना शामिल हो सकता है।","विश्व स्वास्थ्य संगठन स्व-देखभाल के उदाहरणों में स्वस्थ आहार, शारीरिक सक्रियता, तंबाकू से परहेज, पर्याप्त नींद और सामाजिक जुड़ाव जैसी आदतों को शामिल करता है।",World Health Organization (WHO),https://www.who.int/news-room/fact-sheets/detail/self-care-health-interventions/,SUPPORTED,दावे में दिए गए व्यवहार विश्व स्वास्थ्य संगठन की स्व-देखभाल की परिभाषा और उदाहरणों से मेल खाते हैं।,Hindi,,,,,,,,,,,,,,,,,
ధూమపానం మానేస్తే ఆరోగ్య ప్రయోజనాలు వెంటనే ప్రారంభమవుతాయి.,ధూమపానం మానిన తర్వాత గుండె ఆరోగ్యం మెరుగుపడుతుంది.,CDC,https://www.cdc.gov/tobacco/about/index.html,,,Telugu,,,,,,,,,,,,,,,,Supported,Supported
നടി ജെന്നിഫർ അനിസ്റ്റണും മുൻ യുഎസ് പ്രസിഡന്റ് ബരാക് ഒബാമയും തമ്മിൽ പ്രണയബന്ധമുണ്ടെന്ന് 2024 ഓഗസ്റ്റിൽ റിപ്പോർട്ട് വന്നു.,'ജിമ്മി കിമ്മൽ ലൈവ്' എന്ന ഷോയിൽ പ്രത്യക്ഷപ്പെട്ട് അനിസ്റ്റൺ ഈ അഭ്യൂഹം നിഷേധിച്ചു.,Fox News,,,ജെന്നിഫർ അനിസ്റ്റണും ബരാക് ഒബാമയും തമ്മിൽ പ്രണയബന്ധമുണ്ടെന്ന അഭ്യൂഹം അനിസ്റ്റൺ തന്നെ 'ജിമ്മി കിമ്മൽ ലൈവ്' എന്ന ഷോയിൽ നിഷേധിച്ചതായി Fox News റിപ്പോർട്ട് ചെയ്യുന്നു. അവകാശവാദം (പ്രണയബന്ധം) നിഷേധിക്കപ്പെട്ടതിനാൽ ലേബൽ കൃത്യമാണ്.,Malayalam,,,,,,,,,Not Supported,,,https://www.foxnews.com/entertainment/taylor-swifts-fake-relationship-prince-harrys-divorce-celebrities-shut-down-wildest-rumors-2024.amp,,,,,
मार्च 2023 में SEBI ने निवेशकों को अपंजीकृत निवेश सलाहकारों से सावधान रहने की सलाह दी।,SEBI ने निवेशकों को केवल SEBI-पंजीकृत मध्यस्थों से ही निवेश सेवाएँ लेने की सलाह दी।,licindia.in,https://licindia.in/documents/d/guest/2nd_agm_notice-1-,,आधिकारिक निवेशक जागरूकता सामग्री दावे का समर्थन करती है।,Hindi,,,,,,,,,,Supported,,,,,,,
നീന ഡോബ്രെവും ഷോൺ വൈറ്റും 2025 സെപ്റ്റംബറിൽ വിവാഹനിശ്ചയം അവസാനിപ്പിച്ചു.,സെപ്റ്റംബർ 11-ന് പീപ്പിൾ മാഗസിൻ ഇരുവരുടെയും വേർപിരിയൽ സ്ഥിരീകരിച്ചു; ഇത് പരസ്പര ബഹുമാനത്തോടെ എടുത്ത തീരുമാനമാണെന്ന് വൃത്തങ്ങൾ അറിയിച്ചു.,SheKnows,,,നീന ഡോബ്രെവും ഷോൺ വൈറ്റും 2025 സെപ്റ്റംബർ 11-ന് പരസ്പര ബഹുമാനത്തോടെ വിവാഹനിശ്ചയം അവസാനിപ്പിച്ചെന്ന് People/SheKnows സ്ഥിരീകരിക്കുന്നു.,Malayalam,,,,,,,,,Supported,,,https://www.sheknows.com/entertainment/slideshow/1234795137/celebrity-breakups-splits-2025/,,,,,
ٹرمپ نے انٹرویو کے دوران میزبان کے ساتھ پسندیدگی کا اظہار کیا۔,امریکی صدر ٹرمپ نے انٹرویو کے دوران ناراضگی کا اظہار کرتے ہوئے گفتگو ختم کردی اور مائیک پھینک کر چلے گئے۔ انہوں نے میزبان کے کندھے پر ہاتھ رکھا لیکن ناراضگی کے ساتھ یہ سب کیا۔,Inquilab (Urdu) - انقلاب، ممبئی,https://www.inquilab.com/news/articles/trumps-rude-behavior-with-female-journalist-left-the-interview-unfinished-and-threw-the-microphone-away-99845,,یہ ثبوت اس بات کی تصدیق نہیں کرتا کہ ٹرمپ نے میزبان کے ساتھ پسندیدگی کا اظہار کیا، بلکہ ان کی ناراضگی اور انٹرویو کے دوران کا رویہ اس دعوے کی تردید کرتا ہے۔,Urdu,,,,,,,,,Not Supported,,,,,,,,
ਕਰਨ ਔਜਲਾ ਨੇ ਨਿਊਜ਼ੀਲੈਂਡ ਵਿੱਚ ਆਪਣੇ ਨਵੇਂ ਸੰਗੀਤਕ ਟੂਰ ਦਾ ਐਲਾਨ ਕੀਤਾ ਹੈ।,"ਅਧਿਕਾਰਤ ਸੋਸ਼ਲ ਮੀਡੀਆ ਹੈਂਡਲ ਮੁਤਾਬਕ, ਕਰਨ ਔਜਲਾ ਨੇ ਨਿਊਜ਼ੀਲੈਂਡ ਟੂਰ ਦੀ ਪੁਸ਼ਟੀ ਕੀਤੀ ਹੈ।",BBC News Punjabi,https://www.bbc.com/punjabi?id=10394,,,Punjab,,,,,,,,,,,,,,Supported,,,
അമിതാഭ് ബച്ചൻ 2025 ജൂണിൽ 75% ലിവർ ഡാമേജുമായി ഐ.സി.യുവിൽ പ്രവേശിപ്പിക്കപ്പെട്ടെന്ന വാർത്ത സാമൂഹ്യ മാധ്യമങ്ങളിൽ വൈറലായി.,"വസ്തുത പരിശോധനയിൽ ഈ അവകാശവാദം തെറ്റാണെന്ന് കണ്ടെത്തി; ബച്ചൻ ജൂൺ 5-ന് സ്വന്തം സോഷ്യൽ മീഡിയയിൽ സജീവമായിരുന്നു, ആശുപത്രിവാസത്തെക്കുറിച്ച് സ്ഥിരീകരണമില്ല.",NewsMeter,,,അമിതാഭ് ബച്ചൻ ലിവർ ഡാമേജുമായി ഐ.സി.യുവിൽ പ്രവേശിപ്പിക്കപ്പെട്ടെന്ന വാർത്ത തെറ്റാണെന്നും ജൂൺ 5-ന് അദ്ദേഹം സോഷ്യൽ മീഡിയയിൽ സജീവമായിരുന്നെന്നും NewsMeter-ന്റെ വസ്തുതാ പരിശോധന സ്ഥിരീകരിക്കുന്നു.,Malayalam,,,,,,,,,Not Supported,,,https://newsmeter.in/fact-check/amitabh-bachchan-is-in-icu-due-to-liver-failure-no-viral-post-is-a-clickbait-749608,,,,,
"टेस्ला कम्पनीका सिइओ एलन मस्कले २९९ डलर मुल्य पर्ने सुर्यको प्रकाशबाट चार्ज हुने, स्याटलाइटबाट इन्टरनेट कनेक्ट हुने र फोनबाटै घर र गाडीको कन्ट्रोल गर्न मिल्ने फिचर्स भएको टेस्ला फोन बनाउँदै छन्।","नुझुक्किनुस्, एलन मस्कले २९९ डलर पर्ने टेस्ला फोन बनाउने भनेका छैनन् - Nepal Factcheck ☰ होम हाम्रो बारे मिथ्या सूचना के हो? हाम्रो वर्गीकरणको अर्थ मिथ्या सूचना: के गर्ने? FAQs तथ्यजाँच अनुरोध × होम हाम्रो बारे मिथ्या सूचना के हो? हाम्रो वर्गीकरणको अर्थ मिथ्या सूचना: के गर्ने? FAQs तथ्यजाँच अनुरोध तथ्यजाँच मिथ्या सूचना वागमती सम्बन्धित प्रदेश नुझुक्किनुस्, एलन मस्कले २९९ डलर पर्ने टेस्ला फोन बनाउने भनेका छैनन् Home तथ्यजाँच मिथ्या सूचना सागर बुढाथोकी मंसिर १३, २०८१ नुझुक्किनुस्, एलन मस्कले २९९ डलर पर्ने टेस्ला फोन बनाउने भनेका छैनन् टेस्ला कम्पनीका सिईओ एलन मस्कले ‘२९९ अमेरिकी डलर मूल्य पर्ने टेस्ला फोनले आइफोनको अन्त्य गर्नेछ’ भनेको दावी गरिएको एउटा पोस्ट सामाजिक सञ्जाल फेसबुकमा भाइरल भएको छ। तर हाम्रो तथ्य जाँचले उक्त दावी मिथ्या रहेको ठहर गरेको छ। एलन मस्कले २९९ डलर पर्ने टेस्ला फोन बनाउने दावी गरेका छैनन्। के छ दावी ? ५५ सय फलोअर्स रहेको सुरज गैरै ‘विवस’ नामक फेसबुक प्रयोगकर्ताले नोभेम्बर २४ मा (मंसिर ९ गते) एलोन मस्कले रातो रङको फोन बोकेको फोटो राखेर एउटा पोस्ट गरेका छन्। पोस्टको शीर्षक,अंग्रेजी भाषामा – एलन मस्क : ‘दि २९९ डलर टेस्ला फोन विल बि दि इण्ड अफ आइफोन’ राखिएको छ। हेर्नुस्, स्क्रिन सट । अर्काइभ लिंक त्यस्तै फोनमा स्याटलाइटमार्फत विश्वव्यापी इन्टरनेट जडान हुने, सूर्यको प्रकाशबाट चार्ज हुने, फोनबाटै गाडी र घरका उपकरणहरू कन्ट्रोल गर्न मिल्ने ‘फिचर्स’ भएको पोस्टमा उल्लेख छ। यो तथ्यजाँच गर्दासम्म उक्त पोस्टमा १,९०० रियाक्शन दिइएको छ भने १०६ वटा कमेण्ट र ५३ पटक सेयर गरिएको छ। तथ्य के हो ? हामीले यो विषयको तथ्यजाँच गर्नका लागी गुगलमा ‘एलन मस्क टेस्ला फोन’ कीवर्ड राखेर सर्च गर्‍यौँ। सो क्रममा एलन मस्कसँग समबन्धित उत्पादनहरुको सामाग्री प्रकाशित गर्ने टेस्लाराटी डटकम नामक वेबसाइटमा प्रकाशित Tesla Phone rumors clarified by CEO Elon Musk शीर्षकको समाचारमा पुग्यौँ। उक्त समाचार अनुसार, मस्कले गत नोभेम्बर ५ (कार्तिक २० गते) मा जोय रोगनसँग कुराकानी गर्दै टेस्लाले फोन बनाउन लागेको कुरा ‘र्‍युमर्स’ अथवा हल्ला भएको बताएका छन्। जोय रोगनको अन्तर्वातालाई उदृत गर्दै मस्कले ‘सायद टेस्ला विश्वको कुनै पनि कम्पनीभन्दा नयाँ फोन बनाउनको लागि राम्रो स्थितिमा भएतापनि अहिले आफुले फोन",NepalFactCheck.org,https://nepalfactcheck.org/2024/11/elon-musk-tesla-phone-299-dollar-rumors-debunked/,,मिथ्या सूचना । एलन मस्कले हालसम्म यस्तो फिचर्स भएको फोन बनाउने दावी गरेका छैनन्। उनले जोय रोगनसँगको अन्तर्वातामा अहिले आफुले फोन बनाउन नचाहेको उल्लेख गरेका छन्। त्यसैले सामाजिक सञ्जालमा मस्कले फोन बनाउने भनेर गरिएको दावी मिथ्या हो।,Nepali,,,,,,,,,REFUTES,,,,health_medicine,,,,
مریم نواز نے لاہور ہائی کورٹ میں پاسپورٹ واپس کرنے کے لیے درخواست دائر کی ہے۔,مریم نواز نے لاہور ہائی کورٹ میں پاسپورٹ واپسی کے لیے دوبارہ درخواست دائر کی ہے، جس میں استدعا کی گئی ہے کہ عدالت پاسپورٹ واپس کرنے کا حکم دے۔,The Siasat Daily (Urdu) - سیاست ڈیلی، حیدرآباد,https://urdu.siasat.com/news/%d9%85%d8%b1%db%8c%d9%85-%d9%86%d9%88%d8%a7%d8%b2-%da%a9%db%8c-%d9%be%d8%a7%d8%b3%d9%be%d9%88%d8%b1%d9%b9-%d9%88%d8%a7%d9%be%d8%b3%db%8c-%da%a9%db%8c%d9%84%d8%a6%db%92-%d8%af%d9%88%d8%a8%d8%a7%d8%b1-1406683/,,یہ شواہد مریم نواز کی درخواست دائر کرنے کی تصدیق کرتے ہیں، جو کہ دعوے کی درستگی کو ثابت کرتا ہے۔,Urdu,,,,,,,,,Supported,,,,,,,,
బ్యాంకులు జారీ చేసే సర్టిఫికేట్ ఆఫ్ డిపాజిట్ (CD) కనీస పరిమితి రూ. 1 లక్ష మరియు దాని గుణిజాలు.,షెడ్యూల్డ్ వాణిజ్య బ్యాంకులు 7 రోజుల నుండి 1 సంవత్సరం వ్యవధితో డిపాజిట్ సర్టిఫికెట్లను విడుదల చేయవచ్చు.,Reserve Bank of India,https://www.rbi.org.in,,,Telugu,,,,,,,Supported,,,,,,,,,,
ਪ੍ਰਸਿੱਧ ਅਦਾਕਾਰ ਰਣਜੀਤ ਬਾਵਾ ਨੂੰ ਬਾਲੀਵੁੱਡ ਫਿਲਮ ਲਈ ਸਾਈਨ ਕੀਤਾ ਗਿਆ ਹੈ।,ਪ੍ਰੋਡਕਸ਼ਨ ਹਾਊਸ ਨੇ ਪ੍ਰੈਸ ਨੋਟ ਜਾਰੀ ਕਰਕੇ ਰਣਜੀਤ ਬਾਵਾ ਦੇ ਇਸ ਪ੍ਰੋਜੈਕਟ ਵਿੱਚ ਸ਼ਾਮਲ ਹੋਣ ਦੀ ਪੁਸ਼ਟੀ ਕੀਤੀ ਹੈ।,PTC News,https://www.ptcnews.tv/?id=10139,,,Punjab,,,,,,,,,,,,,,Supported,,,
حکومت کا کہنا ہے کہ ای ۸۵ فیول کے استعمال سے خام تیل کی درآمدات میں کمی آئے گی۔,حکومت نے ای ۸۵ فیول کے آغاز کا اعلان کیا ہے جس کے نتیجے میں نہ صرف صارفین کی اخراجات میں کمی ہوگی بلکہ خام تیل کی درآمدات پر ملک کا انحصار بھی کم ہوگا۔ یہ تیل کی قیمتوں میں اضافے کو مدنظر رکھتے ہوئے ایک مثبت اقدام ہے۔,Inquilab (Urdu) - انقلاب، ممبئی,https://www.inquilab.com/news/articles/e85-fuel-launched-in-country-20-rupees-cheaper-than-petrol-99715,,یہ دلیل اس دعوے کی تصدیق کرتی ہے کہ ای ۸۵ فیول کے استعمال سے خام تیل کی درآمدات میں کمی آئے گی کیونکہ حکومت نے اس اقدام کی وجہ اس کا تعین کیا ہے۔,Urdu,,,,,,,,,Supported,,,,,,,,
अक्टूबर 2023 की MPC बैठक में RBI ने रेपो दर 6.50% पर अपरिवर्तित रखी।,अक्टूबर 2023 की मौद्रिक नीति समीक्षा में MPC ने नीति रेपो दर 6.50% पर बनाए रखने का निर्णय लिया।,RBI,https://www.rbi.org.in/Scripts/BS_PressReleaseDisplay.aspx?prid=56580,,आधिकारिक MPC प्रेस विज्ञप्ति से सत्यापित।,Hindi,,,,,,,,,,Supported,,,,,,,
గజనీ మహమూద్ సోమనాథ్ నుంచి సంపద దోచుకున్నాడు.,ఆలయం సీసం స్తంభాలపై నిర్మించారు. వేలాది మంది చనిపోయారు.,BBC News తెలుగు,https://www.bbc.com/telugu/articles/c6pekq65n4wo,,,Telugu,,,,,,,,,Supported,,,,,,,,
وزیر اعلیٰ نے آنجہانی چیف منسٹر کی برسی کے موقع پر خراج عقیدت پیش کیا۔,وزیر اعلیٰ آندھرا پردیش وائی ایس جگن موہن ریڈی نے آج صبح آنجہانی چیف منسٹر ڈاکٹر وائی ایس راج شیکھر ریڈی کی برسی کے موقع پر پھول پیش کیے اور خراج عقیدت پیش کیا۔ ان کے ساتھ خاندان کے دیگر افراد بھی موجود تھے۔,The Siasat Daily (Urdu) - سیاست ڈیلی، حیدرآباد,https://urdu.siasat.com/news/%d8%a7%d9%93%d9%86%d8%ac%db%81%d8%a7%d9%86%db%8c-%d8%b1%d8%a7%d8%ac-%d8%b4%db%8c%da%a9%da%be%d8%b1-%d8%b1%db%8c%da%88%db%8c-%da%a9%d9%88-%d8%ae%d8%b1%d8%a7%d8%ac-%d8%b9%d9%82%db%8c%d8%af%d8%aa-1405404/,,مضمون میں وزیر اعلیٰ کی جانب سے خراج عقیدت پیش کرنے کی تفصیلات موجود ہیں، لیکن اس حوالے سے کوئی معلومات نہیں دی گئی کہ اس تقریب کا حکومت کی اسکیمات پر کیا اثر ہوگا۔,Urdu,,,,,,,,,Not Enough Information (NEI),,,,,,,,
بندی سنجے کی یاترا شہری علاقوں میں ووٹروں کو متوجہ کرنے کے لئے ہے.,بندی سنجے کی یاترا کا چوتھا مرحلہ 12 ستمبر سے شروع ہوگا اور یہ میڑچل ملکاجگری اور رنگاریڈی اضلاع میں ہوگی۔ اس کا مقصد شہری ووٹ بینک کو نشانہ بنانا ہے۔,The Siasat Daily (Urdu) - سیاست ڈیلی، حیدرآباد,https://urdu.siasat.com/news/%d8%a8%d9%86%da%88%db%8c-%d8%b3%d9%86%d8%ac%db%92-%da%a9%db%8c-%d9%be%d8%b1%d8%ac%d8%a7%d8%b3%d9%86%da%af%d8%b1%d8%a7%d9%85-%db%8c%d8%a7%d8%aa%d8%b1%d8%a7-%da%a9%d8%a7-12%d8%b3%d8%aa%d9%85%d8%a8%d8%b1-1405752/,,یہ ثبوت واضح طور پر بیان کرتا ہے کہ بنڈی سنجے کی یاترا شہری علاقوں کے ووٹروں کو متوجہ کرنے کے لئے ترتیب دی گئی ہے، جو دعویٰ کی تصدیق کرتا ہے۔,Urdu,,,,,,,,,Supported,,,,,,,,
ਪ੍ਰਸਿੱਧ ਅਦਾਕਾਰ ਮਨਕੀਰਤ ਔਲਖ ਨੂੰ ਬਾਲੀਵੁੱਡ ਫਿਲਮ ਲਈ ਸਾਈਨ ਕੀਤਾ ਗਿਆ ਹੈ।,ਪ੍ਰੋਡਕਸ਼ਨ ਹਾਊਸ ਨੇ ਪ੍ਰੈਸ ਨੋਟ ਜਾਰੀ ਕਰਕੇ ਮਨਕੀਰਤ ਔਲਖ ਦੇ ਇਸ ਪ੍ਰੋਜੈਕਟ ਵਿੱਚ ਸ਼ਾਮਲ ਹੋਣ ਦੀ ਪੁਸ਼ਟੀ ਕੀਤੀ ਹੈ।,BBC News Punjabi,https://www.bbc.com/punjabi?id=10241,,,Punjab,,,,,,,,,,,,,,Supported,,,
2025 നവംബർ 10-ന് ഡൽഹി ചെങ്കോട്ടയ്ക്ക് സമീപം കാർ സ്ഫോടനത്തിൽ 15-ലധികം പേർ കൊല്ലപ്പെട്ടു.,അമോണിയം നൈട്രേറ്റ് ഫ്യുവൽ ഓയിൽ അടങ്ങിയ കാർ പൊട്ടിത്തെറിച്ചതായി പോലീസ് കണ്ടെത്തി; 2025 നവംബർ 12-ന് ഇന്ത്യൻ സർക്കാർ സംഭവത്തെ ഭീകരാക്രമണമായി പ്രഖ്യാപിച്ചു.,Delhi Police / Government Statement (via News on AIR),https://www.newsonair.gov.in/tag/delhi-police-registers-case-under-uapa/,,,Malayalam,,,,,,,Supported,,,,"വിക്കിപീഡിയ/വാർത്താ റിപ്പോർട്ടുകൾ സ്ഥിരീകരിക്കുന്നു: 2025 നവംബർ 10-ലെ ചെങ്കോട്ട കാർ സ്ഫോടനത്തിൽ മരണസംഖ്യ ക്രമേണ ഉയർന്ന് ഒടുവിൽ കൃത്യമായി 15 ആയി (15-ലധികമല്ല); അമോണിയം നൈട്രേറ്റ്, നവംബർ 12-ലെ ഭീകരാക്രമണ പ്രഖ്യാപനം എന്നിവ ശരിയാണ് — പ്രധാന വസ്തുതകൾ ശരിയായതിനാൽ Supported, എന്നാൽ 'ലധികം' എന്നത് നിസ്സാര അതിശയോക്തിയാണ്.",,,,,,
ഗോവിന്ദയും സുനിത അഹൂജയും 2025-ൽ വിവാഹമോചനത്തിലേക്ക് നീങ്ങുന്നു എന്ന വാർത്ത വീണ്ടും പ്രചരിച്ചു.,ഗോവിന്ദയുടെ മാനേജരും അഭിഭാഷകനും ഈ റിപ്പോർട്ട് പഴയ വാർത്തയാണെന്നും ദമ്പതികൾ പിരിയുന്നില്ലെന്നും വ്യക്തമാക്കി.,Deccan Herald,,,ഗോവിന്ദ-സുനിത അഹൂജ വിവാഹമോചന വാർത്ത പഴയതാണെന്നും ദമ്പതികൾ പിരിയുന്നില്ലെന്നും ഗോവിന്ദയുടെ മാനേജരും അഭിഭാഷകനും വ്യക്തമാക്കിയെന്ന് Deccan Herald സ്ഥിരീകരിക്കുന്നു.,Malayalam,,,,,,,,,Not Supported,,,https://www.deccanherald.com/amp/story/entertainment%2Fgovinda-sunita-divorce-rumours-resurface-manager-says-nothing-new-3694119,,,,,
تلنگانہ میں مقامی لوگوں کو نوکریاں فراہم کرنے کے وعدے پر عمل درآمد کیا جائے گا۔,وزیر ایکسائز نے درخواست کی کہ مقامی لوگوں کو فیکٹری میں نوکریاں دی جائیں، جس پر کمپنی کی انتظامیہ نے اس بات کی تصدیق کی کہ وہ مقامی لوگوں کے لیے تربیتی پروگرام شروع کرنے کا وعدہ کرتی ہے۔,Munsif Daily (Urdu) - منصف ڈیلی، حیدرآباد,https://munsifdaily.com/ktr-lays-foundation-stone-for-amara-rajas-lithium-cell-manufacturing-unit-in-telangana/,,مضمون میں نوکریوں کے وعدے کی تصدیق کی گئی ہے لیکن اس کی تفصیلات یا عمل درآمد کے بارے میں مزید معلومات موجود نہیں ہیں۔,Urdu,,,,,,,,,Not Enough Information (NEI),,,,,,,,
2023-ൽ ഇന്ത്യയിൽ കൊലപാതക കേസുകളും ബലാത്സംഗ കേസുകളും മുൻവർഷത്തെക്കാൾ കുറഞ്ഞു.,"NCRB കണക്കുകൾ പ്രകാരം 2023-ൽ കൊലപാതക കേസുകളിൽ 2.8%-ഉം ബലാത്സംഗ കേസുകളിൽ 5.9%-ഉം കുറവുണ്ടായി, അതേസമയം സൈബർ കുറ്റകൃത്യങ്ങളും സാമ്പത്തിക കുറ്റകൃത്യങ്ങളും വർധിച്ചു.",Vajiram & Ravi (NCRB Report),https://vajiramandravi.com/current-affairs/crime-in-india-2023-ncrb-report-highlights-surge-in-cybercrime-in-india/,,,Malayalam,,,,,,,Supported,,,,"NCRB ഡേറ്റ (Vajiram & Ravi വഴി) സ്ഥിരീകരിക്കുന്നു: 2023-ൽ കൊലപാതകം 2.8%-ഉം ബലാത്സംഗം 5.9%-ഉം കുറഞ്ഞു, സൈബർ/സാമ്പത്തിക കുറ്റകൃത്യങ്ങൾ വർധിച്ചു — ക്ലെയിം കൃത്യമാണ്.",,,,,,
ਗਿੱਪੀ ਗਰੇਵਾਲ ਨੇ ਨਿਊਜ਼ੀਲੈਂਡ ਵਿੱਚ ਆਪਣੇ ਨਵੇਂ ਸੰਗੀਤਕ ਟੂਰ ਦਾ ਐਲਾਨ ਕੀਤਾ ਹੈ।,"ਅਧਿਕਾਰਤ ਸੋਸ਼ਲ ਮੀਡੀਆ ਹੈਂਡਲ ਮੁਤਾਬਕ, ਗਿੱਪੀ ਗਰੇਵਾਲ ਨੇ ਨਿਊਜ਼ੀਲੈਂਡ ਟੂਰ ਦੀ ਪੁਸ਼ਟੀ ਕੀਤੀ ਹੈ।",Jagbani,https://punjabi.bollywoodtadka.in/?id=10115,,,Punjab,,,,,,,,,,,,,,Supported,,,
బ్యాంకు ఖాతాలో 10 సంవత్సరాల పాటు ఎటువంటి లావాదేవీలు జరగకపోతే ఆ నిధులను ఆఆర్‌బీఐ యొక్క DEAF (DEAF Account) కు బదిలీ చేస్తారు.,డిపాజిటర్ ఎడ్యుకేషన్ అండ్ అవేర్‌నెస్ ఫండ్ (DEAF) లోకి అన్‌క్లెయిమ్డ్ డిపాజిట్లు బదిలీ అవుతాయి.,Reserve Bank of India,https://www.rbi.org.in,,,Telugu,,,,,,,Supported,,,,,,,,,,
फुलब्राइट स्कलरसिप पाउन ४० वर्षभन्दा कम उमेर हुनुपर्छ।,"के फुलब्राइट स्कलरसिप पाउन ४० वर्षभन्दा कम उमेर हुनुपर्छ? - Nepal Factcheck ☰ होम हाम्रो बारे मिथ्या सूचना के हो? हाम्रो वर्गीकरणको अर्थ मिथ्या सूचना: के गर्ने? FAQs तथ्यजाँच अनुरोध × होम हाम्रो बारे मिथ्या सूचना के हो? हाम्रो वर्गीकरणको अर्थ मिथ्या सूचना: के गर्ने? FAQs तथ्यजाँच अनुरोध तथ्यजाँच मिथ्या सूचना वागमती सम्बन्धित प्रदेश के फुलब्राइट स्कलरसिप पाउन ४० वर्षभन्दा कम उमेर हुनुपर्छ? Home तथ्यजाँच मिथ्या सूचना नेपाल फ्याक्ट चेक माघ १५, २०८० के फुलब्राइट स्कलरसिप पाउन ४० वर्षभन्दा कम उमेर हुनुपर्छ? अमेरिकामा अध्ययन गर्न अमेरिकी सरकारले उपलब्ध गराउने फुलब्राइट स्कलरसिप पाउन ४० वर्षभन्दा कम उमेर हुनुपर्ने दावीसहितका समाचार मिडियामा आएका छन्। तर हाम्रो तथ्य जाँचले ती दावी मिथ्या देखियो। फुलब्राइट स्कलरसिपमा उमेर हद तोकिएको छैन। के छ दावी ? संघीय संसद्को महासचिवमा सिफारिस पद्मप्रसाद पाण्डेय अहिले विवादमा छन्। उनले दुई वटा नागरिकता लिएको र एउटामा ६ वर्ष उमेर घटाइएको समाचार मिडियामा आएका छन्। उमेर घटाउन पर्नुको एउटा कारणमा अमेरिकी सरकारले दिने फुलब्राइट स्कलरसिप पाउन ४० वर्षभन्दा कम उमेरको हुनुपर्ने भएकोले दावी गरिएको छ। कान्तिपुर टेलिभिजनमा ‘संसद्का कार्यवाहक महासचिव पाण्डेयको दोहोरो नागरिकताको यस्तो छ नालीबेली’ शीर्षकको माघ १३, २०८० को समाचारमा लेखिएको छ- संघीय संसद्को महासचिवमा सिफारिस पद्मप्रसाद पाण्डेयले अमेरिकामा ‘फूल ब्राइट स्कलरसिप’मा अध्ययनका लागि दोस्रो नागरिकता लिएको खुलेको छ । ४० वर्ष उमेर हदका कारण अध्ययन गर्न जान नपाउने भएपछि ६ वर्ष उमेर घटाएर दोस्रो नागरिकता लिएका पाण्डेय अहिले विवादमा मुछिएका छन् । संघीय संसद् सचिवालयका कार्यवाहक महासचिव पाण्डेयको २०४६ असार २८ गते पहिलो पटक जिल्ला प्रशासन कार्यालय पाल्पाबाट लिएको नागरिकतामा जन्ममिति २०२६ असोज १५ गते राखिएको छ । तर, अमेरिकी सरकारले दिने फूल ब्राइट स्कलरसिपमा अध्ययन गर्न आफ्नो नागरिकताको उमेरले नमिल्ने भएपछि ६ वर्ष उमेर घटाएर उनले २०३२ पुस २६ गतेको जन्ममिति राखेर २०६६ भदौ ८ गते दोस्रो नागरिकता लिए । ४० वर्षभन्दा कम उमेरकाले मात्रै फूल ब्राइट स्कलरसिपमा अध्ययन गर्न पाउने भएकाले पाण्डेयले पदीय दुरुपयोग गरेर उमेर घटाएको पाइएको हो । कान्तिपुर टेलिभिजनको समाचारको अर्काइभ लिङ्क। त्यसैगरी कान्तिपुर टेलिभिजनको य",NepalFactCheck.org,https://nepalfactcheck.org/2024/01/fulbright-scholorship-age-limit-misinformation/,,मिथ्या सूचना। फुलब्राइट स्कलरसिपको आधिकारिक वेबसाइटमा उमेर हद नभएको उल्लेख छ। त्यसैगरी नेपालस्थित फुलब्राइट कमिसनले नेपालफ्याक्टचेकलाई इमेलमा दिएको जानकारीमा पनि फुलब्राइट स्कलरसिपमा उमेर हद नभएको उल्लेख छ।,Nepali,,,,,,,,,REFUTES,,,,politics_elections,,,,
"मई 2022 GST संग्रह ₹1,40,885 करोड़।",मई 2022 में कुल GST राजस्व ₹1.40 लाख करोड़ से अधिक रहा।,Ministry of Finance,,,,Hindi,,,,https://pib.gov.in/PressReleasePage.aspx?PRID=1830188,Supported,वित्त मंत्रालय के राजस्व आंकड़ों से सत्यापित।,,,,,,,,,,,
टोपबहादुर रायमाझीलाई ११ वर्ष र बालकृष्ण खाणलाई ५ वर्ष ३ महिना कैद सजाय निर्धारण भएको,"टोपबहादुर रायमाझी र बालकृष्ण खाणलाई तोकिएको कैदबारे मूलधारका सञ्चारमाध्यमको दाबी भ्रामक - Nepal Factcheck ☰ होम हाम्रो बारे मिथ्या सूचना के हो? हाम्रो वर्गीकरणको अर्थ मिथ्या सूचना: के गर्ने? FAQs तथ्यजाँच अनुरोध × होम हाम्रो बारे मिथ्या सूचना के हो? हाम्रो वर्गीकरणको अर्थ मिथ्या सूचना: के गर्ने? FAQs तथ्यजाँच अनुरोध तथ्यजाँच भ्रामक सूचना वागमती टोपबहादुर रायमाझी र बालकृष्ण खाणलाई तोकिएको कैदबारे मूलधारका सञ्चारमाध्यमको दाबी भ्रामक Home तथ्यजाँच भ्रामक सूचना टेकमान शाक्य असार ३०, २०८३ टोपबहादुर रायमाझी र बालकृष्ण खाणलाई तोकिएको कैदबारे मूलधारका सञ्चारमाध्यमको दाबी भ्रामक नक्कली भुटानी शरणार्थी प्रकरणमा पूर्वउपप्रधानमन्त्री टोपबहादुर रायमाझीलाई ११ वर्ष र पूर्वगृहमन्त्री बालकृष्ण खाणलाई ५ वर्ष ३ महिना कैद सजाय निर्धारण भएको भन्दै मूलधारका सञ्चारमाध्यममा समाचार प्रकाशित भएका छन् । तर नेपालफ्याक्टचेकको तथ्यजाँचमा यो दाबी भ्रामक रहेको पुष्टि भएको छ । काठमाडौँ जिल्ला अदालतको फैसला अनुसार रायमाझीलाई एकीकृत रूपमा ४ वर्ष र खाणलाई २ वर्ष मात्र कैद सजाय तोकिएको हो । के हो दावी ? इकान्तिपुर डटकममा २०८३ साल असार ३० गते नक्कली भुटानी शरणार्थी प्रकरणमा पूर्वउपप्रधानमन्त्री टोपबहादुर रायमाझीलाई ११ वर्ष र पूर्वगृहमन्त्री बालकृष्ण खाणलाई ५ वर्ष ३ महिना कैद सजाय तोकिएको समाचार प्रकाशित भयो । हेर्नुहोस् इकान्तिपुरको स्क्रिनसट कान्तिपुरको ओरिजिनल लिंक यहाँ छ भने अर्काइभ लिंक यहाँ छ । सोही दाबी रेडियो कान्तिपुरको आधिकारिक फेसबुक पेज र थाहाखबर डटकममा पनि प्राथमिकताका साथ प्रकाशन गरियो । थाहाखबरको समाचारमा रायमाझीलाई ठगी, संगठित अपराध र राज्यविरुद्धको कसुरमा दोषी ठहर गर्दै कूल ११ वर्ष कैद तोकिएको उल्लेख छ । हेर्नुहोस् रेडियो कान्तिपुरको स्क्रिनसट रेडियो कान्तिपुरको ओरिजिनल लिंक यहाँ छ भने अर्काइभ लिंक यहाँ छ । हेर्नुहोस् थाहाखबरको स्क्रिनसट थाहाखबरको ओरिजिनल लिंक यहाँ छ भने अर्काइभ लिंक यहाँ छ । दावीको प्रभाव इकान्तिपुर, रेडियो कान्तिपुर र थाहाखबर जस्ता मूलधारका स्थापित सञ्चारमाध्यमबाट सम्प्रेषित समाचार भएकाले यसलाई सामाजिक सञ्जालमा सर्वसाधारण प्रयोगकर्ताहरूले सत्य ठानी व्यापक रूपमा रियाक्ट, कमेन्ट र सेयर गरिरहेका छन्, जसका कारण भ्रम तीव्र रूपमा फैलिरहेको छ । के हो तथ्य ? यस दाबीको सत्यता प",NepalFactCheck.org,https://nepalfactcheck.org/2026/07/kantipurs-report-on-bhutanese-refugee-case-sentencing-of-rayamajhi-and-khad-misleading/,,भ्रामक (Misleading) । अदालतले रायमाझीलाई एकीकृत रूपमा ४ वर्ष कैद र ४० हजार जरिवाना तथा खाणलाई एकीकृत रूपमा २ वर्ष कैद र २० हजार जरिवाना मात्र तोकेको हो । सबै कसुरको कैद अवधि जोडेर समाचार लेख्नु कानुनी व्यवस्था विपरीत छ ।,Nepali,,,,,,,,,REFUTES,,,,politics_elections,,,,
മലയാളത്തിലെ മികച്ച നടനുള്ള ഫിലിംഫെയർ അവാർഡ് ഏറ്റവും കൂടുതൽ തവണ (14) നേടിയ താരമെന്ന റെക്കോർഡ് മമ്മൂട്ടിക്കാണ്.,"2024-ൽ ഏറ്റവും ഒടുവിലായി ഈ പുരസ്കാരം നേടിയതും മമ്മൂട്ടി തന്നെയാണ്, അഞ്ച് വ്യത്യസ്ത ദശകങ്ങളിൽ അവാർഡ് നേടിയ ഏക താരവുമാണ് അദ്ദേഹം.",Wikipedia,,,"മലയാളത്തിലെ മികച്ച നടനുള്ള ഫിലിംഫെയർ അവാർഡ് ഏറ്റവും കൂടുതൽ തവണ (14) നേടിയ റെക്കോർഡ് മമ്മൂട്ടിക്കാണെന്നും, 2024-ൽ ഏറ്റവും ഒടുവിലായി ഇത് നേടിയതും അദ്ദേഹമാണെന്നും Wikipedia സ്ഥിരീകരിക്കുന്നു. അവകാശവാദം കൃത്യമാണ്.",Malayalam,,,,,,,,,Supported,,,https://en.wikipedia.org/wiki/Filmfare_Award_for_Best_Actor_%E2%80%93_Malayalam,,,,,
"प्रधानमन्त्री पुष्पकमल दाहाल ‘प्रचण्ड’ को भारतीय आधार कार्ड र स्थायी लेखा संख्या कार्ड । दावीकर्ताः सामाजिक सञ्जाल प्रयोगकर्ता। तथ्यः मिथ्या सूचना। भारतीय आधार कार्ड र स्थायी लेखा संख्या कार्ड जस्तो देखिने कार्ड इन्टरनेटमा उपलब्ध निःशुल्क वेबसाइटबाट बनाएको देखिन्छ। यस्तो वेबसाइटबाट जुनसुकै व्यक्तिको फोटो राखेर जस्तोसुकै नामबाट नक्कली डकुमेन्ट बनाउन मिल्छ। प्रतिक्रिया दिनुहोस् 631 अहिलेसम्म गरिएका तथ्यजाँच सङ्ख्या सबैभन्दा धेरै हेरिएको के लक्ष्मी बैंकको सबै बैँक खाता बन्द गर्न अदालतले आदेश दिएको हो? फाल्गुन २९, २०७९ के हो ‘एमाले महाधिवेशन अन्तर्राष्ट्रिय नजरमा’ लेखिएको भाइरल पोस्टको तथ्य? मंसिर १३, २०७८ के हो सामाजिक सञ्जालमा भाइरल भएको मन्त्री झाँक्रीको घर भनिएको फोटोको तथ्य ? जेष्ठ २३, २०७९ के हो फेसबुकमा भाइरल भएको मञ्जु भण्डारीको स्टायटसको तथ्य ? साउन १९, २०७९ यात्री मोटरसाइकलको भाइरल फोटो नयाँ हो कि पुरानो ? जेष्ठ ८, २०८० राष्ट्रिय गान शब्दबाट सुरु भएर शब्दबाटै अन्त्य हुनुपर्ने ओलीको दावी सही हो? चैत्र २५, २०७९ के स्वीडेनले सेक्सलाई खेलको मान्यता दिएको हो ? जेष्ठ २२, २०८० के राष्ट्रिय परिचय पत्र बनाउनको लागि सरकारले विश्व बैँकबाट ऋण लिएको हो ? अशोज ७, २०८१ के नागरिकता बनाउन अनलाइन रजिष्ट्रेशन गर्नुपर्ने वेबसाइट सञ्चालनमा आएको हो? अशोज १०, २०८१ के हो नेपालमा प्लास्टिकको चामल बिक्री भएको दावी गर्दै भाइरल भएको भिडियोको तथ्य? अशोज ४, २०८१ काठमाडौँको भन्दै भाइरल भिडियो वास्तवमा जापानको अशोज १६, २०८१","प्रधानमन्त्रीको भारतीय कार्ड दावी गर्दै भाइरल भएको सामग्रीको तथ्य के हो? - Nepal Factcheck ☰ होम हाम्रो बारे मिथ्या सूचना के हो? हाम्रो वर्गीकरणको अर्थ मिथ्या सूचना: के गर्ने? FAQs तथ्यजाँच अनुरोध × होम हाम्रो बारे मिथ्या सूचना के हो? हाम्रो वर्गीकरणको अर्थ मिथ्या सूचना: के गर्ने? FAQs तथ्यजाँच अनुरोध तथ्यजाँच मिथ्या सूचना वागमती प्रधानमन्त्रीको भारतीय कार्ड दावी गर्दै भाइरल भएको सामग्रीको तथ्य के हो? Home तथ्यजाँच मिथ्या सूचना वसन्त खड्का साउन २, २०८० प्रधानमन्त्रीको भारतीय कार्ड दावी गर्दै भाइरल भएको सामग्रीको तथ्य के हो? प्रधानमन्त्री पुष्पकमल दाहाल ‘प्रचण्ड’को भारतीय आधार कार्ड र स्थायी लेखा संख्या (प्यान) कार्ड रहेको भन्दै विभिन्न सामग्री सामाजिक सञ्जालमा भाइरल भइरहेका छन्। हाम्रो तथ्य जाँचमा भने ती सामग्री जोसुकैले जसको सुकै फोटो राखेर बनाउन पाइने वेबसाइटबाट बनाइएको अर्थात् मिथ्या रहेको पाइएको छ। के छ भाइरल सामग्रीमा ? नेपालसरकार युएनपी (Nepalsarkar Unp) नाम गरेको फेसबुक एकाउन्टबाट ‘राजनेता क.प्रचण्ड’ नामको ग्रुपमा जुलाई ९ मा एउटा पोस्ट भएको छ, जसमा प्रधानमन्त्री पुष्पकमल दाहाल ‘प्रचण्ड’ को फोटो र छविलाल दाहाल नाम उल्लेख भएको भारतीय आधार कार्ड जस्तो देखिने परिचय पत्र राखिएको छ। पोस्टमा यो उनको भारतको रासन कार्ड, आधार कार्ड भएको प्रमाण दावी गरिएको छ। उक्त पोस्टमा साउन १, २०८० सोमबार साँझसम्म ४५९ पटक रियाक्ट, ३१३ कमेन्ट ५६०० पटक सेयर गरिएको छ । भाइरल सामग्रीको स्क्रिनसट फेसबुक लिंक त्यस्तै ‘डि इज ब्याक’ नामको फेसबुकबाट पनि जुलाई १४ मा सोही तस्वीर र भाषा प्रयोग गर्दै उक्त सामग्री सेयर गरिएको छ । उक्त सामग्रीमा ४७ रियाक्सन, ७ वटा कमेन्ट र ३५ पटक सेयर गरिएको छ । सेयर गरिएको सामग्रीको स्क्रिनसट फेसबुक लिंक लेखनाथ पोखरेल नाम गरेको फेसबुक एकाउन्टबाट ‘क्या है यस्तो ?’ लेख्दै प्रधानमन्त्रीको फोटो प्रयोग गरिएका दुई वटा परिचयपत्र जस्तै देखिने सामग्री सेयर गरिएको छ। एउटा तस्वीरमा अन्य भाइरल सामग्रीमा जस्तै प्रधानमन्त्रीको फोटो र छविलाल दाहाल नाम उल्लेख गरिएको छ भने अर्काे फोटोमा स्थायी लेखा संख्या कार्ड लेखिएको छ जसमा प्रधानमन्त्री दाहालको तस्वीर प्रयोग गरिएको छ भने नाम घनश्याम दाहाल उल्लेख गरिएको छ । फेसबुकमा सेयर गरिएको सामग्रीको स्क्रिनसट फेसबुक लिंक के हो तथ्य ? हामीले",NepalFactCheck.org,https://nepalfactcheck.org/2023/07/pm-fake-id/,,"भारत-पाकिस्तान युद्ध बारे प्रधानमन्त्री ओलीले के भनेका हुन् ? बैशाख ३०, २०८२ यसमा प्रकाशित सबै सामग्री CC BY 4.0 अन्तर्गत छन्। यसलाई NepalFactCheck.org भनेर स्रोत खोलेर पूर्ण वा आशय फरक नपर्ने गरी सम्पादन गरी पुन: प्रकाशन गर्न पाइन्छ। ×",Nepali,,,,,,,,,REFUTES,,,,politics_elections,,,,
شارجیّل امام کا کیس بایئل کے لیے سننے کے لیے 7 جولائی تک ملتوی کر دیا گیا ہے۔,دہلی کی ایک عدالت نے جمعہ کو شارجیل امام کی عبوری ضمانت کی درخواست کو 7 جولائی تک ملتوی کر دیا۔ یہ فیصلہ اس وقت کیا گیا جب عدالتیں اس دن تعطیل پر تھیں۔ امام کی درخواست کو سپریم کورٹ کے فیصلے کی روشنی میں بڑھتا ہوا سمجھا جا رہا ہے۔,Munsif Daily (Urdu) - منصف ڈیلی، حیدرآباد,https://munsifdaily.com/sedition-case-delhi-court-adjourns-sharjeel-imams-bail-plea-to-july-7/,,شارجیل امام کی ضمانت کی درخواست کے ملتوی ہونے کا ذکر واضح طور پر مضمون میں موجود ہے، جو دعوے کی تصدیق کرتا ہے۔,Urdu,,,,,,,,,Supported,,,,,,,,
SEBI के अनुसार बिना पंजीकरण के कोई भी व्यक्ति निवेश सलाहकार के रूप में कार्य कर सकता है।,SEBI निवेश सलाहकारों के लिए नियामकीय व्यवस्था निर्धारित करता है।,sbilife.co.in,https://www.sbilife.co.in/hi/blogs/finance/who-is-a-sebi-registered-investment-advisor,,आधिकारिक नियम इस दावे का समर्थन नहीं करते।,Hindi,,,,,,,,,,Not Supported,,,,,,,
सहकारी प्रकरणमा रवि लामिछानेबारे आफूहरुले उठाएको सबै कुरा गलत भएको भनेर गगन थापाले माफी मागेको ।,"सहकारी छानबिनबारे गगन थापाले माफी मागेका हुन्? यस्तो छ वास्तविकता - Nepal Factcheck ☰ होम हाम्रो बारे मिथ्या सूचना के हो? हाम्रो वर्गीकरणको अर्थ मिथ्या सूचना: के गर्ने? FAQs तथ्यजाँच अनुरोध × होम हाम्रो बारे मिथ्या सूचना के हो? हाम्रो वर्गीकरणको अर्थ मिथ्या सूचना: के गर्ने? FAQs तथ्यजाँच अनुरोध तथ्यजाँच भ्रामक सूचना वागमती सहकारी छानबिनबारे गगन थापाले माफी मागेका हुन्? यस्तो छ वास्तविकता Home तथ्यजाँच भ्रामक सूचना टेकमान शाक्य पुस २७, २०८२ सहकारी छानबिनबारे गगन थापाले माफी मागेका हुन्? यस्तो छ वास्तविकता सहकारी प्रकरणमा संसदीय छानबिन समिति बनेको तर रवि लामिछानेबारे केही पनि नभेटिएको र आफूहरुले उठाएको विषय सबै गलत साबित भएको भनेर नेपाली का‌ंग्रेसका महामन्त्री गगन थापाले माफी मागेको भनेर तस्बिरसहितको स्टायटस र भिडियो भाइरल बनिरहेको छ। तर हाम्रो तथ्य जाँचले कांग्रेस महामन्त्री थापाको पुरानो भिडियोको क्लिपलाई तोडमोड गरेर भ्रम फैलाइएको पुष्टि गरेको छ। के हो दाबी ? १ लाख ६० हजार फलोअर्स रहेको लक्ष्मी ज्ञवाली नाम गरेको फेसबुक प्रोफाइलमा सन् २०२६ को जनवरी ८ मा गगन थापाको तस्बिरसहित एउटा स्टायटस पोष्ट भएको छ। तस्बिरमा जेमिनाई एआईको लोगोसमेत देखिन्छ। पोस्टमा नेपाली का‌ंग्रेसका महामन्त्री गगन थापाले सहकारी ठगी सम्बन्धी प्रकरणमा रवि लामिछानेमाथि लगाइएको आरोप हिजो पनि गलत थियो र आज पनि गलत छ, प्रमाण छैन भनेर बोलेको दाबी गरिएको छ। लेखिएको छ, “कांग्रेस नेता गगन थापा भन्छन् रवि लामिछाने माथि सहकारी ठगी सम्बन्धि लगाइएको आरोप हिजो पनि गलत थियो, आज पनि गलत छ, प्रमाण छैन !” यो तथ्यजाँचको समयसम्ममा यो पोस्टले ५ हजार रियाक्सन पाएको छ भने ७ सय २३ वटा कमेन्ट र १ सय ८९ पटक सेयर गरिएको छ। हेर्नुहोस् सार्वजनिक एआई जेनेरेटेड गगन थापाको तस्बिरसहितको फेसबुक पोष्ट फेसबुक स्टाटसको अर्काईभ लिंक यहाँ छ । जनवरी ८ कै दिन ६२ हजार फलोअर्स रहेको प्राइम खबर अनलाइन नामको फेसबुक पेजले पनि यही दाबीसहितको भिडियो क्लिप सार्वजनिक गरेको छ। भिडियोको क्याप्सनमा लेखिएको छ, ‘ काङ्ग्रेस नेता गगन थापा भन्छन् रवि लामिछाने माथि सहकारी ठगी सम्बन्धि लगाइएको आरोप हिजो पनि गलत थियो, आज पनि गलत छ, प्रमाण छैन ! यो तथ्यजाँच गर्ने समयसम्ममा यो भिडियोमा ४ सय‍भन्दा बढी रियाक्सन, २५ कमेन्ट र १ सय १७ सेयर भइसकेको छ भने ९० हजार पटक ",NepalFactCheck.org,https://nepalfactcheck.org/2026/01/sahakari-viral-claim/,,भ्रामक । सहकारी प्रकरणमा संसदीय छानबिन समिति बनेको तर रवि लामिछानेबारे केही पनि नभेटिएको र आफूहरुले उठाएको विषय सबै गलत सावित भएको भनेर नेपाली का‌ंग्रेसका महामन्त्री गगन थापाले कतै पनि बोलेका छैनन्। संसदीय छानबिन समिति बन्नुअघि गगन थापाले सन् २०२४ को मे १० मा पत्रकारसँग गरेको कुराकानीलाई तोडमोड गरेर भिडिओ भाइरल गराइएको हो।,Nepali,,,,,,,,,REFUTES,,,,politics_elections,,,,
کچھ لوگوں نے کے سی آر کے پروٹوکول کی خلاف ورزی پر احتجاج کیا۔,میڈک ضلع انتظامیہ کو کے سی آر کے نام کی غلط ترتیب کی وجہ سے آزادی کے دن کی دعوت نامہ دوبارہ جاری کرنا پڑا۔ یہ واقعہ اس وقت ہوا جب کے سی آر کا نام مخرسینوں اور ایم ایل ایز کے ناموں کے بعد درج کیا گیا تھا، جو پروٹوکول کی خلاف ورزی تھی۔,Munsif Daily (Urdu) - منصف ڈیلی، حیدرآباد,https://munsifdaily.com/attempt-to-insult-kcr-protest-over-protocol-violation-leads-to-reissue-of-invitation/,,یہ ثبوت اس دعوے کی تصدیق کرتا ہے کہ احتجاج پروٹوکول کی خلاف ورزی کے خلاف ہوا، جس کی وجہ سے دعوت نامہ دوبارہ جاری کیا گیا۔,Urdu,,,,,,,,,Supported,,,,,,,,
फरवरी 2023 की मौद्रिक नीति समीक्षा में RBI ने रेपो दर 6.50% करने की घोषणा की।,फरवरी 2023 की MPC बैठक में RBI ने रेपो दर 25 आधार अंक बढ़ाकर 6.50% करने का निर्णय लिया।,youtube.com,https://www.youtube.com/watch?v=pLv_ER-IYGU,,आधिकारिक MPC प्रेस विज्ञप्ति से सत्यापित।,Hindi,,,,,,,,,,Supported,,,,,,,
BSF نے آریا سیکٹر میں مشتبہ ڈرون کو مؤثر طریقے سے واپس بھیج دیا ہے۔,سرحدی سیکیورٹی فورس (BSF) نے جموں کے آریا سیکٹر میں ایک مشتبہ ڈرون کی حرکت کا پتہ لگایا اور اسے واپس بھیج دیا۔ BSF کے مطابق، تقریباً صبح 4:15 بجے درستی سے نشانی بندھنے والی روشنی کا مشاہدہ کیا گیا جس پر BSF کے جوانوں نے فائرنگ کی جس کی وجہ سے ڈرون واپس چلا گیا۔,Munsif Daily (Urdu) - منصف ڈیلی، حیدرآباد,https://munsifdaily.com/pak-drone-repulsed-by-bsf-in-jammus-arnia-sector/,,یہ شواہد دعوے کی تصدیق کرتے ہیں کیونکہ BSF نے واقعی مشتبہ ڈرون کو کامیابی سے واپس بھیجنے کا عمل کیا۔,Urdu,,,,,,,,,Supported,,,,,,,,
ਨੀਰੂ ਬਾਜਵਾ ਨੇ ਕੈਨੇਡਾ ਵਿੱਚ ਆਪਣੇ ਨਵੇਂ ਸੰਗੀਤਕ ਟੂਰ ਦਾ ਐਲਾਨ ਕੀਤਾ ਹੈ।,"ਅਧਿਕਾਰਤ ਸੋਸ਼ਲ ਮੀਡੀਆ ਹੈਂਡਲ ਮੁਤਾਬਕ, ਨੀਰੂ ਬਾਜਵਾ ਨੇ ਕੈਨੇਡਾ ਟੂਰ ਦੀ ਪੁਸ਼ਟੀ ਕੀਤੀ ਹੈ।",Ajit Web TV,https://www.ajitjalandhar.com/?id=10199,,,Punjab,,,,,,,,,,,,,,Supported,,,
"सोविता गौतमले भनिन्, बलात्कृत हुनु र थप्पड खानु एउटै हो।","सन्दर्भ काटेर फैलाइएको सोविता गौतमको ‘बलात्कार र थप्पड’ सम्बन्धी भनाइ भ्रामक - Nepal Factcheck ☰ होम हाम्रो बारे मिथ्या सूचना के हो? हाम्रो वर्गीकरणको अर्थ मिथ्या सूचना: के गर्ने? FAQs तथ्यजाँच अनुरोध × होम हाम्रो बारे मिथ्या सूचना के हो? हाम्रो वर्गीकरणको अर्थ मिथ्या सूचना: के गर्ने? FAQs तथ्यजाँच अनुरोध तथ्यजाँच भ्रामक सूचना वागमती सन्दर्भ काटेर फैलाइएको सोविता गौतमको ‘बलात्कार र थप्पड’ सम्बन्धी भनाइ भ्रामक Home तथ्यजाँच भ्रामक सूचना नेपाल तथ्यजाँच माघ २०, २०८२ सन्दर्भ काटेर फैलाइएको सोविता गौतमको ‘बलात्कार र थप्पड’ सम्बन्धी भनाइ भ्रामक राष्ट्रिय स्वतन्त्र पार्टी (रास्वपा) का निवर्तमान सांसद तथा आसन्न प्रतिनिधि सभा सदस्य निर्वाचनमा चितवन क्षेत्र नम्बर ३ का उम्मेदवार सोविता गौतमले ‘बलात्कार र थप्पड एउटै हो’ भनेको दावी गरिएको पोस्ट र छोटो भिडियो सामाजिक सञ्जालमा भाइरल छ। तर हाम्रो तथ्यजाँचले यो दावी पूरै सन्दर्भ लुकाएर भ्रम फैलाउने हिसाबले भाइरल भएको भेट्टाएको छ। गौतमले ‘बलात्कार र थप्पड एउटै हो’ भनेकी छैनन्। १४ मिनेट लामो प्रसंगको १५ सेकेन्ड काटेर पूरा भनाई नराखी काँटछाँट हुँदा भ्रामक देखिएको हो। दावी के हो ? १२ हजार फलोअर्स रहेको ईश्वर अर्याल नामक फेसबुक प्रोफाइलमा २०२६ जनवरी १ मा ‘ बलात्कार र थप्पड एउटै हो त ? शीर्षकमा एउटा स्टाटस पोस्ट गरिएको छ। उक्त स्टायटसमा, ‘ बलात्कार र थप्पड एउटै हो भन्नेले कस्तो कानून बनाउलान् ? म अचम्म परिराछु…. बलात्कार र थप्पड एउटै हो भने, निर्मला पन्तलाई थप्पड हानेर कसैले हत्या गरेको हो भनेर भन्न सक्नुपर्‍यो’ लगायतका विवरण लेखिएको छ। हेर्नुस्, अर्काइभ लिंक यो स्टायटसमा कुनै भिडियो छैन तर तथ्यजाँच गर्दासम्म उक्त पोस्टमा २३७ रियाक्सन, ५६ वटा कमेन्ट छ भने ७० पटक सेयर गरिएको छ। हामीले ‘बलात्कार र थप्पड’ किवर्ड राखेर थप सर्च गर्‍यौँ। त्यो क्रममा सोही आशयका कयौँ स्टाटस तथा भिडियो क्लिप सामाजिक सञ्जालमा कयौँ प्रोफाइलबाट अपलोड तथा सेयर भएको भेट्यौँ । २३ हजार फलोअर्स रहेका राजु पहारी दर्शन नामक फेसबुक पेजमा पनि गौतमको सोही क्लिप भाइरल छ। उनले ‘झापड हान्नु र बलात्कार हुनु एउटै हो ? …. कसैले शारीरिक क्षति नपुर्‍याई बलात्कार गर्‍यो भने झापड सरह मानेर चुपचाप बस्नु हुन्छ होला कि कानुनी उपचार खोज्नु हुन्छ होला। उहाँलाई भेटे भने यो प्रश्न सोध्न मन छ’ ",NepalFactCheck.org,https://nepalfactcheck.org/2026/02/sobita-gautam-misleading-rape-vs-slap-claim/,,भाम्रक सूचना । सोविता गौतमले बलात्कृत हुनुलाई थप्पड हानेजस्तो सामान्य घटनाको रुपमा लिनुपर्छ भनेकी छैनन् । बलात्कारको विषयमा उनले बोलेको १४ मिनेट लामो भनाइलाई सामाजिक सञ्जालमा १५ सेकेन्डको मात्र हालिएको छ जसमा सन्दर्भ लुकाएर गलत अर्थ लाग्ने सानो टुक्रा मात्र राखिएको छ। भिडियोमा उनले प्रष्टसँग जीवनमा कथमकदाचित् बलात्कार जस्तो नहुनुपर्ने घटना घट्यो भने जिन्दगी सकियो भनेर बस्नुभन्दा पुनर्स्थापनाको लागि लाग्नुपर्ने भनेकी छिन् । (नेपाल फ्याक्ट चेक र अनलाइनखबर को सहकार्य),Nepali,,,,,,,,,REFUTES,,,,politics_elections,,,,
ਪ੍ਰਸਿੱਧ ਅਦਾਕਾਰ ਜੌਰਡਨ ਸੰਧੂ ਨੂੰ ਬਾਲੀਵੁੱਡ ਫਿਲਮ ਲਈ ਸਾਈਨ ਕੀਤਾ ਗਿਆ ਹੈ।,ਪ੍ਰੋਡਕਸ਼ਨ ਹਾਊਸ ਨੇ ਪ੍ਰੈਸ ਨੋਟ ਜਾਰੀ ਕਰਕੇ ਜੌਰਡਨ ਸੰਧੂ ਦੇ ਇਸ ਪ੍ਰੋਜੈਕਟ ਵਿੱਚ ਸ਼ਾਮਲ ਹੋਣ ਦੀ ਪੁਸ਼ਟੀ ਕੀਤੀ ਹੈ।,BBC News Punjabi,https://www.bbc.com/punjabi?id=10142,,,Punjab,,,,,,,,,,,,,,Supported,,,
اتر پردیش میں قومی راجدھانی خطہ طرز کا علاقہ تشکیل دیا جائے گا۔,وزیر اعلیٰ یوگی آدتیہ ناتھ نے حکام کو ہدایت دی ہے کہ وہ 'اتر پردیش اسٹیٹ کیپٹل ریجن' تشکیل دیں، جس میں لکھنؤ اور آس پاس کے اضلاع شامل ہوں گے۔,The Siasat Daily (Urdu) - سیاست ڈیلی، حیدرآباد,https://urdu.siasat.com/news/%d8%a7%d8%aa%d8%b1-%d9%be%d8%b1%d8%af%db%8c%d8%b4-%d8%b1%db%8c%d8%a7%d8%b3%d8%aa-%da%a9%db%8c-%d8%b1%d8%a7%d8%ac%d8%af%da%be%d8%a7%d9%86%db%8c-%d8%ae%d8%b7%db%81-%d8%a7%db%8c%d9%86-%d8%b3%db%8c-%d8%a2-1405583/,,یہ ثبوت بیان کرتا ہے کہ وزیر اعلیٰ نے واقعی ایک نئے علاقہ کی تشکیل کی ہدایت دی ہے، جو دعوے کی مکمل تصدیق کرتا ہے۔,Urdu,,,,,,,,,Supported,,,,,,,,
"മെക്‌സിക്കോ — 2025-ൽ കൊലപാതകം 19.8 ശതമാനം കുറഞ്ഞ് 20,677 ആയി; നിരക്ക് ഒരു ലക്ഷം ജനസംഖ്യക്ക് 15.4; കൊക്കൈൻ, മെത്ത്-ഡ്രഗ് ഹൈ-വേ ട്രാഫിക് ഇടനാഴി (Ciudad Juárez) ഭാഗങ്ങളിൽ സ്‌പൈക്ക് തുടർന്നു.","InSight Crime 2025 ഹോമിസൈഡ് റൗണ്ട്-അപ്പ് (മാർച്ച് 2026) — മെക്സിക്കോ: 2025-ൽ 20,677 കൊലപാതകങ്ങൾ (2024-നെക്കാൾ -19.8%); നിരക്ക് ഒരു ലക്ഷത്തിന് 15.4. മെത്ത് കോറിഡോർ പോരാട്ടത്തിനിടെ സിയുഡാഡ് ജുവാരെസിൽ (2025 ജൂലൈയിൽ 2 ദിവസത്തിനുള്ളിൽ 22 പേർ കൊല്ലപ്പെട്ടു) അക്രമം കുതിച്ചുയർന്നു. ഇന്ധന മോഷണവും കൊലപാതകത്തിന് കാരണമാകുന്നു.",InSight Crime 2025 Homicide Round-Up (March 2026),https://insightcrime.org/news/insight-crime-2025-homicide-round-up/,,,Malayalam,,,,,,,Supported,,,,"InSight Crime 2025 Homicide Round-Up സ്ഥിരീകരിക്കുന്നു: മെക്സിക്കോയിൽ 2025-ൽ 20,677 കൊലപാതകം (-19.8%), നിരക്ക് 15.4/ലക്ഷം, സിയുഡാഡ് ജുവാരെസിൽ സ്‌പൈക്ക് തുടർന്നു — ക്ലെയിം കൃത്യമാണ്.",,,,,,
"ഓപ്പറേഷൻ ലിബർടെറ 2-ൽ 2,517 പേരെ അറസ്റ്റ് ചെയ്തു, ഇതിൽ 850 പേർ മനുഷ്യക്കടത്ത്/കള്ളക്കടത്ത് കുറ്റങ്ങൾക്കാണ്.",അർജന്‍റീനയിലെ കൃഷിയിടങ്ങളിലും മിഡിൽ ഈസ്റ്റിലെ വീടുകളിലും നിർബന്ധിത ജോലിക്ക് വിധേയരായ ഇരകൾ ഇതിൽ ഉൾപ്പെടുന്നു.,JURIST,https://www.jurist.org/news/2024/11/interpol-operation-against-human-trafficking-leads-to-arrests-and-rescues/,,,Malayalam,,,,,,,Supported,,,,"JURIST/INTERPOL റിപ്പോർട്ട് സ്ഥിരീകരിക്കുന്നു: ഓപ്പറേഷൻ ലിബർടെറ 2-ൽ 2,517 അറസ്റ്റ്, 850 പേർ മനുഷ്യക്കടത്ത്/കള്ളക്കടത്ത് കുറ്റങ്ങൾക്ക്, അർജന്റീന-മിഡിൽ ഈസ്റ്റ് ഇരകൾ ഉൾപ്പെടെ — ക്ലെയിം കൃത്യമാണ്.",,,,,,
జిల్లా స్థాయి రీటైల్ మర్చంట్ అసోసియేషన్ అంతర్గత కమిషన్ పంపిణీ వివరాలు.,జిల్లా స్థాయి ప్రైవేట్ అసోసియేషన్ వివరాలు అధికారిక కేంద్ర పోర్టల్‌లో పరిమితం.,Ministry of Commerce,https://commerce.gov.in,,,Telugu,,,,,,,not enough information (NEI),,,,,,,,,,
नागरिकता भएका सबैले भोट हाल्न पाउँछन्। मतदाता परिचय पत्र नभएकाले पनि भोट हाल्न पाउँछन।,"नझुक्किनुस्, मतदाता नामावलीमा नाम नहुनेले नागरिकता हुँदैमा मत दिन पाउँदैनन् - Nepal Factcheck ☰ होम हाम्रो बारे मिथ्या सूचना के हो? हाम्रो वर्गीकरणको अर्थ मिथ्या सूचना: के गर्ने? FAQs तथ्यजाँच अनुरोध × होम हाम्रो बारे मिथ्या सूचना के हो? हाम्रो वर्गीकरणको अर्थ मिथ्या सूचना: के गर्ने? FAQs तथ्यजाँच अनुरोध तथ्यजाँच भ्रामक सूचना वागमती सम्बन्धित प्रदेश नझुक्किनुस्, मतदाता नामावलीमा नाम नहुनेले नागरिकता हुँदैमा मत दिन पाउँदैनन् Home तथ्यजाँच भ्रामक सूचना उमेश श्रेष्ठ बैशाख २८, २०७९ नझुक्किनुस्, मतदाता नामावलीमा नाम नहुनेले नागरिकता हुँदैमा मत दिन पाउँदैनन् वैशाख ३० गते हुन लागेको स्थानीय तह निर्वाचनमा नागरिकता हुने सबैले मतदान गर्न पाउने आशयमा सामाजिक सञ्जाल र केही अनलाइनहरुमा समाचार आएका छन्। तर हाम्रो तथ्य जाँचले मतदाता नामावलीमा नाम नहुनेले नागरिकता हुँदैमा मत दिन पाउने नभएर मतदाता नामावलीमा नाम भएका तर मतदाता परिचय पत्र नभएकाले नागरिकता देखाएर पनि मतदान गर्न पाउने व्यवस्था यसअघि गरिएको देखिएको छ। ‘नागरिकता भएका सबैले भोट हाल्न पाउने’ शीर्षकका समाचारहरु भ्रामक छन्। कहाँ कस्तो समाचार ? नेपालखबर नाम राखिएको फेसबुक पेजले सेयर गरेको नेपालीसूर्य डट कमको समाचारको शीर्षक नागरिकता भएका सबैले भोट हाल्न पाउने राखिएको छ। बुधबार दिउँसोसम्म यो पोस्ट २४६ पटक सेयर भएको छ भने ६७ कमेन्ट छन् र २१ सयभन्दा बढी रियाक्सन छन्। समाचारमा निर्वाचन आयोगका प्रमुख निर्वाचन आयुक्त दिनेशकुमार थपलियालाई उद्‍धृत गर्दै ‘नागरिकता भएका सबैले मतदान गर्न पाउने व्यवस्था गरिएको’ उल्लेख गरिएको छ। त्यसैगरी दैनिकअनलाइन डट कमको ‘ मतदाता परिचयपत्र नभएकाले पनि भोट हाल्न पाउने’ शीर्षकको समाचार बुधबार दिउँसोसम्म ९९४ पटक सेयर भएको छ भने त्यसमा १२९ कमेन्ट र २५ सयभन्दा बढी रियाक्सन छन्। समाचारमा लेखिएको छ, ‘निर्वाचन आयोगका प्रमुख निर्वाचन आयुक्त दिनेशकुमार थपलियाले नागरिकता भएका सबैले मतदान गर्न पाउने व्यवस्था गरिएको बताए।… मतदानका लागि परिचयपत्र अनिवार्य हो कि नागरिकताले पनि पाउने भन्ने प्रश्नमा उनले नागरिकता प्राप्त गरेका सवै नागरिकले मतदान गर्ने पाउने गरी व्यवस्था गरिएको बताए।’ यही शीर्षकमा यही व्यहोराको समाचार अरु थुप्रै अनलाइन मिडिया आएका र सामाजिक सञ्जालमा सेयर भएको देखिन्छ। समाचारले नागरिकता भएका सबैले मतदान ग",NepalFactCheck.org,https://nepalfactcheck.org/2022/05/localelection2079/,,भ्रामक सूचना। प्रमुख निर्वाचन आयुक्त दिनेशकुमार थपलियाका अनुसार निर्वाचनका लागि पहिलो शर्त मतदाता नामावलीमा नाम रहनु हो। मतदाता नामावलीमा नाम भए मतदाता परिचय पत्र नभए पनि नागरिकता र सरकारी निकायले जारी गर्ने अन्य फोटोसहितको प्रमाणपत्रका आधारमा मतदान गर्न पाउने व्यवस्थाको अभ्यास यसअघिका निर्वाचनहरुमा हुँदै आएको हो। तर त्यसका लागि मतदाता नामावलीमा नाम हुनु अनिवार्य छ।,Nepali,,,,,,,,,REFUTES,,,,politics_elections,,,,
"2023/2024-ൽ ദക്ഷിണാഫ്രിക്കയിൽ വാഹനം തട്ടിയെടുക്കൽ (കാർജാക്കിംഗ്) കേസുകൾ 22,000-ത്തിലധികമായി ഉയർന്നു.","ഗൗട്ടെങ്, ക്വാസുലു-നറ്റാൽ പ്രവിശ്യകളിലാണ് ഈ കുറ്റകൃത്യം ഏറ്റവും കൂടുതൽ ആശങ്കയുളവാക്കുന്നത്.",ISS Africa (SAPS 2023/24 crime stats analysis),https://issafrica.org/iss-today/south-africa-s-armed-robbery-problem-drives-kidnapping,,,Malayalam,,,,,,,Supported,,,,"ISS Africa-യുടെ SAPS 2023/24 ഡേറ്റ വിശകലനം സ്ഥിരീകരിക്കുന്നു: കാർജാക്കിംഗ് 22,735 കേസുകളായി (ദിവസം 63), ഒരു ദശകത്തിൽ 78% വർദ്ധനവ്; ഗൗട്ടെങ്, ക്വാസുലു-നറ്റാൽ എന്നിവ പ്രധാന ആശങ്കാ പ്രദേശങ്ങൾ — ക്ലെയിം കൃത്യമായി പൊരുത്തപ്പെടുന്നു.",,,,,,
"नवंबर 2024 में भारत सरकार और पुलिस ने 'डिजिटल अरेस्ट' को कानूनी मान्यता दे दी है, जिसके तहत पुलिस अब स्काइप वीडियो कॉल के माध्यम से अपराधियों को ऑनलाइन गिरफ्तार कर सकती है।",Digital Arrest Scam काफी चर्चा में है... इस तरह के अरेस्ट में ये लोग फर्जी पुलिस वाले बनकर लोगों की सुनवाई भी करते हैं. फिर उन्हें गिरफ्तारी का डर दिखाकर उगाही करते हैं। यह पूरी तरह से एक साइबर ठगी है।,Dainik Jagran,https://www.jagran.com/technology/tech-news-digital-arrest-scam-what-is-it-and-how-to-stay-safe-from-cyber-fraud-23654321.html,,"सबूत दावे को सीधे तौर पर गलत साबित करता है। 'डिजिटल अरेस्ट' कोई कानूनी प्रक्रिया नहीं है, बल्कि यह साइबर अपराधियों द्वारा इस्तेमाल किया जाने वाला एक घोटाला (Scam) है।",Hindi,,,,,,,,,Not Supported,,,,,,,,
پاکستانی حکومت نے ایف بی آر کو پنڈورا لیکس پر تحقیقات کے لیے ہدایات دی ہیں۔,ایف بی آر کے افسران کے مطابق وفاقی حکومت نے پنڈورا لیکس کے منظر عام پر آنے کے بعد تحقیقات کا آغاز کرنے کے لیے ہدایات جاری کی تھیں۔ تاہم، یہ واضح نہیں ہے کہ تحقیقات کے نتیجے میں قانونی کارروائی کس حد تک ممکن ہوگی۔,The Siasat Daily (Urdu) - سیاست ڈیلی، حیدرآباد,https://urdu.siasat.com/news/%d9%be%d9%86%da%88%d9%88%d8%b1%d8%a7-%d9%be%db%8c%d9%be%d8%b1%d8%b2-%d8%a7%db%8c%d9%81-%d8%a8%db%8c-%d8%a2%d8%b1-%da%a9%db%8c-%d8%aa%d8%ad%d9%82%db%8c%d9%82%d8%a7%d8%aa-%da%a9%d8%a7-%d8%a2%d8%ba-1331625/,,حقیقت یہ ہے کہ حکومت نے ہدایات دی ہیں، مگر مضمون میں یہ واضح نہیں کیا گیا کہ تحقیقات کے نتیجے میں حکومت نے کس طرح کارروائی کرنے کا ارادہ کیا ہے۔,Urdu,,,,,,,,,Not Supported,,,,,,,,
NCRB 2024 — ഇന്ത്യയിൽ ആകെ രജിസ്‌റ്റർ ചെയ്ത ക്രിമിനൽ (Cognisable Crime) കേസ് 58.86 ലക്ഷം — 2023-ൽ 62.41 ലക്ഷം ആയിരുന്നത് 6 ശതമാനം കുറഞ്ഞു; ഒരു ലക്ഷം ജനസംഖ്യക്ക് കുറ്റകൃത്യ നിരക്ക് 448.3-ൽ നിന്ന് 418.9-ലേക്ക് ഇടിഞ്ഞു.,"NCRB ക്രൈം ഇൻ ഇന്ത്യ 2024 — ആകെ കോഗ്നിസബിൾ കുറ്റകൃത്യങ്ങൾ: 2024-ൽ 58.86 ലക്ഷം (2023-ലെ 62.41 ലക്ഷത്തിൽ നിന്ന് -6%). കുറ്റകൃത്യ നിരക്ക് ഒരു ലക്ഷത്തിന് 448.3-ൽ നിന്ന് 418.9 ആയി കുറഞ്ഞു. തട്ടിക്കൊണ്ടുപോകൽ 15.4% കുറഞ്ഞ് 96,079 ആയി. പരമ്പരാഗത മോഷണം 9.8%-ഉം കവർച്ച 13%-ഉം കുറഞ്ഞു.","NCRB Crime in India 2024 (Vajiramandravi / Drishti IAS, May 2026)",https://vajiramandravi.com/current-affairs/crime-in-india-2024/,,,Malayalam,,,,,,,Supported,,,,"NCRB Crime in India 2024 റിപ്പോർട്ട് (2026 മേയിൽ പുറത്തിറങ്ങിയത്) പ്രകാരം 2024-ൽ ആകെ 58.86 ലക്ഷം കോഗ്നിസബിൾ കേസുകൾ (2023-ൽ 62.41 ലക്ഷം, 6% കുറവ്), നിരക്ക് 448.3-ൽ നിന്ന് 418.9 ആയി ഇടിഞ്ഞു — കണക്കുകൾ കൃത്യമായി ഒത്തുപോകുന്നു. സ്രോതസ്സ് ഒരു ദ്വിതീയ അഗ്രഗേറ്റർ സൈറ്റാണ്, ഔദ്യോഗിക NCRB റിപ്പോർട്ടല്ല എന്നത് ശ്രദ്ധിക്കുക.",,,,,,
नेपाल प्रहरीले पूर्व गृहमन्त्री बालकृष्ण खाँणलाई ढोका फोरेर पक्राउ गरेको भिडियो।,"बालकृष्णको घरको ढोका फुटाउँदै गरेको भन्दै भाइरल भएको भिडियो स्पेनको - Nepal Factcheck ☰ होम हाम्रो बारे मिथ्या सूचना के हो? हाम्रो वर्गीकरणको अर्थ मिथ्या सूचना: के गर्ने? FAQs तथ्यजाँच अनुरोध × होम हाम्रो बारे मिथ्या सूचना के हो? हाम्रो वर्गीकरणको अर्थ मिथ्या सूचना: के गर्ने? FAQs तथ्यजाँच अनुरोध तथ्यजाँच मिथ्या सूचना वागमती बालकृष्णको घरको ढोका फुटाउँदै गरेको भन्दै भाइरल भएको भिडियो स्पेनको Home तथ्यजाँच मिथ्या सूचना उमेश श्रेष्ठ बैशाख २८, २०८० बालकृष्णको घरको ढोका फुटाउँदै गरेको भन्दै भाइरल भएको भिडियो स्पेनको नेपाल प्रहरीले बुधबार पूर्व गृहमन्त्री बालकृष्ण खाँणलाई घरबाटै पक्राउ गर्‍यो। योसँगै रातोपाटी लगायतका केही अनलाइन मिडियाले उनलाई पक्राउ गर्ने क्रममा प्रहरीले घरको ढोका फुटाएको दावी गर्दै समाचार लेख्यो। योसँगै सामाजिक सञ्जालमा उनको घरको ढोका फुटाउँदै गरेको दावी गरिएका भिडियो भाइरल हुन थाल्यो। तर हाम्रो तथ्य जाँचले त्यो भिडियो नेपालको नभएर स्पेनको भएको देखिएको छ। के थियो भाइरल भिडियोमा ? @natureloverno1 युजर नेम भएको टिकटक प्रयोगकर्ताले बुधबार अपलोड गरेको भिडियोमा ‘खाडले ढोका नखोलेपछि ढोका फोरेर पक्राउ गरिएको छ’ लेखिएको छ। भिडियोमा बालकृष्ण खाँण र उनकी श्रीमती मञ्जुको सानो फोटो पनि राखिएको छ। भिडियोको सुरुमा बर्दी लगाएका सुरक्षाकर्मी जस्ता देखिने व्यक्तिले काठको जस्तो देखिने वस्तुले ढोकामा ड्याङड्याङ हान्दै गरेको देखिन्छ। भिडियोमा पुरुष आवाजमा ‘बाल खाँडेको घर फुटाएको है’ भनिएको छ। त्यसपछि भिडियोमा महिला आवाज सुनिन्छ। महिला आवाजले घटना बारे बयान गर्दै ‘प्रहरीले ढोका फुटाएर उनको नजिक पुगेको थियो’ भन्छिन्। त्यसपछि फेरि अघिकै ढोकामा हान्दै गरेको भिडियोसहित पुरुष आवाज सुनिन्छ, ‘निस्किनै भएन…ढोका फुटाएर निकाल्नु पर्‍यो।’ बिहीबार बिहान ११ बजेसम्म टिकटकको यो भिडियोमा ९ लाख ५३ हजार भ्युज, ४४ हजार लाइक, १९५६ कमेन्ट र १७४८ सेयर देखिन्छ। यही भिडियो फेसबुकमा पनि फैलिएको छ। के हो तथ्य ? यो भिडियोको तथ्य जाँचका लागि हामीले यसलाई ‘इनभिड वी भेरिफाइ’ टुल प्रयोग गरेर की फ्रेम निकाल्यौँ र त्यसलाई विभिन्न रिभर्स इमेज सर्च इन्जिनमार्फत् खोज्यौँ। यस क्रममा गुगलले केही टिकटक भिडियोहरु देखायो। गुगलमा गरिएको रिभर्स इमेज सर्चको नतिजा। तर टिकटक भिडियोको भरमा यो भिडियो कहाँको हो भन्ने पत्",NepalFactCheck.org,https://nepalfactcheck.org/2023/05/ex-home-minister-arrest/,,मिथ्या सूचना। दावी गरिएको भिडियोमा देखिएका वर्दीधारीको पोशाकमा स्पेनको कानुन कार्यान्वयन गर्ने निकाय Guardia Civil लेखिएको छ। उक्त भिडियो सन् २०१९ को सेप्टेम्बरमा त्यहाँको क्याटलान पृथकतावादीविरुद्ध अपरेसन चलाउने क्रममा खिचिएको प्रष्ट छ।,Nepali,,,,,,,,,REFUTES,,,,politics_elections,,,,
"[2005] (ऊर्जा, इन्फ्रास्ट्रक्चर व विमानन निवेश) भारत सरकार ने राष्ट्रीय अवसंरचना निर्माण हेतु 'जवाहरलाल नेहरू राष्ट्रीय शहरी नवीकरण मिशन' (JNNURM) की शुरुआत की। (संदर्भ संख्या: 2005-1005)","3 दिसंबर 2005 को प्रधान मंत्री द्वारा शहरों में बुनियादी ढांचा और शहरी परिवहन सुधार हेतु JNNURM योजना शुरू की गई थी। [वर्ष 2005 के वित्तीय/आर्थिक अभिलेखीय आंकड़ों के अनुसार - श्रेणी: ऊर्जा, इन्फ्रास्ट्रक्चर व विमानन निवेश]",Ministry of Urban Development / PIB / Ministry of Petroleum / Aviation / PIB,https://pib.gov.in/newsite/PrintRelease.aspx?relid=80005,,,Hindi,,,,,,,Supported,,,,,,,,,,
مہاراشٹر اور جھارکھنڈ اسمبلی انتخابات کے لیے تاریخوں کا اعلان علیحدہ کیا گیا ہے۔,الیکشن کمیشن نے مہاراشٹر اور جھارکھنڈ اسمبلی انتخابات کے شیڈول کا اعلان الگ کرنے کا فیصلہ کیا ہے، حالانکہ یہ توقع تھی کہ ان انتخابات کا اعلان ایک ساتھ کیا جائے گا۔,The Siasat Daily (Urdu) - سیاست ڈیلی، حیدرآباد,https://urdu.siasat.com/news/%d8%a7%db%8c-%d8%b3%db%8c-%d8%a2%d8%a6%db%8c-15-%d8%a7%da%a9%d8%aa%d9%88%d8%a8%d8%b1-%da%a9%d9%88-%d9%85%db%81%d8%a7%d8%b1%d8%a7%d8%b4%d9%b9%d8%b1-%d8%a7%d9%88%d8%b1-%d8%ac%da%be%d8%a7%d8%b1%da%a9-1599387/,,مضمون میں یہ واضح نہیں کیا گیا کہ انتخابات کے لیے علیحدہ تاریخوں کے اعلان کی وجوہات کیا ہیں، صرف یہ بتایا گیا ہے کہ یہ ایک انتخابی حکمت عملی ہے۔,Urdu,,,,,,,,,Not Enough Information (NEI),,,,,,,,
ప్రతి జ్వరానికి ఆస్పత్రిలో చేరాలి.,అన్ని జ్వరాలకు ఆస్పత్రి అవసరం లేదు.,MedlinePlus,https://medlineplus.gov/fever.html,,,Telugu,,,,,,,,,,,,,,,,Not Supported,Not Supported
نتیش کمار کی دہلی آمد کا مقصد اپوزیشن کو متحد کرنا ہے۔,نتیش کمار نے بی جے پی سے تعلقات توڑنے کے بعد دہلی کا تین روزہ دورہ شروع کیا ہے۔ اس دورے کا مقصد اپوزیشن جماعتوں کو ایک پلیٹ فارم پر لانا ہے۔,The Siasat Daily (Urdu) - سیاست ڈیلی، حیدرآباد,https://urdu.siasat.com/news/%d8%a8%db%81%d8%a7%d8%b1-%da%a9%db%92-%d9%88%d8%b2%db%8c%d8%b1-%d8%a7%d8%b9%d9%84%db%8c%d9%b0-%d9%86%d8%aa%db%8c%d8%b4-%da%a9%d9%85%d8%a7%d8%b1-%d8%a7%d9%be%d9%88%d8%b2%db%8c%d8%b4%d9%86-%d8%a7%d8%aa-1406053/,,مضمون میں یہ تو بتایا گیا ہے کہ نتیش کمار کا دورہ اپوزیشن کو متحد کرنے کے لیے ہے، لیکن یہ واضح نہیں کیا گیا کہ اس میں کیا مخصوص اقدامات یا ملاقاتیں شامل ہیں۔,Urdu,,,,,,,,,Not Enough Information (NEI),,,,,,,,
2025 ഗ്രാമി പുരസ്കാര ചടങ്ങിന് ശേഷം കാൻയെ വെസ്റ്റും ബിയാങ്ക സെൻസോറിയും വിവാഹമോചനത്തിലേക്ക് നീങ്ങുകയാണെന്ന വാർത്ത 2025 ഫെബ്രുവരിയിൽ പ്രചരിച്ചു.,ഇത് 'ടാബ്ലോയിഡ് അഭ്യൂഹങ്ങൾ' മാത്രമാണെന്നും ഇരുവരും വാലന്റൈൻസ് ഡേ ഒരുമിച്ച് ആഘോഷിക്കാൻ പദ്ധതിയിടുകയാണെന്നും ദമ്പതികളുടെ വക്താവ് വ്യക്തമാക്കി.,The Hollywood Reporter,,,കാൻയെ വെസ്റ്റ്-ബിയാങ്ക സെൻസോറി വിവാഹമോചന വാർത്ത 'ടാബ്ലോയിഡ് അഭ്യൂഹങ്ങൾ' മാത്രമാണെന്നും ഇരുവരും വാലന്റൈൻസ് ഡേ ഒരുമിച്ച് ആഘോഷിക്കാൻ പദ്ധതിയിട്ടിരുന്നെന്നും ദമ്പതികളുടെ വക്താവ് വ്യക്തമാക്കിയതായി Hollywood Reporter സ്ഥിരീകരിക്കുന്നു.,Malayalam,,,,,,,,,Not Supported,,,https://www.hollywoodreporter.com/lifestyle/lifestyle-news/kanye-west-bianca-censori-not-divorcing-rep-denies-tabloid-rumors-1236136046/,,,,,
एचपिभी खोपबारे विभिन्न दावीहरु।,"एचपिभी खोपले दुष्प्रभाव गर्छ भन्ने दावी यसकारण भ्रामक - Nepal Factcheck ☰ होम हाम्रो बारे मिथ्या सूचना के हो? हाम्रो वर्गीकरणको अर्थ मिथ्या सूचना: के गर्ने? FAQs तथ्यजाँच अनुरोध × होम हाम्रो बारे मिथ्या सूचना के हो? हाम्रो वर्गीकरणको अर्थ मिथ्या सूचना: के गर्ने? FAQs तथ्यजाँच अनुरोध तथ्यजाँच भ्रामक सूचना वागमती एचपिभी खोपले दुष्प्रभाव गर्छ भन्ने दावी यसकारण भ्रामक Home तथ्यजाँच भ्रामक सूचना सागर बुढाथोकी फाल्गुन १०, २०८१ एचपिभी खोपले दुष्प्रभाव गर्छ भन्ने दावी यसकारण भ्रामक महिलाको पाठेघरको मुखमा हुने क्यान्सर रोकथामका लागि लगाइने एचपिभी खोप प्रभावकारी नभएको र त्यसले घातक असर गर्ने दावी गर्दै ‘लोक संवाद’ अनलाइनमा एउटा लेख प्रकाशन भएको छ। तर, लेखमा गरिएका अधिकांश दावी भ्रामक रहेको हाम्रो तथ्य जाँचको निश्कर्ष छ। के-के छन् दावी ? ‘लोक संवाद’ अनलाइनमा माघ २९ गते ‘’महाअपराध’ ! दोष र अबगालको जिम्मा डा. भोला रिजाल र मनीषा कोइरालेले लिने कि नलिने ? ’ शीर्षकमा विश्व बस्नेतद्वारा लिखित लेख प्रकाशित गरिएको छ। यो लेखमा एचपिभी खोपबारे विभिन्न किसिमका दावी गरिएका छन्। ती दावीलाई हामीले तथ्यजाँच गरेका छौँ। दावी : एचपिभी खोपले क्यान्सर लाग्नबाट बचाउँछ भन्ने कुरा सरासर झुटो हो। तथ्य : नेशनल इन्स्टिच्युट अफ हेल्थमा ‘ Myths and fake messages about human papillomavirus (HPV) vaccination: answers from the ESGO Prevention Committee ’ शीर्षकमा एउटा लेख प्रकाशित छ। उक्त लेखमा विश्व स्वास्थ्य संगठन (डब्लुएचओ), सेन्टर फर डिजिज कन्ट्रोल एण्ड प्रिभेन्सन (सिडिसी) जस्ता संस्थालाई उदृत गर्दै पाठेघरको मुखको क्यान्सर गराउने ८० प्रतिशत कारक एचपिभी भाइरस भएको उल्लेख छ। त्यसैले यो खोप महिलाको पाठेघरको मुखमा हुने क्यान्सर रोकथामका लागि दिइन्छ। क्यान्सरको रोकथामको लागि दिइने खोपले क्यान्सर गराउँछ भन्नु गलत भएको उक्त लेखमा उल्लेख छ। दावी : एचपिभी भाइरस प्रायः सबै वयस्कहरुमा पाइन्छ, अनि अधिकांश समय त्यसले बिगार गर्दैन र अक्सर आफै निको भएर पनि जान्छ। तथ्य : बालबालिकाहरु यौनिक गतिविधिमा संलग्न हुनुअघि खोप दिँदा एचपिभी भाइरसले गराउने क्यान्सरको जोखिम कम हुने विभिन्न अध्ययनहरुले देखाएको छ । केही प्रमुख अध्ययनहरु : यहाँ केही प्रमुख सिफारिशहरू प्रस्तुत छन्: Markowitz, L. E., et al. (2007). “Quadrivalent Human P",NepalFactCheck.org,https://nepalfactcheck.org/2025/02/fact-checking-hpv-vaccine-claims-misleading-information/,,"भ्रामक सूचना । विश्व स्वास्थ्य संगठन तथा सिडिसीले एचपिभी खोप प्रभावकारी भएको बताएका छन्। विभिन्न अध्ययनले खोपले बाँझोपन, अटो इम्युन तथा मृत्यु गराउने दुष्प्रभाव पुष्टि गरेको छैन। लामो समय लगाएर गरिएका विभिन्न अध्ययन र ट्रायलले खोपलाई सुरक्षित र प्रभावकारी पुष्टि गरेको छ। त्यसैले विश्व बस्नेतले गरेको दावी भ्रामक छ।",Nepali,,,,,,,,,REFUTES,,,,health_medicine,,,,
ਗੁਰੂ ਰੰਧਾਵਾ ਦੀ ਨਵੀਂ ਫਿਲਮ ਨੇ ਪਹਿਲੇ ਦਿਨ 50 ਕਰੋੜ ਦੀ ਕਮਾਈ ਕੀਤੀ।,ਬਾਕਸ ਆਫਿਸ ਰਿਪੋਰਟਾਂ ਅਨੁਸਾਰ ਗੁਰੂ ਰੰਧਾਵਾ ਦੀ ਫਿਲਮ ਨੇ ਓਪਨਿੰਗ ਡੇਅ 'ਤੇ ਵਾਕਈ 50 ਕਰੋੜ ਕਮਾਏ ਹਨ।,Ajit Web TV,https://www.ajitjalandhar.com/?id=10064,,,Punjab,,,,,,,,,,,,,,Supported,,,
حلقہ اسمبلی ظہیرآباد میں مستحق مسلم لڑکیوں کی اجتماعی شادیوں کا اہتمام کیا جا رہا ہے۔,جناب گورئے میاں سکندر صدر منیاریٹی نے بتایا کہ ہر سال کی طرح اس سال بھی حلقہ اسمبلی ظہیرآباد میں اجتماعی شادیوں کا اہتمام جاری ہے۔ اس کا مقصد مسلم معاشرے میں احساس کمتری کو دور کرنا ہے۔,The Siasat Daily (Urdu) - سیاست ڈیلی، حیدرآباد,https://urdu.siasat.com/news/%d9%85%d8%b3%d8%aa%d8%ad%d9%82-%d9%85%d8%b3%d9%84%d9%85-%d9%84%da%91%da%a9%db%8c%d9%88%da%ba-%da%a9%db%8c-%d8%a7%d8%ac%d8%aa%d9%85%d8%a7%d8%b9%db%8c-%d8%b4%d8%a7%d8%af%db%8c%d9%88%da%ba-%da%a9%db%8c-1488744/,,یہ ثبوت واضح طور پر دعوے کی تصدیق کرتا ہے کیونکہ مضمون میں اجتماعی شادیوں کے اہتمام کا ذکر اور ان کا مقصد بیان کیا گیا ہے۔,Urdu,,,,,,,,,Supported,,,,,,,,
క్యాన్సర్ అంటువ్యాధి.,చాలా క్యాన్సర్లు ఒకరి నుంచి మరొకరికి వ్యాపించవు.,National Cancer Institute,https://www.cancer.gov/about-cancer/causes-prevention/risk/infectious-agents,,,Telugu,,,,,,,,,,,,,,,,Not Supported,Not Supported
سوڈان میں پاسپورٹ کے نئے فیس کی وجہ سے عوام میں خوشی کی لہر دوڑ گئی ہے۔,سوڈان میں وزارت داخلہ نے پاسپورٹ کے اجرا کے لیے نئی فیس کی فہرست کا اعلان کیا ہے جس پر ملک بھر میں شدید غصے کا اظہار کیا جارہا ہے۔ لوگوں نے سوشل میڈیا پر اس فیصلے کو شدید تنقید کا نشانہ بنایا ہے، جو کہ عوام کی ناراضگی کی عکاسی کرتا ہے۔,The Siasat Daily (Urdu) - سیاست ڈیلی، حیدرآباد,https://urdu.siasat.com/news/%d8%b3%d9%88%da%88%d8%a7%d9%86-%d9%85%db%8c%da%ba-%d9%be%d8%a7%d8%b3%d9%be%d9%88%d8%b1%d9%b9-%d9%81%db%8c%d8%b3-%d9%85%db%8c%da%ba-%d8%a7%d8%b6%d8%a7%d9%81%db%81-%d9%be%d8%b1-%d8%b9%d9%88%d8%a7%d9%85-1488916/,,یہ مضمون اس بات کی تصدیق کرتا ہے کہ عوام میں غصہ اور تنقید ہے، جو کہ خوشی کے دعوے کی تردید کرتا ہے۔,Urdu,,,,,,,,,Not Supported,,,,,,,,
ਨੀਰੂ ਬਾਜਵਾ ਦੀ ਆਉਣ ਵਾਲੀ ਫਿਲਮ 'ਤੇ ਸੈਂਸਰ ਬੋਰਡ ਨੇ ਬੈਨ ਲਗਾ ਦਿੱਤਾ ਹੈ।,ਸੈਂਸਰ ਬੋਰਡ ਵੱਲੋਂ ਅਜਿਹਾ ਕੋਈ ਫੈਸਲਾ ਨਹੀਂ ਲਿਆ ਗਿਆ ਅਤੇ ਫਿਲਮ ਨੂੰ 'U/A' ਸਰਟੀਫਿਕੇਟ ਮਿਲ ਚੁੱਕਾ ਹੈ।,PTC News,https://www.ptcnews.tv/?id=10271,,,Punjab,,,,,,,,,,,,,,Not Supported,,,
ਅਮਰਿੰਦਰ ਗਿੱਲ ਦੀ ਨਵੀਂ ਫਿਲਮ ਨੇ ਪਹਿਲੇ ਦਿਨ 15 ਕਰੋੜ ਦੀ ਕਮਾਈ ਕੀਤੀ।,ਬਾਕਸ ਆਫਿਸ ਰਿਪੋਰਟਾਂ ਅਨੁਸਾਰ ਅਮਰਿੰਦਰ ਗਿੱਲ ਦੀ ਫਿਲਮ ਨੇ ਓਪਨਿੰਗ ਡੇਅ 'ਤੇ ਵਾਕਈ 15 ਕਰੋੜ ਕਮਾਏ ਹਨ।,Punjabi Tribune,https://www.punjabitribuneonline.com/?id=10130,,,Punjab,,,,,,,,,,,,,,Supported,,,
२०५२ साल फागुन १ गते माओवादीले ४० बूँदे मागपत्र लिएर जाँदा प्रत्यक्ष रुपमा धर्मनिरपेक्षता र गणतन्त्रको कुरा लेखेको थिएन।,"एभिन्युज टेलिभिजनमा राप्रपा अध्यक्ष राजेन्द्र लिङ्देनले गरेको दावी मिथ्या - Nepal Factcheck ☰ होम हाम्रो बारे मिथ्या सूचना के हो? हाम्रो वर्गीकरणको अर्थ मिथ्या सूचना: के गर्ने? FAQs तथ्यजाँच अनुरोध × होम हाम्रो बारे मिथ्या सूचना के हो? हाम्रो वर्गीकरणको अर्थ मिथ्या सूचना: के गर्ने? FAQs तथ्यजाँच अनुरोध तथ्यजाँच मिथ्या सूचना वागमती सम्बन्धित प्रदेश एभिन्युज टेलिभिजनमा राप्रपा अध्यक्ष राजेन्द्र लिङ्देनले गरेको दावी मिथ्या Home तथ्यजाँच मिथ्या सूचना नेपाल फ्याक्ट चेक माघ १६, २०८० एभिन्युज टेलिभिजनमा राप्रपा अध्यक्ष राजेन्द्र लिङ्देनले गरेको दावी मिथ्या राष्ट्रिय प्रजातन्त्र पार्टी (राप्रपा) अध्यक्ष राजेन्द्र लिङ्देनले एभिन्युज टेलिभिजनमा अन्तर्वार्ता दिँदै २०५२ सालमा माओवादीले राखेको ४० बूँदे मागपत्रमा गणतन्त्र र धर्मनिरपेक्षताको कुरा नलेखिएको दावी गरेका छन्। तर हाम्रो तथ्य जाँचमा यो दावी मिथ्या देखिएको छ। मागको १० र १८ औँ बूँदामा यी माग थिए। के हो दावी ? प्रतिनिधि सभा सदस्य तथा राप्रपा अध्यक्ष राजेन्द्र लिङ्देनले गएको साता एभिन्युज टेलिभिजनको कार्यक्रम ‘सीधा प्रश्न’मा अन्तर्वार्ता दिएका थिए। यसको भिडियो एभिन्युज खबरको युट्युब अकाउन्टमा यहाँ हेर्न सकिन्छ। अन्तर्वार्तामा उनले माओवादीले सशस्त्र संघर्ष थाल्नुअघि २०५२ सालमा राखेको ४० बूँदे मागपत्रमा गणतन्त्र र धर्मनिरपेक्षताको कुरा नलेखिएको दावी गरेका छन्। उनले अन्तर्वार्तामा भनेका छन्- तपाईँलाई स्मरण गराउन चाहन्छु, फागुन १ गते, २०५२ साल फागुन १ गते माओवादीले ४० बूँदे मागपत्र लिएर जाँदाखेरी प्रत्यक्ष रुपमा धर्मनिरपेक्षता र गणतन्त्रको कुरा कहीँ लेख्याथ्यो ? थिएन। उल्ले मागेको थियो संविधान सभाको निर्वाचन। संविधान सभाको निर्वाचन गरौँ, संविधान सभाबाट संविधान बनाउँ। हेर्नुस् अन्तर्वार्ताको स्क्रिनरेकर्ड- के हो तथ्य ? यसबारे तथ्य जाँचका लागि हामीले दस्तावेज खोज्यौँ। तत्कालीन नेकपा (माओवादी) हालको नेकपा (माओवादी केन्द्र) को आधिकारिक वेबसाइटको दस्तावेज खण्डमा ‘ने.क.पा.(माओवादी)ले २०५२ माघ २२ गते तत्कालीन सरकारसमक्ष पेश गरेका ४० सूत्रीय मागहरु’ शीर्षकमा एउटा पीडीएफ डकुमेन्ट राखिएको छ। वेबसाइट लिङ्क। अर्काइभ लिङ्क। हामीले उक्त डकुमेन्ट हेर्‍यौँ। डकुमेन्टमा राष्ट्रियतासँग सम्बन्धित मागहरुलाई (क) खण्डमा, जनतन्त्रसँग सम्बन्धित मागहरु (",NepalFactCheck.org,https://nepalfactcheck.org/2024/01/avenues-tv-rajendra-lingden/,,मिथ्या सूचना। २०५२ माघ २१ गते तत्कालीन संयुक्त जनमोर्चाका अध्यक्ष बाबुराम भट्टराईले तत्कालीन प्रधानमन्त्री शेरबहादुर देउवालाई भेटेर बुझाएको ४० बूँदे मागको १८ औँ बूँदामा ‘नेपाललाई धर्म निरपेक्ष राज्य घोषित गरिनु पर्छ’ लेखिएको छ। त्यसैगरी १० औँ बूँदामा ‘जनगणतन्त्रात्मक व्यवस्था स्थापनाको निम्ति..’ लेखिएको छ। तसर्थ लिङ्देनको दावी मिथ्या ठहर्छ।,Nepali,,,,,,,,,REFUTES,,,,politics_elections,,,,
ਅਮਰਿੰਦਰ ਗਿੱਲ ਨੇ ਦੁਬਈ ਵਿੱਚ ਆਪਣੇ ਨਵੇਂ ਸੰਗੀਤਕ ਟੂਰ ਦਾ ਐਲਾਨ ਕੀਤਾ ਹੈ।,"ਅਧਿਕਾਰਤ ਸੋਸ਼ਲ ਮੀਡੀਆ ਹੈਂਡਲ ਮੁਤਾਬਕ, ਅਮਰਿੰਦਰ ਗਿੱਲ ਨੇ ਦੁਬਈ ਟੂਰ ਦੀ ਪੁਸ਼ਟੀ ਕੀਤੀ ਹੈ।",BBC News Punjabi,https://www.bbc.com/punjabi?id=10406,,,Punjab,,,,,,,,,,,,,,Supported,,,
मौसमी इन्फ्लुएंजा बैक्टीरिया से होने वाला रोग है।,डब्ल्यूएचओ मौसमी इन्फ्लुएंजा को इन्फ्लुएंजा वायरस से होने वाला संक्रमण बताता है।,World Health Organization (WHO),https://www.who.int/news-room/fact-sheets/detail/influenza-(seasonal),REFUTED,"WHO का स्रोत दावे के विपरीत तथ्य स्थापित करता है, इसलिए लेबल REFUTED है।",Hindi,,,,,,,,,,,,,,,,,
امریکہ کا قومی پرندہ ہارئیری ایگل ہے جسے آزادی کی علامت سمجھا جاتا ہے۔,مضمون کے مطابق، امریکہ کا قومی پرندہ بالڈ ایگل ہے، جسے طاقت اور آزادی کی علامت سمجھا جاتا ہے۔ ہارئیری ایگل کا ذکر نہیں کیا گیا۔,Inquilab (Urdu) - انقلاب، ممبئی,https://www.inquilab.com/entertainment/photos/pandas-to-beavers-the-national-animals-of-these-countries-around-the-world-are-very-special-10360,,یہ دعویٰ غلط ہے کیونکہ مضمون میں امریکہ کے قومی پرندے کے طور پر بالڈ ایگل کا ذکر ہے، نہ کہ ہارئیری ایگل کا۔,Urdu,,,,,,,,,Not Supported,,,,,,,,
एबिसी टिभी च्यानलले अमेरिकी राष्ट्रपति डोनाल्ड ट्रम्पलाई १५ करोड अमेरिकी डलर क्षतिपूर्ति तिर्नुपर्ने।,"एबीसी टिभीले डोनाल्ड ट्रम्पलाई १५ करोड होइन, डेढ करोड डलर क्षतिपूर्ति तिर्नुपर्ने - Nepal Factcheck ☰ होम हाम्रो बारे मिथ्या सूचना के हो? हाम्रो वर्गीकरणको अर्थ मिथ्या सूचना: के गर्ने? FAQs तथ्यजाँच अनुरोध × होम हाम्रो बारे मिथ्या सूचना के हो? हाम्रो वर्गीकरणको अर्थ मिथ्या सूचना: के गर्ने? FAQs तथ्यजाँच अनुरोध तथ्यजाँच भ्रामक सूचना वागमती सम्बन्धित प्रदेश एबीसी टिभीले डोनाल्ड ट्रम्पलाई १५ करोड होइन, डेढ करोड डलर क्षतिपूर्ति तिर्नुपर्ने Home तथ्यजाँच भ्रामक सूचना सागर बुढाथोकी पुस ५, २०८१ एबीसी टिभीले डोनाल्ड ट्रम्पलाई १५ करोड होइन, डेढ करोड डलर क्षतिपूर्ति तिर्नुपर्ने अमेरिकाका नवनिर्वाचित राष्ट्रपति डोनाल्ड ट्रम्पविरुद्ध गलत समाचार प्रकाशित/प्रसारित गरेपछि एबीसी टिभी च्यानलले १५ करोड अमेरिकी डलर क्षतिपूर्ति तिर्नुपर्ने दाबी गर्दै समाचारहरू प्रकाशित भएका छन्। तर, हाम्रो तथ्यजाँचले यो दाबी भ्रामक रहेको ठहर गरेको छ। एब‍ीसी टिभी च्यानलले अमेरिकी राष्ट्रपति ट्रम्पलाई १ करोड ५० लाख अमेरिकी डलर क्षतिपूर्ति तिर्नुपर्ने भएको हो। के छ दाबी ? मङ्सिर ३० गते उकेरा अनलाइनले ‘ट्रम्पलाई बलात्कारीको ‘गलत’ आरोप लगाउँदै समाचार बजाएपछि एबीसी टिभीले तिर्‍यो १५ करोड डलर’ शीर्षकमा समाचार प्रकाशित गर्‍यो। समाचारमा एबीसी टिभी च्यानलका स्टार प्रस्तोता जर्ज स्टेफानोपोलोसले १० मार्चको एक कार्यक्रममा ट्रम्पले एक महिलालाई बलात्कार गरेको आरोप लगाएको उल्लेख छ। समाचार अनुसार, उनको त्यो अभिव्यक्ति विरुद्ध मानहानिको मुद्दा परेपछि एबीसी टिभी च्यानलले ट्रम्पलाई १५ करोड अमेरिकी डलर क्षतिपूर्ति तिर्न तयार भएको हो। स्क्रिनसट। अर्काइभ लिंक त्यस्तै, लोकान्तर अनलाइनले ‘टिभी च्यानलले डोनाल्ड ट्रम्पलाई १५ करोड डलर क्षतिपूर्ति तिर्नुपर्ने’ शीर्षकमा सोही आशयको समाचार प्रकाशित गरेको छ। हेर्नुस्, स्क्रिनसट । अर्काइभ लिंक तथ्य के हो ? यो विषयको तथ्यजाँच गर्नका लागि हामीले गुगलमा ‘trump abc news lawsuit’ कीवर्ड राखेर सर्च गर्‍यौँ। सो क्रममा बिबिसी डटकममा ‘ Trump gets $15m in ABC News defamation case’ शीर्षकमा प्रकाशित समाचार भेट्यौँ । हेर्नुस्, स्क्रिनसट उक्त समाचार अनुसार, एबीसी टेलिभिजनले अमेरिकी राष्ट्रपति डोनाल्ड ट्रम्पलाई १५ मिलियन डलर क्षतिपूर्ति तिर्नुपर्ने भएको छ। ट्रम्पले एबीसी टेलिभिजनलाई १५ मिलियन अमेरिक",NepalFactCheck.org,https://nepalfactcheck.org/2024/12/abc-tv-trump-defamation-case-compensation-claim-review/,,"भ्रामक सूचना। डोनाल्ड ट्रम्पविरुद्ध गलत समाचार प्रकाशित/प्रसारित गरेपछि एबीसी टिभी च्यानलले १५ मिलियन अमेरिकी डलर क्षतिपूर्ति तिर्नुपर्ने उल्लेख गरेर बिबिसी, एपीजस्ता विश्वसनीय सञ्चार माध्यमले समाचार लेखेका छन्। १५ मिलियन डलर भनेको एक करोड ५० लाख डलर हो। त्यसैले उकेरा र लोकान्तरले १५ करोड अमेरिकी डलर क्षतिपूर्ति तिर्नुपर्ने भनेर गरेको दाबी भ्रामक हो।",Nepali,,,,,,,,,REFUTES,,,,finance_investment,,,,
झापामा सुकुम्वासी बस्ती भत्काउन पुगेका सुरक्षाकर्मी र डोजरमाथि स्थानीयले ढुङ्गा मुडा प्रहार गरेको भन्दै भाइरल भिडियो ।,"झापामा सुकुम्वासी बस्ती भत्काउँदा मुठभेड भएको भनिएको भिडियो काठमाडौंको ८ महिना पुरानो - Nepal Factcheck ☰ होम हाम्रो बारे मिथ्या सूचना के हो? हाम्रो वर्गीकरणको अर्थ मिथ्या सूचना: के गर्ने? FAQs तथ्यजाँच अनुरोध × होम हाम्रो बारे मिथ्या सूचना के हो? हाम्रो वर्गीकरणको अर्थ मिथ्या सूचना: के गर्ने? FAQs तथ्यजाँच अनुरोध कोशी तथ्यजाँच भ्रामक सूचना झापामा सुकुम्वासी बस्ती भत्काउँदा मुठभेड भएको भनिएको भिडियो काठमाडौंको ८ महिना पुरानो Home तथ्यजाँच भ्रामक सूचना सुरज घिमिरे बैशाख २४, २०८३ झापामा सुकुम्वासी बस्ती भत्काउँदा मुठभेड भएको भनिएको भिडियो काठमाडौंको ८ महिना पुरानो झापामा सुकुम्वासी बस्ती भत्काउन पुगेका सुरक्षाकर्मी र डोजरमाथि स्थानीयले ढुङ्गामुढा गरेको दावीसहितको एउटा भिडियो सामाजिक सञ्जालमा भाइरल बनेको छ। तर, नेपाल फ्याक्ट चेकको तथ्य जाँचले उक्त भिडियो झापाको नभई ८ महिना पुरानो काठमाडौंको मनोहरा सुकुम्वासी बस्तीको भएको पुष्टि गरेको छ। के हो दावी ? लक्ष्मण धामी नामक फेसबुक प्रयोगकर्ता ले मंगलबार (मे ५, २०२६) साँझ महानगर प्रहरी, नेपाल प्रहरी र स्थानीयबीच मुठभेड भएको देखिने भिडियो पोस्ट गरे। २ मिनेट १३ सेकेन्डको उक्त भिडियोमा झापामा सुकुम्वासी बस्ती भत्काउन आउने सुरक्षाकर्मी र डोजरमाथि ढुङ्गामुढा भएको दावी गरिएको छ। हामीले तथ्य जाँच गर्दै गर्दा ७ हजार ४ सय बढी लाइक, एक हजार ६ सय कमेन्ट र एक हजार ८ सय पटक शेयर गरिएको छ । साथै, भिडियोलाई ४ लाख ९० हजार बढी पटक हेरिएको छ । हेर्नुहोस्, स्क्रिनरेकर्ड : https://nepalfactcheck.org/wp-content/uploads/2026/05/Jhapa-Jhadap-Misinformation.mp4 उक्त भिडियोको लिङ्क , अर्काइभ लिङ्क र अर्काइभ भिडियो सोही भिडियोलाई युवा लामा ( लिङ्क / अर्काइभ लिङ्क ) , उमेश बुढा ( लिङ्क / अर्काइभ लिङ्क ) लगायतका फेसबुक प्रयोगकर्ताले पनि अपलोड गरेका छन् । के हो तथ्य ? तथ्य जाँचका क्रममा हामीले भाइरल भिडियोका दृश्यहरूलाई सूक्ष्म रूपमा विश्लेषण गर्‍यौं। १. दृश्य प्रमाण भिडियोमा नगर प्रहरीले लगाएको ज्याकेट र हेलमेटमा प्रष्टसँग ‘KMC Police’ लेखिएको देखिन्छ। ‘KMC Police’ को अर्थ काठमाडौं महानगरपालिका प्रहरी (Kathmandu Metropolitan City Police) हो। झापाका कुनै पनि पालिकामा ‘KMC Police’ रहने व्यवस्था छैन। हेर्नुहोस्, स्क्रिनसट : २. स्रोत पहिचान भिडियोमा ‘ ‘फन फन",NepalFactCheck.org,https://nepalfactcheck.org/2026/05/jhapa-squatter-video-misleading/,,भ्रामक (Misleading) । भाइरल भिडियो हालैको झापाको घटना नभई ८ महिना पुरानो काठमाडौंको मनोहरा सुकुम्वासी बस्तीको हो।,Nepali,,,,,,,,,REFUTES,,,,finance_investment,,,,
पत्रकार दिलभूषण पाठक न्यूज २४ टेलिभिजनको प्रधानसम्पादकमा नियुक्त,"नझुक्किनुस्, दिलभूषण पाठक अहिले न्युज २४ टिभीका प्रधान सम्पादक नियुक्त भएका होइनन् - Nepal Factcheck ☰ होम हाम्रो बारे मिथ्या सूचना के हो? हाम्रो वर्गीकरणको अर्थ मिथ्या सूचना: के गर्ने? FAQs तथ्यजाँच अनुरोध × होम हाम्रो बारे मिथ्या सूचना के हो? हाम्रो वर्गीकरणको अर्थ मिथ्या सूचना: के गर्ने? FAQs तथ्यजाँच अनुरोध तथ्यजाँच भ्रामक सूचना वागमती सम्बन्धित प्रदेश नझुक्किनुस्, दिलभूषण पाठक अहिले न्युज २४ टिभीका प्रधान सम्पादक नियुक्त भएका होइनन् Home तथ्यजाँच भ्रामक सूचना वसन्त खड्का माघ २३, २०८० नझुक्किनुस्, दिलभूषण पाठक अहिले न्युज २४ टिभीका प्रधान सम्पादक नियुक्त भएका होइनन् टेलिभिजन पत्रकार दिलभूषण पाठक न्यूज २४ टेलिभिजनको प्रधानसम्पादकमा नियुक्त भएको भन्दै चर्चित व्यक्तित्वहरुले उनको फेसबुक पोस्टमा अहिले धमाधम बधाई तथा शुभकामना दिइरहेका छन्। हाम्रो तथ्य जाँचले भने भर्खरै कान्तिपुर टेलिभिजनबाट राजीनामा दिएका पाठक हाल कुनै टेलिभिजनसित आवद्ध नभएको र उनको त्यो फेसबुक पोस्ट तीन वर्ष पुरानो भएको पाइएको छ। के छ फेसबुक पोस्टमा ? कान्तिपुर टेलिभिजनको प्रधान सम्पादक पदबाट गएको डिसेम्बर ३० तारिखमा राजीनामा दिएको घोषणा गरेका दिलभूषण पाठकको फेसबुक एकाउन्टबाट एउटा पोस्ट गरिएको छ जसमा लेखिएको छ ‘उही यात्रा अब न्यूज २४ नेपालबाट’ पोस्टमा थप लेखिएको छ, ‘….पुनः न्यूजरुम फर्कन्छु भन्ने लागेको थिएन। तर आज पुनः न्यूज २४ टेलिभिजनको प्रधान सम्पादकको जिम्मेवारी सम्हाल्न आइपुगेको छु।’ फेसबुक पोस्टमा स्टाटससँगै पाठकलाई खादा र बुकेसहित स्वागत गर्दै गरेका तस्वीरहरु पनि राखिएको छ। फेसबुक लिंक पाठकको उक्त फेसबुक पोस्टमा मंगलबार दिउँसो २ बज्दासम्म भएका १ हजार ६ सय कमेन्ट मध्ये १३८ वटा बधाई तथा शुभकामनाका कमेन्ट पछिल्लो २४ घण्टामा आएका छन्। पछिल्लो २४ घण्टामा कमेन्ट गर्नेहरुमा चर्चित व्यक्तित्वहरु पनि छन् जस्तै कान्तिपुर दैनिकका पूर्व प्रधानसम्पादक नारायण वाग्ले, डा. भगवान कोइराला, इन्सेकका पूर्व अध्यक्ष सुबोधराज प्याकुरेल, पत्रकार देवप्रकाश त्रिपाठी, क्युएफएक्स समूहका प्रमुख नकिम उद्दिन, लेखक/पत्रकार ध्रुव सिम्खडा, गोरखापत्र संस्थानका कार्यकारी अध्यक्ष विष्णु सुवेदी, राष्ट्रिय योजना आयोगका पूर्व उपाध्यक्ष पृथ्वीराज लिगल, पत्रकार अतुल मिश्र लगायत छन्। केही उदाहरण- चर्चित व्यक्तित्वहरुको कमेन्टका कारण ",NepalFactCheck.org,https://nepalfactcheck.org/2024/02/dilbhushan-pathak-old-facebook-post-viral/,,भ्रामक सूचना। पत्रकार दिलभूषण पाठक न्यूज २४ टेलिभिजनको प्रधानसम्पादकमा नियुक्त भएको भन्दै उनको पोस्टमा बधाई तथा शुभकामना आइरहे पनि उनको त्यो पोस्ट नयाँ नभएर तीन वर्ष पुरानो हो। हामीसँगको कुराकानीमा पाठक आफैले पनि आफूले अहिले न्यूज २४ मा जिम्मेवारी लिएको नभई पुरानो पोस्टमा बधाई तथा शुभकामना आइरहेको बताए।,Nepali,,,,,,,,,REFUTES,,,,finance_investment,,,,
"2024-ൽ IPC, BNS കുറ്റകൃത്യങ്ങളിൽ ഏറ്റവും ഉയർന്ന കുറ്റപത്ര സമർപ്പണ നിരക്ക് കേരളത്തിനാണ്.","കേരളത്തിന്‍റെ ചാർജ്ഷീറ്റിംഗ് നിരക്ക് 94.5 ശതമാനമായിരുന്നു, തൊട്ടുപിന്നിൽ പുതുച്ചേരി (91.0%), പശ്ചിമ ബംഗാൾ (90.6%) എന്നിവയാണ്.",NCRB Crime in India 2024 Report (via Drishti IAS),https://www.drishtiias.com/daily-updates/daily-news-analysis/ncrbs-crime-in-india-2024-report,,,Malayalam,,,,,,,Supported,,,,"NCRB Crime in India 2024 ഔദ്യോഗിക റിപ്പോർട്ട് (Drishti IAS, The Wire, The Logical Indian ഉൾപ്പെടെ ഒന്നിലധികം സ്വതന്ത്ര സ്രോതസ്സുകൾ വഴിയും) കൃത്യമായി സ്ഥിരീകരിക്കുന്നു: കേരളം 94.5%, പുതുച്ചേരി 91.0%, പശ്ചിമ ബംഗാൾ 90.6% എന്നീ ചാർജ്ഷീറ്റിംഗ് നിരക്കുകൾ ശരിയാണ് — 2024 റിപ്പോർട്ട് IPC-യിൽ നിന്ന് BNS-ലേക്കുള്ള മാറ്റം പ്രതിഫലിപ്പിക്കുന്നതിനാൽ ക്ലെയിമിലെ 'IPC, BNS' എന്ന പ്രയോഗവും ശരിയാണ്. ലിങ്ക് (Drishti IAS) ഒരു അഗ്രഗേറ്റർ ആണെങ്കിലും കണക്കുകൾ കൃത്യമായി പൊരുത്തപ്പെടുന്നു.",,,,,,
కాలిఫోర్నియాలో హిందూ ఆలయంపై దాడి జరిగింది.,చినో హిల్స్‌లో బాప్స్ శ్రీ స్వామినారాయణ్ మందిర్‌పై విధ్వంసం. భారత్ ఖండించింది.,Andhra Jyothi,https://www.andhrajyothy.com/2025/national/india-condemns-vandalism-of-hindu-temple-in-california-calls-for-strict-action-avr-1379519.html,,,Telugu,,,,,,,,,Supported,,,,,,,,
വേദൻ 55-ാമത് കേരള സ്റ്റേറ്റ് ഫിലിം അവാർഡിൽ 'മഞ്ഞുമ്മൽ ബോയ്സി'ലെ വരികൾക്ക് മികച്ച ഗാനരചയിതാവിനുള്ള പുരസ്കാരം നേടി.,'മഞ്ഞുമ്മൽ ബോയ്സി'ലെ ഗാനരചനയ്ക്ക് വേദന് 55-ാമത് കേരള സ്റ്റേറ്റ് അവാർഡിൽ മികച്ച ഗാനരചയിതാവിനുള്ള പുരസ്കാരം ലഭിച്ചു.,Gulf News,,,വേദൻ 55-ാമത് കേരള സംസ്ഥാന ചലച്ചിത്ര അവാർഡിൽ 'മഞ്ഞുമ്മൽ ബോയ്സി'ലെ വരികൾക്ക് മികച്ച ഗാനരചയിതാവിനുള്ള പുരസ്കാരം നേടിയെന്ന് Gulf News സ്ഥിരീകരിക്കുന്നു.,Malayalam,,,,,,,,,Supported,,,https://gulfnews.com/entertainment/kerala-film-awards-2025-mammootty-shamla-hamza-and-manjummel-boys-win-big-see-full-winners-list-1.500331722,,,,,
లవ్ జిహాద్ అనేది వ్యవస్థీకృత కుట్ర.,మతాంతర వివాహాలను లోతుగా పరిశీలించే కమిటీ ఏర్పాటు. హిందూ యువతులను ప్రలోభపెట్టి మార్చే కుట్రగా ప్రచారం.,Andhra Jyothi,https://www.andhrajyothy.com/2022/editorial/surveillance-on-interfaith-marriages-976629.html,,,Telugu,,,,,,,,,Not Supported,,,,,,,,
मलेरिया संक्रमित मादा एनोफिलीज मच्छरों के काटने से फैलता है।,विश्व स्वास्थ्य संगठन के अनुसार मलेरिया परजीवी संक्रमित मादा एनोफिलीज मच्छरों के काटने से लोगों में फैलते हैं।,World Health Organization (WHO),https://www.who.int/news-room/fact-sheets/detail/malaria,SUPPORTED,मलेरिया के संचरण का दावा WHO से समर्थित है।,Hindi,,,,,,,,,,,,,,,,,
"राष्ट्रिय सभाको आइतबारको बैठकले गैरसरकारी विधेयकका रूपमा राष्ट्रिय मर्यादासम्बन्धी विधेयक, २०७९ लाई सर्वसम्मतिले स्वीकृत गरेको छ। विधेयकमा छलफल सकिएपछि राष्ट्रिय सभा अध्यक्ष गणेशप्रसाद तिमिल्सिनाले विधेयकको विपक्षमा कोही पनि नरहेकाले विधेयक संसद्‌बाट सर्वसम्मतिले स्वीकृत भएको घोषणा गरेका थिए ।","के गैरसरकारी विधेयक राष्ट्रिय सभाले सर्वसम्मतिबाट स्वीकृत गरेको हो? - Nepal Factcheck ☰ होम हाम्रो बारे मिथ्या सूचना के हो? हाम्रो वर्गीकरणको अर्थ मिथ्या सूचना: के गर्ने? FAQs तथ्यजाँच अनुरोध × होम हाम्रो बारे मिथ्या सूचना के हो? हाम्रो वर्गीकरणको अर्थ मिथ्या सूचना: के गर्ने? FAQs तथ्यजाँच अनुरोध तथ्यजाँच भ्रामक सूचना वागमती के गैरसरकारी विधेयक राष्ट्रिय सभाले सर्वसम्मतिबाट स्वीकृत गरेको हो? Home तथ्यजाँच भ्रामक सूचना उमेश श्रेष्ठ चैत्र १२, २०७९ के गैरसरकारी विधेयक राष्ट्रिय सभाले सर्वसम्मतिबाट स्वीकृत गरेको हो? कान्तिपुर राष्ट्रिय दैनिक र नयाँ पत्रिका राष्ट्रिय दैनिकका अनलाइन संस्करणहरु इकान्तिपुर र नयाँपत्रिकाडेली तथा रिपोर्टर्सनेपाल डट कमले चैत १२, २०७९ आइतबार राष्ट्रिय सभाको बैठकले गैरसरकारी विधेयक राष्ट्रिय मर्यादासम्बन्धी विधेयक, २०७९ सर्वसम्मतिले स्वीकृत गरेको समाचार राखेका छन्। तर हाम्रो तथ्यजाँचमा यो सूचना भ्रामक देखिएको छ। आइतबारको बैठकले सो विधेयक नै स्वीकृत गरेको नभई सो विधेयकमाथि विचार गरियोस् भन्ने प्रस्ताव मात्र स्वीकृत गरेको देखिएको छ। यस्ता छन् समाचार इकान्तिपुरमा ‘गैरसरकारी विधेयक राष्ट्रिय सभाद्वारा सर्वसम्मतिले स्वीकृत’ शीर्षकको समाचारमा लेखिएको छ- राष्ट्रिय सभाको आइतबारको बैठकले गैरसरकारी विधेयक सर्वसम्मतिले स्वीकृत गरेको छ । राष्ट्रिय सभामा प्रतिनिधित्व गर्ने दलका सांसदहरूले गैरसरकारी विधेयकका रूपमा राष्ट्रिय मर्यादासम्बन्धी विधेयक, २०७९ दर्ता गरेका थिए । एकीकृत समाजवादीका सांसद बेदुराम भुसालले राष्ट्रिय मर्यादासम्बन्धी विधेयक, २०७९ सभासमक्ष पेस गरेका थिए । विधेयकमाथि सांसदहरूले आ-आफ्ना धारणा राखेका थिए । विधेयकमा छलफल सकिएपछि राष्ट्रिय सभा अध्यक्ष गणेशप्रसाद तिमिल्सिनाले विधेयकको विपक्षमा कोही पनि नरहेकाले विधेयक संसद्‌बाट सर्वसम्मतिले स्वीकृत भएको घोषणा गरेका थिए । हेर्नुस् अर्काइभ लिङ्क त्यसैगरी नयाँपत्रिकाडेलीमा शीर्षकमा प्रकाशित समाचारमा पनि ‘आइतबार बसेको राष्ट्रिय सभाको बैठकबाट राष्ट्रिय मर्यादासम्बन्धी विधेयक २०७९ सर्वसम्मतिले स्वीकृत भएको हो’ र ‘विधेयकमा छलफल सकिएपछि राष्ट्रिय सभा अध्यक्षले विधेयकको विपक्षमा कोही पनि नरहेकाले विधेयक संसदबाट सर्वसम्मतिले स्वीकृत भएको घोषणा गरे’ लेखिएको छ। हेर्नुस् अर्काइभ लिङ्क। त्यसैगरी रिपोर्टर्सनेपालम",NepalFactCheck.org,https://nepalfactcheck.org/2023/03/na-misleading-news/,,भ्रामक सूचना। राष्ट्रिय सभाको आइतबारको बैठकले सो विधेयकमाथि विचार गरियोस् भन्ने प्रस्तावमात्र सर्वसम्मतिले स्वीकृत गरेको हो। समाचारहरुले विधेयक नै स्वीकृत भएको भ्रम पारेको छ। विधेयक पारित हुनका लागि अझै विभिन्न प्रक्रिया बाँकी नै छ।,Nepali,,,,,,,,,REFUTES,,,,politics_elections,,,,
प्रतिलिपि अधिकार ऐन अन्तर्गतको मुद्दामा तीन वर्षभन्दा बढी कैद सजाय हुने,"के प्रतिलिपि अधिकारको मुद्दामा तीन वर्षभन्दा बढी कैद हुन्छ? - Nepal Factcheck ☰ होम हाम्रो बारे मिथ्या सूचना के हो? हाम्रो वर्गीकरणको अर्थ मिथ्या सूचना: के गर्ने? FAQs तथ्यजाँच अनुरोध × होम हाम्रो बारे मिथ्या सूचना के हो? हाम्रो वर्गीकरणको अर्थ मिथ्या सूचना: के गर्ने? FAQs तथ्यजाँच अनुरोध तथ्यजाँच मिथ्या सूचना वागमती सम्बन्धित प्रदेश के प्रतिलिपि अधिकारको मुद्दामा तीन वर्षभन्दा बढी कैद हुन्छ? Home तथ्यजाँच मिथ्या सूचना उमेश श्रेष्ठ भदौ २४, २०८० के प्रतिलिपि अधिकारको मुद्दामा तीन वर्षभन्दा बढी कैद हुन्छ? प्रतिलिपि अधिकार उल्लंघनको विषयमा गायक प्रमोद खरेलको जाहेरीका आधारमा परेको मुद्दामा विन्धवासिनी म्यूजिक प्रालिका सञ्चालकहरुलाई काठमाडौँ जिल्ला अदालतले दोषी ठहर गरेको र तीन वर्षभन्दा बढी कैद हुने भएपछि सजाय निर्धारणका लागि फेरि सुनुवाई गर्ने आदेश दिएको समाचार अनलाइनखबरले प्रकाशन गरेको छ। तर हाम्रो तथ्य जाँचमा यो मिथ्या सूचना देखिएको छ। प्रतिलिपि अधिकार ऐनमा यति धेरै वर्ष कैदको व्यवस्था छैन। के छ समाचारमा ? अनलाइनखबरले २०८० भदौ २१ गते प्रतिलिपि अधिकारको मुद्दा जिते प्रमोद खरेलले शीर्षकमा समाचार राखेको छ। समाचारमा काठमाडौँ जिल्ला अदालतको न्यायाधीश उत्तम सिलुवालको इजलासले गायक प्रमोद खरेलको प्रतिलिपि अधिकार उल्लङ्घन गरेकोमा विन्धवासिनी म्यूजिक प्रा.लि.का सञ्चालक लीला शर्मा रेग्मी र सुवास रेग्मीलाई दोषी ठहर गरेको र उनीहरुमाथि ३ वर्षभन्दा बढी कैद हुने भएपछि सजाय निर्धारणका लागि फेरि सुनुवाइ गर्न आदेश दिएको उल्लेख छ। अनलाइनखबरको समाचारको स्क्रिनसट। अर्काइभ लिङ्कको लागि यहाँ क्लिक गर्नुस्। के हो तथ्य ? हामीले यसको तथ्य जाँचका लागि काठमाडौँ जिल्ला अदालतको आधिकारिक वेबसाइटमा हेर्‍यौँ। भदौ २१ गते न्यायाधीश उत्तम सिलुवालको इजलासले प्रमोद खरेलको जाहेरीले नेपाल सरकार वादी र लीला शर्मा रेग्मीसमेत दुई जना प्रतिवादी रहेको प्रतिलिपि अधिकार ऐन अन्तर्गतको कसूरमा कसुर ठहर भएको र सजाय निर्धारकणको लागि पेश गर्ने आदेश दिएको उल्लेख छ। के अनलाइनखबरले दावी गरे जस्तै यो कसुरमा तीन वर्षभन्दा बढी कैदको सजाय व्यवस्था छ त ? यसका लागि हामीले प्रतिलिपि अधिकार ऐन २०५९ हेर्‍यौँ जसको अन्तिम संशोधन २०७५ सालमा भएको छ। ऐनको दफा २७, २८ र २९ मा दण्ड सजाय सम्बन्धी व्यवस्था छ। संरक्षित अधिकारको उल्लङ्घन गरेमा ",NepalFactCheck.org,https://nepalfactcheck.org/2023/09/copyright-act-misinformation/,,मिथ्या सूचना। प्रतिलिपि अधिकार ऐन अन्तर्गतको मुद्दामा अधिकतम ६ महिना सजाय हुने व्यवस्था दफा २५ ले गरेको छ। दोस्रो पटकदेखि त्यस्तो कसुर गरे अधिकतम एक वर्षसम्म मात्र कैद हुने व्यवस्था छ। तसर्थ अनलाइनखबरको तीन वर्षभन्दा बढी कैद सजाय हुने दावी मिथ्या ठहर्छ।,Nepali,,,,,,,,,REFUTES,,,,finance_investment,,,,
ਪ੍ਰਸਿੱਧ ਅਦਾਕਾਰ ਆਰੀਅਨ ਬੱਬਰ ਨੂੰ ਬਾਲੀਵੁੱਡ ਫਿਲਮ ਲਈ ਸਾਈਨ ਕੀਤਾ ਗਿਆ ਹੈ।,ਪ੍ਰੋਡਕਸ਼ਨ ਹਾਊਸ ਨੇ ਪ੍ਰੈਸ ਨੋਟ ਜਾਰੀ ਕਰਕੇ ਆਰੀਅਨ ਬੱਬਰ ਦੇ ਇਸ ਪ੍ਰੋਜੈਕਟ ਵਿੱਚ ਸ਼ਾਮਲ ਹੋਣ ਦੀ ਪੁਸ਼ਟੀ ਕੀਤੀ ਹੈ।,BBC News Punjabi,https://www.bbc.com/punjabi?id=10217,,,Punjab,,,,,,,,,,,,,,Supported,,,
IRDAI (బీమా నియంత్రణ మరియు అభివృద్ధి ప్రాధికార సంస్థ) ప్రధాన కార్యాలయం హైదరాబాద్‌లో ఉంది.,1999 IRDA చట్టం ద్వారా ఏర్పాటైన ఈ సంస్థ కార్యాలయం 2001లో ఢిల్లీ నుండి హైదరాబాద్‌కు మారింది.,IRDAI,https://irdai.gov.in,,,Telugu,,,,,,,Supported,,,,,,,,,,
వ్యాక్సిన్లు అనేక అంటువ్యాధులను నివారిస్తాయి.,టీకాలు తీవ్రమైన వ్యాధులను నివారించడంలో ప్రభావవంతంగా ఉంటాయి.,WHO,https://www.who.int/health-topics/vaccines-and-immunization,,,Telugu,,,,,,,,,,,,,,,,Supported,Supported
काठमाडौँ-हेटौंडा सडकखण्डमा गएको पहिरोको भएको दावी सहितको भिडियो।,"काठमाडौँ-हेटौडा सडकखण्डको पहिरो दावी गर्दै भाइरल भिडियो वास्तवमा इन्डोनेसियाको - Nepal Factcheck ☰ होम हाम्रो बारे मिथ्या सूचना के हो? हाम्रो वर्गीकरणको अर्थ मिथ्या सूचना: के गर्ने? FAQs तथ्यजाँच अनुरोध × होम हाम्रो बारे मिथ्या सूचना के हो? हाम्रो वर्गीकरणको अर्थ मिथ्या सूचना: के गर्ने? FAQs तथ्यजाँच अनुरोध गण्डकी जलवायु र वातावरण तथ्यजाँच भ्रामक सूचना काठमाडौँ-हेटौडा सडकखण्डको पहिरो दावी गर्दै भाइरल भिडियो वास्तवमा इन्डोनेसियाको Home तथ्यजाँच भ्रामक सूचना प्रविण भट्ट साउन ३, २०८१ काठमाडौँ-हेटौडा सडकखण्डको पहिरो दावी गर्दै भाइरल भिडियो वास्तवमा इन्डोनेसियाको सामाजिक सञ्जाल फेसबुकमा काठमाडौँ-हेटौंडा सडकखण्डमा पहिरो गएको दावीसहित एक भिडियो भाइरल भएको छ। ३९ लाख पटक हेरिएको उक्त भिडियोमा काठमाडौँ-हेटौंडा सडकखण्डमा पहिरो गएको दावी गर्दै काठमाडौँदेखि हेटौंडा जाँदा सावधानी अपनाउन सल्लाह दिइएको छ। तर, हाम्रो तथ्यजाँच अनुसार उक्त भिडियो भ्रामक रहेको पाइएको छ। भिडियो नेपालमा नभई विदेशमा खिचिएको हो। के हो दावी? ३ हजार फलोअर रहेका रबिन्द्र कुमार कुशवाहा नामक फेसबुक प्रयोगकर्ताले जुलाई १२, २०२४ (असार २८, २०८१) मा अशुद्ध नेपाली भाषामा “चिसोपानीभन्दा तल हेटौंडाको बीचमा गएको पहिरो, काठमाडौँबाट हेटौंडा आउँदा हेरेर आउनुहोला” लेख्दै एक फेसबुक रिल्स पोष्ट गरेका छन्। पहिरोको दावी गरिएको उक्त भिडियोमा एउटा निलो ट्रक पहिरोबाट बच्न तीव्र गतिमा गुडिरहेको र एक व्यक्तिले ट्रकलाई छिटो आउन इसारा गरिरहेको देख्न सकिन्छ। साथै, भिडियोमा साइरन बजेको सुन्न सकिन्छ। यो तथ्यजाँच तयार पार्दा सम्म ३९ लाख पटक हेरिएको उक्त भिडियोमा २८ हजार ७ सय वटा लाइक, ९८ वटा कमेन्ट र ६७१ जनाले सेयर गरेका छन्। हेर्नुहोस् स्क्रिनसट हेर्नुहोस् स्क्रिनरेकर्ड https://nepalfactcheck.org/wp-content/uploads/2024/07/Facebook.mp4 के हो तथ्य? काठमाडौँ-हेटौंडा सडकखण्डमा पहिरो गएको दावीको तथ्य पत्ता लगाउन हामीले विभिन्न सर्च इन्जिनमा डिप सर्च गर्‍यौँ। खोजीका क्रममा हामीले ई-कान्तिपुर ले असार २२ गते “हेटौंडा-काठमाडौं जोड्ने तीनवटै सडक पहिरोले अवरुद्ध” भन्ने शीर्षक सहितको समाचार प्रकाशन गरेको फेला पार्‍यौँ। त्यसैदिनको समाचारमा हेटौंडा–दक्षिणकाली–काठमाडौं सडकखण्ड खुलेको जानकारी थियो। यस्तै, नागरिक दैनिकमा पनि सडक खुलेको जानकारी सहितको स",NepalFactCheck.org,https://nepalfactcheck.org/2024/07/indonesia-landslide-fake-claim/,,भ्रामक सूचना। काठमाडौँ-हेटौंडा सडकखण्डमा पहिरो गएको र केही समय यातायात अवरुद्ध भएको सही हो। तर त्यहाँको भन्दै फेसबुकमा राखिएको भिडियो नेपालको नभई इन्डोनेसियाको पश्चिमी सुमात्रा क्षेत्रको सितिन्जाउ लोइकको हो।,Nepali,,,,,,,,,REFUTES,,,,finance_investment,,,,
वेलेरियन चिंता के उपचार में प्रभावी है।,एनसीसीआईएच के अनुसार चिंता में वेलेरियन के लाभ पर निष्कर्ष निकालने के लिए पर्याप्त साक्ष्य नहीं हैं।,National Center for Complementary and Integrative Health (NCCIH),https://www.nccih.nih.gov/health/valerian,NOT ENOUGH INFORMATION,चिंता के लिए साक्ष्य अपर्याप्त हैं।,Hindi,,,,,,,,,,,,,,,,,
अब विदेश भ्रमणमा जाने सबै नेपालीले राहदानी वापत बढीमा २०० अमेरिकी डलरसम्म मात्र सटही सुविधा पाउँछन्।,"के विदेश घुम्न जानेले २०० डलरमात्र साट्न पाउने भएको हो? - Nepal Factcheck ☰ होम हाम्रो बारे मिथ्या सूचना के हो? हाम्रो वर्गीकरणको अर्थ मिथ्या सूचना: के गर्ने? FAQs तथ्यजाँच अनुरोध × होम हाम्रो बारे मिथ्या सूचना के हो? हाम्रो वर्गीकरणको अर्थ मिथ्या सूचना: के गर्ने? FAQs तथ्यजाँच अनुरोध तथ्यजाँच भ्रामक सूचना वागमती सम्बन्धित प्रदेश के विदेश घुम्न जानेले २०० डलरमात्र साट्न पाउने भएको हो? Home तथ्यजाँच भ्रामक सूचना उमेश श्रेष्ठ साउन ६, २०७९ के विदेश घुम्न जानेले २०० डलरमात्र साट्न पाउने भएको हो? केही अनलाइन मिडियाहरुले अबदेखि विदेश घुम्न जाने नेपालीहरुले दुई सय अमेरिकी डलर मात्रै सटही सुविधा पाउने समाचार लेखेका छन्। ती समाचारमा दावी गरिए अनुसार नेपाल राष्ट्र बैंकले एक निर्देशन जारी गर्दै विदेश भ्रमणमा जाने नेपाली नागरिकलाई राहदानीबापत अधिकतम अमेरिकी डलर २०० सम्मको सटही सुविधा प्रदान गर्ने व्यवस्था गरेको हो। तर हाम्रो तथ्य जाँचमा यो भ्रामक सूचना देखिएको छ। नेपाल राष्ट्र बैँकले विदेश घुम्न जानेलाई २०० डलर मात्र सटही सुविधा दिने सर्कुलर जारी गरेको नभई इजाजतप्राप्त मनीचेन्जरको हकमा मात्र लागू गरेको हो। परिवर्त्य विदेशी मुद्रा सतही सम्बन्धी २०७८ पुसमा जारी गरिएको एकीकृत परिपत्र २०७८ कायमै छ। कहाँ कस्तो समाचार ? गोरखापत्रमा २०७९ साउन ४ गते विदेश भ्रमणमा जानेलाई २०० अमेरिकी डलरको मात्रै सटही सुविधा शीर्षकमा समाचार राखिएको छ। सो समाचारमा लेखिएको छ- के तपाई विदेश यात्राको तयारीमा हुनुहुन्छ ? यदि हुनुहुन्छ भने अब तपाईले आफूलाई आवश्यक पर्ने जति अमेरिकी डलरको सटही सुविधा पाउन सक्नुहुनेछैन। नेपाल राष्ट्र बैंकले बुधबार एक निर्देशन जारी गर्दै विदेश भ्रमणमा जाने नेपाली नागरिकलाई राहदानीबापत अधिकतम अमेरिकी डलर २०० सम्मको सटही सुविधा प्रधान गर्ने व्यवस्था गरेको छ। समाचारको यो अंशले अब विदेश भ्रमणमा जाने सबै नेपालीले राहदानी वापत बढीमा २०० अमेरिकी डलरसम्म मात्र साट्न पाउने बुझिन्छ। सरकारी समाचार एजेन्सी राष्ट्रिय समाचार समिति (रासस) ले यो समाचार सम्प्रेषण गरेको देखिन्छ- राससको समाचारको स्क्रिनसट यही व्यहोराको समाचार अरु विभिन्न अनलाइन मिडियाहरुमा पनि आएका छन्- इकागज : विदेश भ्रमणमा जानेलाई अब २०० अमेरिकी डलरको मात्रै सटही सुविधा देशसञ्चार : विदेश भ्रमणमा जानेलाई अब २०० अमेरिकी डलरको मात्र",NepalFactCheck.org,https://nepalfactcheck.org/2022/07/dollar-exchange/,,भ्रामक सूचना । विदेश भ्रमणमा जाने नेपालीलाई इजाजतप्राप्त मनिचेञ्जरले प्रदान गर्ने सटही सुविधामात्रै अधिकतम २०० अमेरिकी डलरसम्म भनिएको हो। बैँकहरुबाट दिइने सटही सुविधामा पुरानै परिपत्र कायमै छ। अर्थात् पुरानो परिपत्रमा रहेको राहदानी वापत सटही सुविधामा भारत बाहेक विदेश भ्रमणमा जाने नेपालीहरुलाई अमेरिकी डलर १५०० सम्म सटही सुविधा वर्षमा दुई पटकमा नबढ्ने गरी प्रदान गर्न सकिने र श्रम स्वीकृति लिई वैदेशिक रोजगारमा जानेलाई भने २०० अमेरिकी डलरसम्म मात्रको सुविधा बैँकमार्फत् दिने व्यवस्था कायमै छ।,Nepali,,,,,,,,,REFUTES,,,,finance_investment,,,,
ਪ੍ਰਸਿੱਧ ਅਦਾਕਾਰ ਨਿਮਰਤ ਖਹਿਰਾ ਨੂੰ ਬਾਲੀਵੁੱਡ ਫਿਲਮ ਲਈ ਸਾਈਨ ਕੀਤਾ ਗਿਆ ਹੈ।,ਪ੍ਰੋਡਕਸ਼ਨ ਹਾਊਸ ਨੇ ਪ੍ਰੈਸ ਨੋਟ ਜਾਰੀ ਕਰਕੇ ਨਿਮਰਤ ਖਹਿਰਾ ਦੇ ਇਸ ਪ੍ਰੋਜੈਕਟ ਵਿੱਚ ਸ਼ਾਮਲ ਹੋਣ ਦੀ ਪੁਸ਼ਟੀ ਕੀਤੀ ਹੈ।,Rozana Spokesman,https://www.rozanaspokesman.in/?id=10013,,,Punjab,,,,,,,,,,,,,,Supported,,,
"2023-24 ൽ ഇന്ത്യ ED (Enforcement Directorate) 5,000-ലധികം മണി ലോൺഡറിംഗ് കേസ് രജിസ്റ്റർ ചെയ്തു, 2013-14 ലെ 209 കേസുകൾക്ക് അപേക്ഷിച്ച് 24 മടങ്ങ് ഉയർന്നു.","ED ആനുവൽ ഡേറ്റ 2023-24 5,297 PMLA (Prevention of Money Laundering Act) കേസ് ഡോക്യൂമെൻ്റ് ചെയ്തു, 1.05 ലക്ഷം കോടി രൂപ അറ്റ്റ്യാക്ഷ്‌ഡ് ആസ്തി ഉൾക്കൊള്ളിച്ച്.",Enforcement Directorate India Annual Report 2023-24,https://enforcementdirectorate.gov.in/,,,Malayalam,,,,,,,Not Supported,,,,"5,297 PMLA കേസുകൾ എന്നത് 2014 മുതൽ 2024 വരെയുള്ള 10 വർഷത്തെ സഞ്ചിത (cumulative) കണക്കാണ് (ED/Zigram ഡേറ്റ പ്രകാരം) — 2023-24 എന്ന ഒറ്റ വർഷത്തിൽ രജിസ്റ്റർ ചെയ്തതല്ല. ക്ലെയിം ഈ രണ്ട് വ്യത്യസ്ത കാലയളവുകളെ കൂട്ടിക്കുഴച്ചിരിക്കുന്നു.",,,,,,
"ఆదాయపు పన్ను చట్టం ప్రకారం ఏటా రూ. 10,000 కంటే ఎక్కువ పన్ను బాధ్యత ఉన్న వ్యక్తులు అడ్వాన్స్ ట్యాక్స్ 4 వాయిదాలలో చెల్లించాలి.","జూన్ 15, సెప్టెంబర్ 15, డిసెంబర్ 15 మరియు మార్చి 15 తేదీలలో అడ్వాన్స్ టాక్స్ వాయిదాలు చెల్లించాలి.",Income Tax Department,https://www.incometax.gov.in,,,Telugu,,,,,,,Supported,,,,,,,,,,
अर्जेन्टिनाले मेस्सीको तस्बिरअंकित त्यहाँको मुद्रा पेसोको एक हजारको नोट जारी गरेको छ।,"नझुक्किनुस्, अर्जेन्टिनाले मेस्सीको फोटो भएको नोट जारी गरिसकेको छैन - Nepal Factcheck ☰ होम हाम्रो बारे मिथ्या सूचना के हो? हाम्रो वर्गीकरणको अर्थ मिथ्या सूचना: के गर्ने? FAQs तथ्यजाँच अनुरोध × होम हाम्रो बारे मिथ्या सूचना के हो? हाम्रो वर्गीकरणको अर्थ मिथ्या सूचना: के गर्ने? FAQs तथ्यजाँच अनुरोध तथ्यजाँच भ्रामक सूचना वागमती सम्बन्धित प्रदेश नझुक्किनुस्, अर्जेन्टिनाले मेस्सीको फोटो भएको नोट जारी गरिसकेको छैन Home तथ्यजाँच भ्रामक सूचना उमेश श्रेष्ठ पुस ६, २०७९ नझुक्किनुस्, अर्जेन्टिनाले मेस्सीको फोटो भएको नोट जारी गरिसकेको छैन अर्जेन्टिनाले विश्वकप फुटबल जितेपछि कप्तान लियोनेल मेस्सीको सम्मानमा त्यहाँको बैँकले उनको तस्बिरअंकित नोट जारी गरेको दावी नेपाली अनलाइन र सामाजिक सञ्जालमा भाइरल भएको छ। ती भाइरल सूचनाहरुमा मेस्सीको तस्बिरअंकित १००० पेसो (अर्जेन्टिनी मुद्रा) को नोटमा उनकै हस्ताक्षर पनि रहेको भनिएको छ। तर हाम्रो तथ्य जाँचमा अर्जेन्टिनामा त्यस्तो नोट जारी भइनसकेको देखिएको छ। यस्तो छ भाइरल सूचना नेपालखबर अनलाइनले ‘अर्जेन्टिनाले १००० को नोटमा राख्यो मेस्सीको तस्बिर र हस्ताक्षर’ शीर्षकमा राखेको समाचारमा दावी गरिएको छ- ‘फ्रान्सलाई हराउँदै विश्वकपको उपाधि उचालेर घर फर्किएलगत्तै अर्जेन्टिनाले मेस्सीको तस्बिरअंकित त्यहाँको मुद्रा पेसोको एक हजारको नोट जारी गरेको हो।’ समाचारमा नोटको भन्दै केही फोटोहरु पनि राखिएको छ। हेर्नुस् अर्काइभ लिङ्क पूर्व सचिव भीम उपाध्यायले आफ्नो फेसबुकमा अर्जेन्टिनालाई विश्व कप जिताएर घर फर्किएसँगै अर्जेन्टिनाको सरकारले मेस्सीको सम्मानमा उनको फोटो र हस्ताक्षर सहित त्यहाँको बैंक नोट जारी गरेको दावी गर्दै फोटोसहितको पोस्ट गरेका छन्। बुधबार रातिसम्म त्यसमा ५ हजारभन्दा बढी रियाक्सन, ३५६ कमेन्ट र ११३ सेयर छन्। हेर्नुस् स्क्रिनसट- पत्रकार भोजराज भाटले ‘अर्जेन्टिनाले विश्वकप जितेपछि लियो मेस्सीको तस्बिर सहितको १००० पेसोको सम्झनामा नोट जारी गरेको छ । जहाँ लियोनल मेस्सीको हस्ताक्षर हुनेछ’ लेख्दै अर्जेन्टिना फुटबल एसोसिएसनको फ्यानपेजको एउटा फोटोसहितको पोस्ट सेयर गरेका छन्। हेर्नुस् स्क्रिनसट उक्त फ्यानपेजको यो पोस्ट बुधबार राति १० बजेसम्म १ हजारभन्दा बढी सेयर भइसकेको छ। त्यसैगरी मेरोक्रिकेट नामको फेसबुक पेजले ‘विदेशमा खेलाडीलाई राजा भन्दामाथिको इज्जत। अर्जेन",NepalFactCheck.org,https://nepalfactcheck.org/2022/12/messi-bank-note/,,भ्रामक सूचना। अर्जेन्टिनाको केन्द्रीय बैँकको बैठकमा मेस्सीको तस्बिर अङ्कित नोट जारी गर्ने विषयमा छलफल भएको त्यहाँका न्युजपोर्टलहरुले जनाएका छन्। तर त्यस्तो नोट जारी भइसकेको भने छैन। सामाजिक सञ्जालमा भेटिएका नोटहरु वास्तविक हैनन्।,Nepali,,,,,,,,,REFUTES,,,,finance_investment,,,,
മധു ബാലകൃഷ്ണന് 2024-ലെ കേരള ഫിലിം ക്രിട്ടിക്സ് അസോസിയേഷൻ അവാർഡിൽ മികച്ച പിന്നണി ഗായകനുള്ള പുരസ്കാരം ലഭിച്ചു.,"""ഓം സ്വസ്തി"" (സുഖിനോ ഭവന്തു) എന്ന ഗാനത്തിന് മധു ബാലകൃഷ്ണന് കേരള ഫിലിം ക്രിട്ടിക്സ് അസോസിയേഷന്റെ മികച്ച പിന്നണി ഗായകനുള്ള പുരസ്കാരം ലഭിച്ചു.",Wikipedia,,,"മധു ബാലകൃഷ്ണന് 'സുഖിനോ ഭവന്തു'വിലെ 'ഓം സ്വസ്തി' എന്ന ഗാനത്തിന് 2024-ലെ കേരള ഫിലിം ക്രിട്ടിക്സ് അസോസിയേഷൻ അവാർഡിൽ മികച്ച പിന്നണി ഗായകനുള്ള പുരസ്കാരം ലഭിച്ചെന്ന് Wikipedia, Filmibeat സ്ഥിരീകരിക്കുന്നു.",Malayalam,,,,,,,,,Supported,,,https://en.wikipedia.org/wiki/Kerala_Film_Critics_Association_Awards_2024,,,,,
बजट 2023 में वरिष्ठ नागरिक बचत योजना की अधिकतम निवेश सीमा बढ़ाई गई।,बजट 2023 में SCSS की अधिकतम सीमा ₹15 लाख से ₹30 लाख करने की घोषणा की गई।,navbharattimes.indiatimes.com,https://navbharattimes.indiatimes.com/business/business-news/70k-senior-citizens-may-opt-for-30-lakh-deposit-scheme/articleshow/97635792.cms,,बजट दस्तावेज़ से सत्यापित।,Hindi,,,,,,,,,,Supported,,,,,,,
23 सितंबर सांकेतिक भाषा दिवस मनाया गया।,"2022 विषय ""Sign Languages Unite Us!""।",UN/ISLRTC,,,,Hindi,,,,https://www.un.org/en/observances/sign-languages-day,Supported,UN घोषणा से पुष्ट।,,,,,,,,,,,
ਆਰੀਅਨ ਬੱਬਰ ਦੀ ਨਵੀਂ ਫਿਲਮ ਨੇ ਪਹਿਲੇ ਦਿਨ 100 ਕਰੋੜ ਦੀ ਕਮਾਈ ਕੀਤੀ।,ਬਾਕਸ ਆਫਿਸ ਰਿਪੋਰਟਾਂ ਅਨੁਸਾਰ ਆਰੀਅਨ ਬੱਬਰ ਦੀ ਫਿਲਮ ਨੇ ਓਪਨਿੰਗ ਡੇਅ 'ਤੇ ਵਾਕਈ 100 ਕਰੋੜ ਕਮਾਏ ਹਨ।,PTC News,https://www.ptcnews.tv/?id=10412,,,Punjab,,,,,,,,,,,,,,Supported,,,
"टेटनस का प्रभाव केवल हल्के बुखार तक सीमित नहीं, बल्कि दर्दनाक मांसपेशीय ऐंठन तक भी पहुंचता है।",डब्ल्यूएचओ दर्दनाक मांसपेशीय ऐंठन को टेटनस का लक्षण बताता है।,World Health Organization (WHO),https://www.who.int/news-room/fact-sheets/detail/tetanus,SUPPORTED,"WHO दर्दनाक मांसपेशीय ऐंठन को टेटनस का लक्षण बताता है, इसलिए दावा साक्ष्य द्वारा समर्थित है।",Hindi,,,,,,,,,,,,,,,,,
مچھیرے دریائے کوساستھالائیار کی حالت کے بارے میں حکومت کی کسی بھی کارروائی کی توقع نہیں کرتے۔,مچھیرے نے حکام کو اس مسئلے کی طرف توجہ دلانے کے لئے علیحدہ نمائندگی کی ہے اور انتظامیہ کو متاثرہ علاقے کی جانچ کا حکم دیا گیا ہے۔ تاہم، اس بات کی وضاحت نہیں کی گئی کہ اس مسئلے کے حل کے لئے کیا اقدامات کیے جائیں گے۔,Munsif Daily (Urdu) - منصف ڈیلی، حیدرآباد,https://munsifdaily.com/tn-fishermen-protest-against-dumping/,,مضمون میں بتایا گیا ہے کہ مچھیرے نے حکام کو شکایات کی ہیں، لیکن یہ واضح نہیں ہے کہ حکومت نے ان شکایات کے جواب میں کیا اقدامات کیے ہیں۔,Urdu,,,,,,,,,Not Enough Information (NEI),,,,,,,,
"హల్దీఘాటీ యుద్ధంలో మహారాణా ప్రతాప్ గెలిచారు, అక్బర్ ఓడిపోయారు.","యుద్ధంలో ప్రతాప్ సైన్యం వెనుదిరగాల్సి వచ్చింది. మాన్ సింగ్, ప్రతాప్ మధ్య యుద్ధం. హకీమ్ ఖాన్ సూరీ ప్రతాప్ తరఫున పోరాడారు. ఇది మత యుద్ధం కాదు.",BBC News తెలుగు,https://www.bbc.com/telugu/articles/cq85gxvzvdvo,,,Telugu,,,,,,,,,Not Supported,,,,,,,,
భారత రాజ్యాంగంలోని ఆర్టికల్ 279A ప్రకారం GST కౌన్సిల్ ఏర్పాటు చేయబడింది.,జిఎస్‌టీ కౌన్సిల్‌కు కేంద్ర ఆర్థిక శాఖ మంత్రి అధ్యక్షత వహిస్తారు మరియు రాష్ట్రాల ఆర్థిక మంత్రులు సభ్యులుగా ఉంటారు.,GST Council,https://www.gstcouncil.gov.in,,,Telugu,,,,,,,Supported,,,,,,,,,,
SEBI की वेबसाइट पर पंजीकृत निवेश सलाहकारों और अन्य मध्यस्थों का सत्यापन उपलब्ध है।,SEBI सार्वजनिक रूप से पंजीकृत मध्यस्थों का ऑनलाइन डेटाबेस उपलब्ध कराता है।,sbilife.co.in,https://www.sbilife.co.in/hi/blogs/finance/who-is-a-sebi-registered-investment-advisor,,आधिकारिक सत्यापन सुविधा उपलब्ध है।,Hindi,,,,,,,,,,Supported,,,,,,,
"नवंबर 2022 GST संग्रह ₹1,45,867 करोड़, 11% YoY वृद्धि।","CGST ₹25,681 cr, SGST ₹32,651 cr, IGST ₹77,103 cr।",Ministry of Finance,,,,Hindi,,,,https://www.business-standard.com/article/news-cm/gst-collection-comes-in-at-1-45-lakh-crore-in-november-122120100784_1.html,Supported,वित्त मंत्रालय आंकड़ों से सत्यापित।,,,,,,,,,,,
అధిక ఒత్తిడి రక్తపోటును పెంచుతుంది.,ఒత్తిడి రక్తపోటుపై ప్రభావం చూపవచ్చు.,American Heart Association,https://www.heart.org/en/healthy-living/healthy-eating,,,Telugu,,,,,,,,,,,,,,,,Supported,Supported
SEBI निवेशकों को निवेश से पहले पंजीकृत डिपॉजिटरी प्रतिभागी (DP) का सत्यापन करने की सुविधा देता है।,SEBI की वेबसाइट पर विभिन्न पंजीकृत मध्यस्थों का सत्यापन उपलब्ध है।,bajajfinserv.in,https://www.bajajfinserv.in/hindi/depository-participant,,आधिकारिक सत्यापन सुविधा उपलब्ध है।,Hindi,,,,,,,,,,Supported,,,,,,,
मिर्गी किसी भी उम्र के लोगों को प्रभावित कर सकती है।,विश्व स्वास्थ्य संगठन के अनुसार मिर्गी सभी उम्र के लोगों को प्रभावित करती है।,World Health Organization (WHO),https://www.who.int/news-room/fact-sheets/detail/epilepsy,SUPPORTED,दावा आधिकारिक WHO तथ्य-पत्र की जानकारी से सीधे समर्थित है।,Hindi,,,,,,,,,,,,,,,,,
2021-ൽ ഇന്ത്യൻ സംസ്ഥാനങ്ങളിൽ ഏറ്റവും കൂടുതൽ സൈബർ കുറ്റകൃത്യങ്ങൾ രേഖപ്പെടുത്തിയത് തെലങ്കാനയാണ്.,"2020-നെ അപേക്ഷിച്ച് 100 ശതമാനം വർദ്ധനവോടെ 10,303 സൈബർ കുറ്റകൃത്യ കേസുകൾ തെലങ്കാനയിൽ രേഖപ്പെടുത്തി.",NCRB Data (via Deccan Herald),https://www.deccanherald.com/amp/story/india%2Ftelangana-tops-in-cybercrime-in-2021-with-100-rise-in-cases-ncrb-data-1140659.html,,,Malayalam,,,,,,,Supported,,,,"NCRB ഡേറ്റ (Deccan Herald വഴി) സ്ഥിരീകരിക്കുന്നത് 2021-ൽ തെലങ്കാന 10,303 സൈബർ കുറ്റകൃത്യ കേസുകളോടെ (2020-നെ അപേക്ഷിച്ച് 100% വർദ്ധനവ്) ഇന്ത്യൻ സംസ്ഥാനങ്ങളിൽ ഒന്നാമതെത്തി എന്നാണ്. ലിങ്ക് നേരിട്ടുള്ളതും (Deccan Herald തലക്കെട്ട് തന്നെ ഈ വസ്തുത സ്ഥിരീകരിക്കുന്നു) കൃത്യവുമാണ്.",,,,,,
अगस्त 2022 में भारत में रामसर स्थलों (Ramsar Sites) की कुल संख्या बढ़कर 75 हो गई।,स्वतंत्रता दिवस के अवसर पर 11 नई आर्द्रभूमियों को शामिल कर कुल संख्या 75 की गई।,MoEFCC,,,,Hindi,,,,https://pib.gov.in/PressReleasePage.aspx?PRID=1851508,Supported,पर्यावरण मंत्रालय के आधिकारिक आंकड़ों से सत्यापित।,,,,,,,,,,,
ఒకే ఆర్థిక సంవత్సరంలో వ్యాపారి రూ. 50 లక్షలు దాటిన సరుకులు విక్రయిస్తే సెక్షన్ 206C(1H) కింద 0.1% TCS వసూలు చేయాలి.,రూ. 10 కోట్ల కంటే ఎక్కువ టర్నోవర్ ఉన్న విక్రేతలు ఈ మూలం వద్ద పన్ను వసూలు (TCS) నిబంధన పాటించాలి.,Income Tax Department,https://www.incometax.gov.in,,,Telugu,,,,,,,Supported,,,,,,,,,,
[2008] (कृषि एवं ग्रामीण विकास) भारत और चीन के बीच द्विपक्षीय व्यापार 50 अरब डॉलर के आंकड़े को पार कर गया। (संदर्भ संख्या: 1004),2008 के दौरान भारत-चीन द्विपक्षीय व्यापार में रिकॉर्ड वृद्धि देखी गई। [वर्ष 2008 के अभिलेखीय आंकड़ों के अनुसार श्रेणी: कृषि एवं ग्रामीण विकास],Ministry of Commerce / PIB / Ministry of Agriculture / PIB,https://pib.gov.in/newsite/PrintRelease.aspx?relid=40004,,,Hindi,,,,,,,Supported,,,,,,,,,,
ప్రతి రోజూ నడక గుండె ఆరోగ్యాన్ని మెరుగుపరుస్తుంది.,క్రమం తప్పని నడక గుండె సంబంధిత ప్రమాదాన్ని తగ్గిస్తుంది.,American Heart Association,https://www.heart.org/en/healthy-living/healthy-eating,,,Telugu,,,,,,,,,,,,,,,,Supported,Supported
مودی کے مطابق، کانگریس نے عوام کو دھوکہ دینے کے لیے جھوٹے وعدے کیے ہیں。,PM مودی نے کانگریس پر الزام لگایا کہ وہ صرف عوام کو دھوکہ دینے کے لئے جھوٹے وعدے کر رہی ہے۔ انہوں نے واضح طور پر کہا کہ کانگریس نے لوگوں کے مالی وسائل کو لوٹا ہے۔,Munsif Daily (Urdu) - منصف ڈیلی، حیدرآباد,https://munsifdaily.com/bjp-will-come-back-to-power-in-ktaka-says-pm-modi/,,مضمون میں مودی کے الزامات کا ذکر ہے، لیکن ان کی سچائی یا جھوٹ کا کوئی واضح ثبوت موجود نہیں ہے، اس لئے یہ دعویٰ مکمل طور پر ثابت نہیں ہوتا۔,Urdu,,,,,,,,,Not Supported,,,,,,,,
ترواننت پورم میونسپل کارپوریشن کی میئر کی عمر 18 سال ہے۔,محترمہ آریہ راجیندرن 21 سال کی عمر میں میئر بنی ہیں۔ یہ عمر اس بات کی تصدیق کرتی ہے کہ ان کی عمر 18 سال نہیں ہے۔,The Siasat Daily (Urdu) - سیاست ڈیلی، حیدرآباد,https://urdu.siasat.com/news/%d9%85%d9%84%da%a9-%da%a9%db%8c-%d8%b3%d8%a8-%d8%b3%db%92-%da%a9%d9%85-%d8%b9%d9%85%d8%b1-%d9%85%db%8c%d8%a6%d8%b1-%da%a9%db%8c-%d8%b3%d8%a8-%d8%b3%db%92-%da%a9%d9%85-%d8%b9%d9%85%d8%b1-%d8%a7%db%8c-1405951/,,عمر کی غلط معلومات فراہم کی گئی ہے، کیونکہ آریہ راجیندرن کی عمر 21 سال ہے جو کہ دعوے سے مختلف ہے۔,Urdu,,,,,,,,,Not Supported,,,,,,,,
రోజూ చక్కెర పానీయాలు తాగడం ఆరోగ్యకరం.,చక్కెర పానీయాలు ఊబకాయం ప్రమాదాన్ని పెంచుతాయి.,WHO,https://www.who.int/news-room/fact-sheets/detail/healthy-diet,,,Telugu,,,,,,,,,,,,,,,,Not Supported,Not Supported
యాంటీబయాటిక్స్ వైరస్‌లను చంపుతాయి.,యాంటీబయాటిక్స్ వైరస్‌లపై పనిచేయవు.,CDC,https://www.cdc.gov/antibiotic-use/data-research/facts-stats/index.html,,,Telugu,,,,,,,,,,,,,,,,Not Supported,Not Supported
حیدرآباد میں کورونا کی صورتحال پر حکومت کی جانب سے کوئی اقدامات نہیں کیے گئے ہیں。,اخبار کے مطابق، بی جے پی نے کورونا کی صورتحال اور ٹیکہ اندازی کی مہم پر مباحث کی مانگ کی، تاہم اسپیکر نے اس تحریک التواء کو نامنظور کردیا۔ یہ نشان دہی کرتا ہے کہ حکومت نے اس معاملے پر کوئی کارروائی نہیں کی۔,The Siasat Daily (Urdu) - سیاست ڈیلی، حیدرآباد,https://urdu.siasat.com/news/%d8%a7%d8%b3%d9%85%d8%a8%d9%84%db%8c-%d9%85%db%8c%da%ba-%d9%85%d8%ac%d9%84%d8%b3-%d8%8c-%da%a9%d8%a7%d9%86%da%af%d8%b1%db%8c%d8%b3-%d8%a7%d9%88%d8%b1-%d8%a8%db%8c-%d8%ac%db%92-%d9%be%db%8c-%da%a9-1331922/,,یہ شواہد اس دعوے کے خلاف ہیں کہ حکومت نے کورونا کی صورتحال پر کوئی اقدامات نہیں کیے، کیونکہ بی جے پی نے اس پر مباحث کا مطالبہ کیا تھا، جو نامنظور ہوا۔,Urdu,,,,,,,,,Not Supported,,,,,,,,
नवंबर 2024 में रिज़र्व बैंक (RBI) ने फर्जी डिजिटल लोन ऐप्स की धोखाधड़ी रोकने के लिए 'डिजिटल इंडिया ट्रस्ट एजेंसी' (DIGITA) बनाने का फैसला किया है।,आरबीआई ने अब डिजिटल इंडिया ट्रस्ट एजेंसी (DIGITA) के जरिए डिजिटल लोन देने वाली एप्स को रेगुलेट करने का फैसला लिया है और फर्जी एप्स पर अंकुश लगाने से लोगों को ठगी से बचाने में मदद मिलेगी।,Aaj Tak,https://www.aajtak.in/business/utility/story/rbi-planning-to-set-up-digita-to-check-illegal-lending-apps-fraud-details-here-tutk-1899120-2024-03-27,,सबूत दावे की पुष्टि करता है। RBI ने डिजिटल लोन धोखाधड़ी को नियंत्रित करने के लिए इस नई एजेंसी के गठन का निर्णय लिया है।,Hindi,,,,,,,,,Supported,,,,,,,,
2026 ഫെബ്രുവരിയിൽ ശബരിമല സ്വർണ്ണ കേസിൽ മുൻ എക്സിക്യൂട്ടീവ് ഓഫീസർ സുധീഷ് കുമാറിന് കൊല്ലം വിജിലൻസ് കോടതി ജാമ്യം അനുവദിച്ചു.,അതേസമയം മുൻ ദേവസ്വം ബോർഡ് പ്രസിഡന്‍റ് എൻ. വാസുവിന്‍റെ ജുഡീഷ്യൽ കസ്റ്റഡി കോടതി 14 ദിവസത്തേക്ക് കൂടി നീട്ടി.,News on Air,https://www.newsonair.gov.in/kerala-education-minister-v-sivankutty-accuses-sonia-gandhi-of-meeting-gold-smugglers/,,,Malayalam,,,,,,,Supported,,,,"ലിങ്കിന്‍റെ ഹെഡ്‌ലൈൻ ('സോണിയ ഗാന്ധി' സംബന്ധിച്ച ആരോപണം) ക്ലെയിമുമായി പൊരുത്തപ്പെടാത്തതായി തോന്നാമെങ്കിലും, ലേഖനത്തിന്‍റെ ഉള്ളടക്കത്തിൽ കൃത്യമായി ഇതേ വിവരങ്ങൾ അടങ്ങിയിട്ടുണ്ട്: 2026 ഫെബ്രുവരി 2-ന് കൊല്ലം വിജിലൻസ് കോടതി സുധീഷ് കുമാറിന് ജാമ്യം അനുവദിച്ചതും, മുൻ ദേവസ്വം ബോർഡ് പ്രസിഡന്‍റ് എൻ. വാസുവിന്‍റെ കസ്റ്റഡി 14 ദിവസത്തേക്ക് നീട്ടിയതും News on Air റിപ്പോർട്ട് സ്ഥിരീകരിക്കുന്നു. അതിനാൽ ക്ലെയിമും എവിഡൻസും ശരിയാണ്, എന്നാൽ ലിങ്ക് ടൈറ്റിൽ തെറ്റിദ്ധരിപ്പിക്കുന്നതാണ് — കൂടുതൽ കൃത്യമായ ഹെഡ്‌ലൈനുള്ള ഒരു ലിങ്ക് (ഉദാ: thefederal.com അല്ലെങ്കിൽ onmanorama.com റിപ്പോർട്ടുകൾ) നൽകുന്നത് നല്ലതാണ്.",,,,,,
پاکستان کی مسلح افواج ہر قسم کے حالات سے نمٹنے کے لئے پوری طرح تیار ہیں。,صدر عارف علوی نے یوم دفاع کے موقع پر کہا کہ ہماری مسلح افواج کسی بھی قسم کے حالات سے نمٹنے کے لئے تیار ہیں۔ انہوں نے قومی اور بین الاقوامی ذمہ داریوں کے بارے میں بھی آگاہی ظاہر کی۔,The Siasat Daily (Urdu) - سیاست ڈیلی، حیدرآباد,https://urdu.siasat.com/news/%d9%be%d8%a7%da%a9%d8%b3%d8%aa%d8%a7%d9%86-%d8%a8%da%be%d8%b1-%d9%85%db%8c%da%ba-%db%8c%d9%88%d9%85-%d8%af%d9%81%d8%a7%d8%b9-%da%a9%d8%a7-%d8%ac%d9%88%d8%b4-%d9%88-%d8%ae%d8%b1%d9%88%d8%b4-%d8%b3-1406324/,,مضمون میں صرف یہ بیان کیا گیا ہے کہ مسلح افواج تیار ہیں، مگر ان کے تیاری کے طریقوں یا خاص حالات کی تفصیلات فراہم نہیں کی گئیں۔,Urdu,,,,,,,,,Not Enough Information (NEI),,,,,,,,
काठमाडौँका मेयर बालेन शाहले सार्वजानिक स्थानमा एक महिलालाई चुम्बन गरेको भिडियो।,"मेयर बालेनको 'डिपफेक' भिडियो भाइरल - Nepal Factcheck ☰ होम हाम्रो बारे मिथ्या सूचना के हो? हाम्रो वर्गीकरणको अर्थ मिथ्या सूचना: के गर्ने? FAQs तथ्यजाँच अनुरोध × होम हाम्रो बारे मिथ्या सूचना के हो? हाम्रो वर्गीकरणको अर्थ मिथ्या सूचना: के गर्ने? FAQs तथ्यजाँच अनुरोध मिथ्या सूचना तथ्यजाँच वागमती सम्बन्धित प्रदेश मेयर बालेनको ‘डिपफेक’ भिडियो भाइरल Home तथ्यजाँच मिथ्या सूचना सागर बुढाथोकी भदौ ३, २०८१ मेयर बालेनको ‘डिपफेक’ भिडियो भाइरल काठमाडौँ महानगरपालिकाका मेयर बालेन शाह र उपमेयर सुनीता डंगोल देखिने एउटा भिडियो सामाजिक सञ्जालमा भाइरल भएको छ। तर, हाम्रो तथ्य जाँचले उक्त भिडियो ‘डिपफेक’ प्रविधि उपयोग गरी जोसुकैले बनाउन सक्ने गरी सार्वजनिक रुपमा उपलब्ध वेबसाइटबाट तयार पारेको प्रष्ट भएको छ। के छ भिडियोमा ? २६ सय फलोअर रहेको Eklai Pani Ma (एक्लै पनि म) नामक फेसबुक पेजमा ‘के हो यो को हो यो भनम त साथीहरु !!’ शीर्षक राखेर एउटा रिल अपलोड गरिएको छ। भिडियोमा कालो कोटमा सजिएका शाहले नीलो फुलबुट्टे सारी र कालो कोट लगाएकी एक महिलालाई चुम्बन गरिरहेको देख्न सकिन्छ। उनले चुम्बन गरिरहँदा पृष्ठभूमिमा एउटा अंग्रेजी गीत बजिरहेको छ। उनीहरुका पछाडि अन्य मानिसहरु रहेको बुझिएपनि अनुहार भने देखिँदैन। हामीले तथ्यजाँच गर्दासम्म १८ लाख पटक हेरिएको यो भिडियोमा १७ हजार रियाक्सन र ९७४ कमेन्ट छ । त्यस्तै, ९९ सय पटक सेयर गरिएको छ। हेर्नुस्, स्क्रिनसट- (सार्वजनिक शिष्टाचार विपरीत तयार पारिएको कारण हामीले तथ्य जाँचका लागि पनि यो भिडियो यहाँ राखेका छैनौँ) तथ्य के हो ? भिडियो डिपफेक प्रविधिबाट तयार पारिएको बुझ्नलाई हामीले भिडियोमा देखिएका केही विषयलाई आधार मानेका छौँ। उदाहरणका लागि भिडियोमा देखिने बालेन शाहको हात स्वभाविक छैन। अधिकांश एआई टुलहरुले मानव हत्केलालाई जस्तो हो त्यस्तो बनाउन सक्दैनन्। थप जानकारीका लागि हेर्नुस्- Why Can’t AI Draw Hands? The Complex Challenge of Depicting Human Anatomy डिपफेक भनेको कृत्रिम बुद्धिमत्ता (AI) प्रविधिको प्रयोग गरेर वास्तविक जस्तो देखिने नक्कली भिडियो वा अडियो सामग्री बनाउने प्रविधि हो। यो प्रविधिले कुनै पनि व्यक्तिको अनुहार वा स्वरलाई अरूको अनुहार वा स्वरसँग प्रतिस्थापित गर्न सक्छ, जसले गर्दा भिडियो वा अडियो सामग्रीलाई वास्तविकभन्दा फरक ढंगले प्रस्तुत गर्न सकिन्छ। त्",NepalFactCheck.org,https://nepalfactcheck.org/2024/08/balen-deepfake-video/,,मिथ्या सूचना – डिपफेक भिडियो । एक्लै पनि म नामक फेसबुक पेजले लुमाल्याब्स नामको वेबसाइटबाट नक्कली दृश्य तयार पारेको हाम्रो निश्कर्ष रह्यो।,Nepali,,,,,,,,,REFUTES,,,,finance_investment,,,,
बिना पर्ची वाली दवा लेने से पहले उसका लेबल पढ़ना महत्वपूर्ण है।,अमेरिकी खाद्य एवं औषधि प्रशासन के अनुसार बिना पर्ची वाली दवाओं के सुरक्षित और उचित उपयोग के लिए उत्पाद का लेबल पढ़ना सबसे महत्वपूर्ण कदमों में से एक है; लेबल में उपयोग और चेतावनी की जानकारी होती है।,U.S. Food and Drug Administration (FDA),https://www.fda.gov/drugs/understanding-over-counter-medicines/over-counter-drug-facts-label,SUPPORTED,दावा ओवर-द-काउंटर दवाओं के सुरक्षित उपयोग से संबंधित है और एफडीए की सलाह इसे समर्थन देती है।,Hindi,,,,,,,,,,,,,,,,,
रास्वपाको वाचा पत्रमा सेनाको सङ्ख्या घटाएर टिओबीलाई सीमा सुरक्षाको जिम्मा दिने उल्लेख भएको।,"रास्वपाको वाचा पत्रमा सीमा सुरक्षाको जिम्मा टिओबीलाई दिने दावी सही होइन - Nepal Factcheck ☰ होम हाम्रो बारे मिथ्या सूचना के हो? हाम्रो वर्गीकरणको अर्थ मिथ्या सूचना: के गर्ने? FAQs तथ्यजाँच अनुरोध × होम हाम्रो बारे मिथ्या सूचना के हो? हाम्रो वर्गीकरणको अर्थ मिथ्या सूचना: के गर्ने? FAQs तथ्यजाँच अनुरोध तथ्यजाँच भ्रामक सूचना वागमती सम्बन्धित प्रदेश रास्वपाको वाचा पत्रमा सीमा सुरक्षाको जिम्मा टिओबीलाई दिने दावी सही होइन Home तथ्यजाँच भ्रामक सूचना सुरज घिमिरे फाल्गुन १२, २०८२ रास्वपाको वाचा पत्रमा सीमा सुरक्षाको जिम्मा टिओबीलाई दिने दावी सही होइन सामाजिक सञ्जालमा राष्ट्रिय स्वतन्त्र पार्टी (रास्वपा)ले सेनाको सङ्ख्या घटाएर ‘तिब्बत ओरिजिनल ब्लड (टिओबी)’लाई सीमा सुरक्षाको जिम्मा दिने गरी वाचा पत्र ल्याएको दाबी गरिएको छ। तर, हाम्रो तथ्य जाँचमा यो दावी भ्रामक देखियो, यसलाई पुष्टि हुने कुनै प्रमाण भेटिएन। के हो दाबी ? ५ हजार ९ सय फलोअर भएका अरुणिमा साह नामक फेसबुक प्रयोगकर्ताले फेब्रुअरी १९ राति ८:१८ बजे पोस्ट गरेको सामग्रीमा रवि लामिछाने , बालेन्द्र शाह र स्वर्णिम वाग्ले सहितको डिजाइन गरिएको ग्राफिक्स प्रयोग गरिएको छ। त्यसमा लेखिएको छ: “सेनाको सङ्ख्या घटाउने, सिमानामा काँडेतारको जिम्मा तिब्बत ओरिजिनल ब्लड (टिओबी)लाई दिने।” पोस्टमा “रास्वपा कन्ट्र्याक्ट पेपर” शीर्षक प्रयोग गरिएको छ। तथ्य जाँचको समयसम्म उक्त पोस्टमा ८२ रियाक्सन, १४ कमेन्ट र १७ पटक शेयर भएको देखियो। हेर्नुस् स्क्रिनसट उक्त फेसबुक पोस्टको लिङ्क र अर्काइभ लिङ्क के हो तथ्य ? हामीले फेब्रुअरी १९ मा सार्वजनिक भएको रास्वपाको आगामी प्रतिनिधि सभा निर्वाचनका लागि जारी ‘वाचा पत्र २०८२’ अध्ययन गर्‍यौँ। वाचा पत्रको बुँदा ९७ मा सीमा सुरक्षासम्बन्धी नीति उल्लेख गरिएको छ। उक्त बुँदामा सशस्त्र प्रहरी बललाई आधुनिक प्रविधि, पर्याप्त जनशक्ति र भौतिक पूर्वाधारसहित ‘विशिष्टीकृत सीमा सुरक्षा बल’का रूपमा परिचालन गर्ने उल्लेख छ। त्यसमा नाइट–भिजन क्यामेरा, ड्रोन निगरानी, डिजिटल इन्ट्री–एक्जिट प्रणाली लागू गर्ने तथा सीमा विवाद समाधानका लागि कूटनीतिक पहल गर्ने कुरा उल्लेख गरिएको छ। तर, सेनाको सङ्ख्या घटाउने वा ‘तिब्बत ओरिजिनल ब्लड (टिओबी)’लाई सीमा सुरक्षाको जिम्मा दिने विषय कतै उल्लेख गरिएको छैन। हेर्नुहोस् स्क्रिन सट : रास्वपाको वाचा पत्",NepalFactCheck.org,https://nepalfactcheck.org/2026/02/rsp-army-tob-border-security-claim-misleading/,,भ्रामक सूचना। रास्वपाको आधिकारिक ‘वाचा पत्र २०८२’ तथा पूर्व सार्वजनिक प्रतिबद्धता सूची अध्ययन गर्दा उक्त विषय कतै उल्लेख भएको भेटिएन। रास्वपाको पुरानो ‘यति काम चाहिँ गर्छौँ’ शीर्षकको सूचीमा ‘देशका सिमानामा काँडेतार लगाइने’ उल्लेख गरिए पनि भन्दै सिमानामा काँडेतारको जिम्मा टिओबीलाई दिने कतै उल्लेख गरिएको छैन।,Nepali,,,,,,,,,REFUTES,,,,politics_elections,,,,
'വധശിക്ഷ (Death Penalty) നടപ്പാക്കുന്ന രാജ്യങ്ങളിൽ കൊലപാതക (Homicide) നിരക്ക് ഇല്ലാതാകുന്നു' — ഈ അവകാശ വാദത്തിന് ശാസ്ത്രീയ തെളിവില്ല.,"ക്രിമിനോളജി ഗവേഷണം (National Research Council 2012; UNODC ഡേറ്റ) സ്ഥിരമായി കണ്ടെത്തുന്നത് കൊലപാതക നിരക്കിൽ വധശിക്ഷക്ക് വിശ്വസനീയമായ പ്രതിരോധ ഫലമില്ല എന്നാണ്. വധശിക്ഷയില്ലാത്ത രാജ്യങ്ങൾക്ക് (ഉദാ: നോർവേ, ഐസ്‌ലാൻഡ്) പലപ്പോഴും വധശിക്ഷയുള്ള രാജ്യങ്ങളെക്കാൾ കുറഞ്ഞ കൊലപാതക നിരക്കുണ്ട്. ക്ലെയിമിനെ തെളിവുകൾ പിന്തുണക്കുന്നില്ല.",National Research Council (2012) / UNODC Homicide Data / Amnesty International,https://www.unodc.org/unodc/en/data-and-analysis/global-study-on-homicide.html,,,Malayalam,,,,,,,Not Supported,,,,"National Research Council (2012), UNODC ഹോമിസൈഡ് ഡേറ്റ എന്നിവ സ്ഥിരീകരിക്കുന്നു: വധശിക്ഷക്ക് കൊലപാതക നിരക്കിൽ വിശ്വസനീയമായ പ്രതിരോധ ഫലമുണ്ടെന്നതിന് ശാസ്ത്രീയ സമവായമില്ല; നോർവേ പോലുള്ള വധശിക്ഷയില്ലാത്ത രാജ്യങ്ങൾക്ക് പലപ്പോഴും കുറഞ്ഞ നിരക്കാണുള്ളത് — Not Supported ലേബൽ ശരിയാണ്.",,,,,,
यही डिसेम्बरमा निःशुल्क चार्जिङ र इन्टरनेट भएको टेस्ला फोन काठमाडौँमा सार्वजनिक गरिने।,"काठमाडौँमा 'टेस्ला फोन' सार्वजनिक हुने? अहँ, यो भाइरल दावी साँचो होइन - Nepal Factcheck ☰ होम हाम्रो बारे मिथ्या सूचना के हो? हाम्रो वर्गीकरणको अर्थ मिथ्या सूचना: के गर्ने? FAQs तथ्यजाँच अनुरोध × होम हाम्रो बारे मिथ्या सूचना के हो? हाम्रो वर्गीकरणको अर्थ मिथ्या सूचना: के गर्ने? FAQs तथ्यजाँच अनुरोध तथ्यजाँच मिथ्या सूचना सम्बन्धित प्रदेश काठमाडौँमा ‘टेस्ला फोन’ सार्वजनिक हुने? अहँ, यो भाइरल दावी साँचो होइन Home तथ्यजाँच मिथ्या सूचना सागर बुढाथोकी पुस १०, २०८१ काठमाडौँमा ‘टेस्ला फोन’ सार्वजनिक हुने? अहँ, यो भाइरल दावी साँचो होइन यही डिसेम्बरमा निशुल्क चार्जिङ र इन्टरनेट भएको टेस्ला फोन काठमाण्डौँमा सार्वजानिक गरिने दावी गरिएको पोस्ट सामाजिक सञ्जाल फेसबुकमा भाइरल भएको छ। तर, यो दावी मिथ्या रहेको हाम्रो तथ्यजाँचले ठहर गरेको छ। टेस्ला कम्पनीले हालसम्म स्मार्टफोन बनाउने घोषणा गरेको छैन। के छ दावी ? ४५ सय फलोअर्स रहेको नागरिक सञ्चार नामक फेसबुक पेजले डिसेम्बर ११ मा एलोन मस्कको फोटोमा फोन जस्तै देखिने ग्राफिक्ससहित एउटा पोस्ट गरेको छ जसमा अंग्रेजी भाषामा यही डिसेम्बरमा करिब ४० हजार नेपाली रुपैयाँ मूल्य पर्ने, नि:शुल्क चार्ज र इन्टरनेट भएको टेस्ला फोन काठमाडौँमा सार्वजनिक गरिने उल्लेख छ। हेर्नुस्, स्क्रिनसट। हेर्नुस्, अर्काइभ लिंक यो तथ्यजाँच गर्दासम्म यो पोस्टमा ११ हजार रियाक्सन, ६५४ कमेन्ट र १६१ पटक सेयर गरिएको छ। त्यस्तै, डिसेम्बर ९ मा २७ हजार फलोअर्स रहेको ‘ नेपाली खबर अपडेट ‘ नामक फेसबुक पेजले सोही क्याप्सनसहितको एउटा पोस्ट गरेको छ। यो तथ्यजाँच गर्दासम्म पोस्टमा १८ सय रियाक्सन, ८४ वटा कमेन्ट र ३६ पटक सेयर गरिएको छ। हेर्नुस्, स्क्रिनसट हेर्नुस्, अर्काइभ लिंक तथ्य के हो ? यही डिसेम्बरमा निःशुल्क चार्ज र इन्टरनेट भएको टेस्ला फोन काठमाडौँमा सार्वजनिक गरिने हो त ? यो विषयमा तथ्यजाँच गर्नका लागि हामीले टेस्लाको आधिकारिक वेबसाइट, टेस्लाको सिइओ एलन मस्कको एक्स ह्याण्डल र विभिन्न आधिकारिक समाचार पोर्टलमा खोज्यौँ। तर यो विषयमा कुनै पनि आधिकारिक तथ्य फेला परेनन्। यो विषयमा थप बुझ्न गुगलमा ‘एलन मस्क टेस्ला फोन’ कीवर्ड राखेर सर्च गर्‍यौँ। सो क्रममा एलन मस्कसँग सम्बन्धित उत्पादनहरुको सामाग्री प्रकाशित गर्ने टेस्लाराटी डटकम नामक वेबसाइट मा प्रकाशित T esla Phone rumors clarified by CEO",NepalFactCheck.org,https://nepalfactcheck.org/2024/12/tesla-phone-kathmandu-december-false-claim/,,मिथ्या सूचना। टेस्ला कम्पनीले फोन सार्वजनिक गर्ने विषयमा विभिन्न समाचारहरु आएपछि यो विषयमा कम्पनीका सिइओ एलन मस्कले हल्ला मात्र भएको बताइसकेका छन्। त्यसैले नागरिक सञ्चारले गरेको दावी मिथ्या हो।,Nepali,,,,,,,,,REFUTES,,,,finance_investment,,,,
एमाले सांसद महेश बस्नेतलाई कुटपिट गर्दै लखेटिएको भिडियो।,"के हो महेश बस्नेत कुटिएको भन्दै भाइरल भएको भिडियोको तथ्य? - Nepal Factcheck ☰ होम हाम्रो बारे मिथ्या सूचना के हो? हाम्रो वर्गीकरणको अर्थ मिथ्या सूचना: के गर्ने? FAQs तथ्यजाँच अनुरोध × होम हाम्रो बारे मिथ्या सूचना के हो? हाम्रो वर्गीकरणको अर्थ मिथ्या सूचना: के गर्ने? FAQs तथ्यजाँच अनुरोध तथ्यजाँच मिथ्या सूचना वागमती सम्बन्धित प्रदेश के हो महेश बस्नेत कुटिएको भन्दै भाइरल भएको भिडियोको तथ्य? Home तथ्यजाँच मिथ्या सूचना उमेश श्रेष्ठ भदौ १५, २०७९ के हो महेश बस्नेत कुटिएको भन्दै भाइरल भएको भिडियोको तथ्य? सामाजिक सञ्जालमा अहिले एउटा भिडियो भाइरल भएको छ- जसमा ढाकाटोपी लगाएका एक व्यक्तिलाई भिडले कुट्न खोजेको र उनी दौडिँदै कुनै गेटभित्र प्रवेश गरेको देखिन्छ। भिडियोमा ‘ए, पुलिस खै?’ भनेको सुनिन्छ। भिडियो धमिलो भएकोले त्यति प्रष्ट देखिन्न। तर, भाइरल भिडियोसँगै लेखिएको विवरणमा उनी एमाले सांसद तथा पूर्व मन्त्री महेश बस्नेत भएको र ‘भक्तपुर वाइसिएलद्वारा कुटपिट गरी लखेटिएको’ दावी गरिएको छ। तर, हामीले तथ्य जाँचका क्रममा भाइरल भएको भिडियोको ओरिजिनल फाइल, त्यसलाई सबैभन्दा पहिले सामाजिक सञ्जालमा अपलोड गरिएको भिडियो र त्यो भिडियो खिच्ने पत्रकारको भनाईको विश्लेषण गरी यो दावी मिथ्या रहेको निश्कर्षमा पुगेका छौँ। कसरी भयो भाइरल ? २०७९ भदौ १३ गते सोमबार एमालेले भक्तपुरमा आयोजना गरेको एउटा कार्यक्रममा महेश बस्नेतले गरेको भाषणका समाचार र भिडियो क्लिप भाइरल भएका थिए। नागरिकन्युजमा प्रकाशित समाचारमा उनले ‘बालेन शाह, रविन्द्र मिश्र, रवि लामिछाने, रमेश खरेलका नाममा विभिन्न खालका अन्तराष्ट्रिय मिसनहरु परिचालित भएको’ भनेको र ‘सकभर मुखले सम्झाउनुहोस, मुखले सम्झाउँदा मानेनन भने हात गोडा के केले सम्झाउने हो सम्झाउनुहोस्, परेको कुरा पार्टीले व्यहोर्छ’ भनेको उल्लेख छ। उक्त कार्यक्रमको सामाजिक सञ्जालमा भिडियो पनि देख्न सकिन्छ। महेश बस्नेतको अभिव्यक्ति भाइरल भएको भोलिपल्टै उनी कुटिएको दावी गरिएको भिडियो भाइरल भएको हो जसमा लेखिएको छ- ‘भक्तपुर वाइसिएलद्वारा महेश बस्नेत कुटपिट गर्दै लखेटिएका छन्। बालेनमाथि जाई लाग्न युवा संघलाई निर्देशन दिएको भन्दै जवाफी कारबाही गरेको वाइसिएलले जनाएको छ।’ केशव थुलुङ नामको प्रोफाइल बाट सेयर भएको यो भिडियोमा ३६ सय रियाक्सन छन् भने १३ सय कमेन्ट र ३८ सय सेयर। यसको भ्युज बुधबारसम्म",NepalFactCheck.org,https://nepalfactcheck.org/2022/08/mahesh-basnet-viral-video/,,"मिथ्या सूचना । भाइरल भएको सो भिडियोमा हातपात गर्न खोजिएका व्यक्ति महेश बस्नेत नभई हाल चौतारा साँगाचोकगढीको मेयर पदमा निर्वाचित कृष्णप्रसाद सापकोटा हुन्। भाइरल भएको भिडियोको ओरिजिनल फाइल, त्यसलाई सबैभन्दा पहिले सामाजिक सञ्जाल टिकटकमा अपलोड गरिएको भिडियो, त्यो भिडियो खिच्ने पत्रकार विजय नेपालको भनाई र त्यतिबेला प्रकाशित समाचारहरुको विश्लेषण गरी हामी यो निश्कर्षमा पुगेका हौँ।",Nepali,,,,,,,,,REFUTES,,,,politics_elections,,,,
ആദ്യ 'ഗോൾഡൻ ബാച്ചിലർ' ദമ്പതികളായ ഗാരി ടർണറും തെരേസ നിസ്റ്റും 2024-ൽ വിവാഹമോചനം പ്രഖ്യാപിച്ചു.,ജനുവരിയിലെ ടെലിവിഷൻ വിവാഹത്തിന് വെറും മൂന്ന് മാസത്തിന് ശേഷം ഏപ്രിൽ 2024-ൽ ഇരുവരും വിവാഹമോചനം പ്രഖ്യാപിച്ചു.,The Mirror US,,,"ഗാരി ടർണറും തെരേസ നിസ്റ്റും 2024 ജനുവരി 4-ന് വിവാഹിതരായെന്നും, വെറും മൂന്ന് മാസത്തിനുശേഷം 2024 ഏപ്രിൽ 12-ന് വിവാഹമോചനം പ്രഖ്യാപിച്ചെന്നും TODAY, Hollywood Reporter, USA Today തുടങ്ങിയ സ്രോതസ്സുകൾ സ്ഥിരീകരിക്കുന്നു. അവകാശവാദം കൃത്യമാണ്.",Malayalam,,,,,,,,,Supported,,,https://www.themirror.com/entertainment/2024-celebrity-breakups-divorces-list-866414,,,,,
2007 में भारतीय रुपया मजबूत होकर डॉलर के मुकाबले 39 रुपये के स्तर तक पहुंच गया था।,2007 में भारी एफआईआई (FII) पूंजी प्रवाह के कारण रुपया करीब 10 साल के उच्चतम स्तर 39.20-39.50 प्रति डॉलर पर आ गया था।,U.S. Federal Reserve – G.5 Foreign Exchange Rate,https://www.federalreserve.gov/Releases/G5/20071101/g5.htm?,,,Hindi,,,,,,,Supported,,,,,,,,,,
భారతదేశ జీడీపీ లెక్కింపు కొరకు ప్రస్తుతం అమల్లో ఉన్న ప్రామాణిక ఆధార సంవత్సరం (Base Year) 2011-12.,జాతీయ గణాంకాల కార్యాలయం (NSO) జీడీపీ మరియు పారిశ్రామిక ఉత్పత్తి లెక్కలకు 2011-12 ని ఆధారంగా వాడుతోంది.,MoSPI,https://www.mospi.gov.in,,,Telugu,,,,,,,Supported,,,,,,,,,,
2025 ജനുവരിയിൽ പാലക്കാട് നെന്മാറയിൽ ഒരു വൃദ്ധയെയും മകനെയും കുത്തിക്കൊലപ്പെടുത്തി.,76 വയസ്സുള്ള മീനാക്ഷി ലക്ഷ്മിയെയും 58 വയസ്സുള്ള മകൻ സുധാകരനെയും 2025 ജനുവരി 27-ന് കുത്തിക്കൊലപ്പെടുത്തി; 2019-ലെ കൊലക്കേസിൽ പരോളിലിറങ്ങിയ ചെന്താമരയാണ് പ്രതി.,Wikipedia (Nenmara double murder case),https://en.wikipedia.org/wiki/Nenmara_double_murder_case,,,Malayalam,,,,,,,Supported,,,,"വിക്കിപീഡിയ ലേഖനം സ്ഥിരീകരിക്കുന്നു: 2025 ജനുവരി 27-ന് 76 വയസ്സുള്ള മീനാക്ഷി ലക്ഷ്മിയെയും 58 വയസ്സുള്ള മകൻ സുധാകരനെയും കുത്തിക്കൊലപ്പെടുത്തി, 2019-ലെ കൊലക്കേസിൽ (സുധാകരന്‍റെ ഭാര്യ സജിതയുടെ കൊലപാതകം) ജയിലിലായിരുന്ന ചെന്താമര ജാമ്യത്തിലിറങ്ങിയ ശേഷമാണ് ഈ ആക്രമണം നടത്തിയത് എന്ന് പിന്നീടുള്ള റിപ്പോർട്ടുകൾ വ്യക്തമാക്കുന്നു. 'പരോൾ' എന്നതിന് പകരം കൃത്യമായി 'ജാമ്യം' (bail) ആയിരുന്നു എന്ന ചെറിയ പദവ്യത്യാസം ഒഴിച്ചാൽ ക്ലെയിമും എവിഡൻസും വസ്തുതകളുമായി പൊരുത്തപ്പെടുന്നു.",,,,,,
भारत-ऑस्ट्रेलिया ECTA 29 दिसंबर 2022 से प्रभावी हुआ।,दोनों देशों ने लिखित सूचना का आदान-प्रदान किया।,Ministry of Commerce/PIB,,,,Hindi,,,,https://pib.gov.in/PressReleasePage.aspx?PRID=1889467,Supported,वाणिज्य मंत्रालय विज्ञप्ति से सत्यापित।,,,,,,,,,,,
भारतको दिल्लीमा प्रचण्ड गर्मीका कारण वायुमण्डलीय तापक्रम ६४ डिग्री सेल्सियससम्म पुगेको भन्दै प्रसारित समाचार।,"दिल्लीको तापक्रम ६४ डिग्री सेल्सियस पुगेको भन्दै नेपाली मिडियामा प्रसारित समाचार 'भ्रामक' - Nepal Factcheck ☰ होम हाम्रो बारे मिथ्या सूचना के हो? हाम्रो वर्गीकरणको अर्थ मिथ्या सूचना: के गर्ने? FAQs तथ्यजाँच अनुरोध × होम हाम्रो बारे मिथ्या सूचना के हो? हाम्रो वर्गीकरणको अर्थ मिथ्या सूचना: के गर्ने? FAQs तथ्यजाँच अनुरोध जलवायु र वातावरण तथ्यजाँच भ्रामक सूचना दिल्लीको तापक्रम ६४ डिग्री सेल्सियस पुगेको भन्दै नेपाली मिडियामा प्रसारित समाचार ‘भ्रामक’ Home तथ्यजाँच भ्रामक सूचना सुरज घिमिरे असार ५, २०८३ दिल्लीको तापक्रम ६४ डिग्री सेल्सियस पुगेको भन्दै नेपाली मिडियामा प्रसारित समाचार ‘भ्रामक’ केही नेपाली सञ्चारमाध्यम र सामाजिक सञ्जालमा भारतको नयाँ दिल्लीमा प्रचण्ड गर्मीका कारण वायुमण्डलीय तापक्रम ६४ डिग्री सेल्सियससम्म पुगेको भन्दै समाचारहरू भाइरल भएका छन् । तर, नेपालफ्याक्टचेकको तथ्य जाँचले आधिकारिक मौसम विभागको तथ्याङ्क र वैज्ञानिक मापन विधिलाई गलत रूपमा बुझेर यस्तो भ्रामक दाबी फैलाइएको पुष्टि गरेको छ । के हो दाबी ? ७ लाख १७ हजार फलोअर्स भएको केन्द्रबिन्दु नामक अनलाइन मिडिया को फेसबुक पेज ( Kendrabindu – केन्द्रबिन्दु ) मा सोमबार (१५ जुन २०२६) एउटा भिडियो समाचार अपलोड भयो । ११ सेकेन्डको उक्त भिडियो क्लिपमा भनिएको छ: ‘भारतको दिल्लीमा प्रचण्ड गर्मीका कारण जनजीवन प्रभावित, तापक्रम ६४ डिग्री सेल्सियससम्म पुगेको जिकिर । अत्यधिक गर्मीले स्वास्थ्य, निद्रा र आम्दानीमा असर पारेको उल्लेख, सबैभन्दा धेरै गरिब श्रमिकहरू मारमा ।’ दाबीको प्रभाव हामीले तथ्य जाँच गर्दासम्म उक्त भिडियो पोस्टमा १२ हजार ९ सयभन्दा बढी रियाक्सन, २३७ कमेन्ट र २१९ पटक सेयर भइसकेको छ भने भिडियो ६ लाख ९७ हजारभन्दा बढी पटक हेरिएको छ । हेर्नुहोस्, भिडियोको स्क्रिन रेकर्ड : https://nepalfactcheck.org/wp-content/uploads/2026/06/Screen-record.mp4 उक्त समाचारको लिङ्क र अर्काइभ लिङ्क के हो तथ्य ? यो दाबीको वास्तविकता जाँच्न हामीले भारतीय मौसम विज्ञान विभाग (आइएमडी) को आधिकारिक वेबसाइट, दैनिक मौसम बुलेटिन र अन्तर्राष्ट्रिय सञ्चारमाध्यमका रिपोर्टहरूको प्राविधिक विश्लेषण गर्‍यौँ । १. आधिकारिक वायुमण्डलीय तापक्रमको अवस्था भारतीय मौसम विज्ञान विभाग (IMD) को आधिकारिक रेकर्ड अनुसार सन् २०२६ को यस सिजनमा भारतको कुनै पनि स्थानको व",NepalFactCheck.org,https://nepalfactcheck.org/2026/06/india-delhi-64-degree-temperature-claim-misleading/,,"भ्रामक (Misleading) । नयाँ दिल्लीको आधिकारिक वायुमण्डलीय (हावाको) तापक्रम ४३.५ डिग्री सेल्सियस आसपास रहँदा, एक वातावरणवादी संस्थाले थर्मल क्यामेरा मार्फत मापन गरेको सडक तथा कङ्क्रिटको ‘सतहको तापक्रम’ (६४ डिग्री सेल्सियस) लाई वायुमण्डलीय तापक्रम भन्दै भ्रमपूर्ण रूपमा समाचार फैलाइएको हाम्रो तथ्य जाँचबाट पुष्टि हुन्छ",Nepali,,,,,,,,,REFUTES,,,,health_medicine,,,,
रोशी खोलामा ४ माइक्रो बससहित मानिसहरू अलपत्र परेको भयानक दृश्य देखिने भिडियो।,"काभ्रेको रोशी खोलामा माइक्रो बस फसेको वास्तविक हो, तर भाइरल दृश्य अतिरञ्जित - Nepal Factcheck ☰ होम हाम्रो बारे मिथ्या सूचना के हो? हाम्रो वर्गीकरणको अर्थ मिथ्या सूचना: के गर्ने? FAQs तथ्यजाँच अनुरोध × होम हाम्रो बारे मिथ्या सूचना के हो? हाम्रो वर्गीकरणको अर्थ मिथ्या सूचना: के गर्ने? FAQs तथ्यजाँच अनुरोध एआई जेनेरेटेड जलवायु र वातावरण तथ्यजाँच भ्रामक सूचना वागमती काभ्रेको रोशी खोलामा माइक्रो बस फसेको वास्तविक हो, तर भाइरल दृश्य अतिरञ्जित Home तथ्यजाँच एआई जेनेरेटेड / भ्रामक सूचना सुरज घिमिरे बैशाख २४, २०८३ काभ्रेको रोशी खोलामा माइक्रो बस फसेको वास्तविक हो, तर भाइरल दृश्य अतिरञ्जित काभ्रेपलाञ्चोकको रोशी खोलामा आएको बाढीका कारण फसेका माइक्रो बस र मानिसहरू भन्दै एउटा भिडियो अहिले टिकटकमा भाइरल भइरहेको छ। भिडियोमा खोलाको बीचमा चार वटा माइक्रो बस अलपत्र परेको र चर्को भेलले रुख ढालिरहेको देखिन्छ। तर नेपाल फ्याक्टचेकले गरेको तथ्यजाँचमा रोशी खोलामा बस फसेको घटना वास्तविक भए पनि भाइरल भिडियोमा एआई प्रयोग गरी दृश्यलाई अतिरञ्जित बनाइएको पुष्टि भएको छ। के हो दावी ? ८६ हजार ४ सय बढी फलोअर्स भएको जस्ट फोर यू ग्रीन (just4ugreen) नामको टिकटक एकाउन्टमा मंगलबार (मे ५, २०२६) बिहान एउटा भिडियो पोस्ट भयो। भिडियोमा खोलाको बीचमा ४ वटा माइक्रो बस फसेको र पानीको चर्को बहावले रुख ढलेको देखिन्छ। भिडियोको क्याप्सनमा लेखिएको छ, “४ वटा माइक्रो फसेका थिए, रोशी खोला”। दावीको प्रभाव ८ सेकेन्डको उक्त भिडियो यो तथ्यजाँच तयार पार्दासम्म २१ हजारभन्दा बढी पटक हेरिएको छ भने ४ सय ११ लाइक, १४ कमेन्ट र ३२ पटक शेयर भइसकेको छ। हेर्नुहोस्, भिडियोको स्क्रिन रेकर्ड : https://nepalfactcheck.org/wp-content/uploads/2026/05/Tiktok.mp4 उक्त भिडियोको लिङ्क र अर्काइभ लिङ्क के हो तथ्य ? हामीले यस विषयको सत्यता पत्ता लगाउन निम्न चरणहरू अपनायौँ: १ . किवर्ड सर्च हामीले ‘रोशी खोलामा माइक्रो बस’ किवर्ड राखेर गुगलमा सर्च गर्दा रातोपाटी र लोकान्तर मा प्रकाशित समाचारहरू फेला पार्‍यौँ। समाचार अनुसार वैशाख २१ गते राति काभ्रेको रोशी खोलामा ४ वटा माइक्रो बस फसेको र ८९ यात्रुको उद्धार गरिएको उल्लेख छ। नेपाल प्रहरीले पनि आफ्नो फेसबुक पेजमा सोही घटनाको फोटो राखेको छ। रातोपाटीको समाचार पढ्न यहाँ क्लिक गर्नुहोस् लोकान्तरको समाचार पढ्न य",NepalFactCheck.org,https://nepalfactcheck.org/2026/05/roshi-river-flood-microbus-ai-generated-video-fact-check/,,भ्रामक (Misleading)/एआई निर्मित (AI Generated) घटना वास्तविक भए पनि भिडियोमा एआई प्रयोग गरी दृश्यलाई अतिरञ्जित बनाइएको छ।,Nepali,,,,,,,,,REFUTES,,,,finance_investment,,,,
1 नवंबर 2022 को RBI ने थोक खंड (Wholesale) में डिजिटल रुपया (e₹-W) का पहला पायलट परीक्षण शुरू किया।,सरकारी प्रतिभूतियों में द्वितीयक बाज़ार सौदों के लिए Wholesale Digital Rupee लॉन्च हुआ।,Reserve Bank of India,,,,Hindi,,,,https://www.rbi.org.in/Scripts/BS_PressReleaseDisplay.aspx?prid=54627,Supported,रिजर्व बैंक विज्ञप्ति संख्या PR No. 2022-2023/1118 से सत्यापित।,,,,,,,,,,,
రూపాయి నోటు ($1 Note) పై భారత ఆర్థిక శాఖ కార్యదర్శి (Finance Secretary) సంతకం ఉంటుంది.,"ఒక రూపాయి నోటును భారత ప్రభుత్వం నేరుగా జారీ చేస్తుంది కాబట్టి దానిపై ఫైనాన్స్ సెక్రటరీ సంతకం ఉంటుంది, ఆర్‌బీఐ గవర్నర్ సంతకం కాదు.",Ministry of Finance,https://www.financialservices.gov.in,,,Telugu,,,,,,,Supported,,,,,,,,,,
"दीपक मनाङ्गेको नामले चर्चित राजीव गुरुङ गण्डकी प्रदेशको मन्त्री नियुक्त। दावीकर्ताः अनलाइनखबर, नेपाल समाचारपत्र, राजधानी दैनिक, उज्यालो अनलाइन, लोकान्तर लगायतका अनलाइन मिडिया। तथ्यः मिथ्या सूचना। मुख्यमन्त्रीले प्रदेश प्रमुखलाई लेखेको पत्र, गण्डकी प्रदेश मुख्यमन्त्री तथा मन्त्रिपरिषद कार्यालयका प्रवक्ताको भनाई, उक्त कार्यालयको आधिकारिक वेबसाइट र पोखरालाई मुख्य थलो बनाएर काम गरिरहेका पत्रकारले समेत मनाङ्गे मन्त्री नियुक्त नभएको बताएका छन्। प्रतिक्रिया दिनुहोस् 631 अहिलेसम्म गरिएका तथ्यजाँच सङ्ख्या सबैभन्दा धेरै हेरिएको के लक्ष्मी बैंकको सबै बैँक खाता बन्द गर्न अदालतले आदेश दिएको हो? फाल्गुन २९, २०७९ के हो ‘एमाले महाधिवेशन अन्तर्राष्ट्रिय नजरमा’ लेखिएको भाइरल पोस्टको तथ्य? मंसिर १३, २०७८ के हो सामाजिक सञ्जालमा भाइरल भएको मन्त्री झाँक्रीको घर भनिएको फोटोको तथ्य ? जेष्ठ २३, २०७९ के हो फेसबुकमा भाइरल भएको मञ्जु भण्डारीको स्टायटसको तथ्य ? साउन १९, २०७९ यात्री मोटरसाइकलको भाइरल फोटो नयाँ हो कि पुरानो ? जेष्ठ ८, २०८० राष्ट्रिय गान शब्दबाट सुरु भएर शब्दबाटै अन्त्य हुनुपर्ने ओलीको दावी सही हो? चैत्र २५, २०७९ के स्वीडेनले सेक्सलाई खेलको मान्यता दिएको हो ? जेष्ठ २२, २०८० के राष्ट्रिय परिचय पत्र बनाउनको लागि सरकारले विश्व बैँकबाट ऋण लिएको हो ? अशोज ७, २०८१ के नागरिकता बनाउन अनलाइन रजिष्ट्रेशन गर्नुपर्ने वेबसाइट सञ्चालनमा आएको हो? अशोज १०, २०८१ के हो नेपालमा प्लास्टिकको चामल बिक्री भएको दावी गर्दै भाइरल भएको भिडियोको तथ्य? अशोज ४, २०८१ काठमाडौँको भन्दै भाइरल भिडियो वास्तवमा जापानको अशोज १६, २०८१","दीपक मनाङ्गे गण्डकीमा मन्त्री नियुक्त भएका छैनन्, मिडियामा आएका समाचार मिथ्या - Nepal Factcheck ☰ होम हाम्रो बारे मिथ्या सूचना के हो? हाम्रो वर्गीकरणको अर्थ मिथ्या सूचना: के गर्ने? FAQs तथ्यजाँच अनुरोध × होम हाम्रो बारे मिथ्या सूचना के हो? हाम्रो वर्गीकरणको अर्थ मिथ्या सूचना: के गर्ने? FAQs तथ्यजाँच अनुरोध गण्डकी तथ्यजाँच मिथ्या सूचना दीपक मनाङ्गे गण्डकीमा मन्त्री नियुक्त भएका छैनन्, मिडियामा आएका समाचार मिथ्या Home तथ्यजाँच मिथ्या सूचना वसन्त खड्का जेष्ठ १, २०८० दीपक मनाङ्गे गण्डकीमा मन्त्री नियुक्त भएका छैनन्, मिडियामा आएका समाचार मिथ्या २०८० वैशाख २९ गते शुक्रबार दिउँसो अनलाइनखबर, नेपालसमाचारपत्र, राजधानी दैनिक, उज्यालो, लोकान्तर लगायतका विभिन्न अनलाइनहरुले राजीव गुरुङ (दीपक मनाङ्गे) गण्डकी प्रदेशको मन्त्री नियुक्त भएको समाचार राखे। तर हाम्रो तथ्य जाँचमा यो समाचार मिथ्या देखिएको छ। के हो घटना ? शुक्रबार गण्डकी प्रदेशमा मन्त्रिपरिषद् विस्तार हुन लागेको समाचार विभिन्न अनलाइन मिडियामा आएको थियो। ती समाचारहरुमा मुख्यमन्त्री सुरेन्द्रराज पाण्डेले महेन्द्रध्वज जिसी, दीपेन्द्रबहादुर थापा, राजीव गुरुङ (दीपक मनाङ्गे) र रेशमबहादुर जुग्जालीलाई मन्त्रीमा नियुक्त गरेको दावी गरिएको थियो। दीपक मनाङ्गेलाई नेकपा एकीकृत समाजवादीका तर्फबाट मन्त्री नियुक्त भएको दाबी समाचारमा गरिएको थियो। अनलाइनखबरले गण्डकीमा मनाङ्गेसहित ४ मन्त्री नियुक्त, ४ बजे शपथ शीर्षकको समाचार २० लाख फलोअर भएको फेसबुकमा पोस्ट गरेको थियो। समाचार लिङ्कसहितको उक्त पोस्टमा लेखिएको छ- ‘मनाङेलाई मन्त्री बनाउन केन्द्रीय तहबाटै दबाब आएपछि अन्तत मनाङे गण्डकी सरकारको चौथो पटक मन्त्री हुन सफल भएका छन्।’ यो पोस्टमा सोमबारसम्म ५२७ रियाक्सन छन् भने ३६ कमेन्ट र चार सेयर देखिन्छ। अनलाइनखबरको समाचारमा ‘नेपाली कांग्रेसबाट २, नेकपा माओवादीबाट २ र एकीकृत समाजवादीबाट १ जना गरी ७ सदस्यीय मन्त्रिपरिषद बनाइएको’ र ‘मुख्यमन्त्री सुरेन्द्रराज पाण्डेले कांग्रेसबाट नवलपुरका महेन्द्रध्वज जिसी, बागलुङका दिपेन्द्रबहादुर थापालाई मन्त्री नियुक्त गरेका छन् भने एकीकृत समाजवादीबाट राजीव गुरुङ (दीपक मनाङे) र माओवादीबाट रेशमबहादुर जुग्जाली नियुक्त भएका छन्’ लेखिएको छ। हेर्नुस् अनलाइनखबरको समाचारको अर्काइभ लिङ्क। त्यसैगरी नेपालसमाचारपत्रको अनलाइन संस्",NepalFactCheck.org,https://nepalfactcheck.org/2023/05/deepak-manange/,,"भारत-पाकिस्तान युद्ध बारे प्रधानमन्त्री ओलीले के भनेका हुन् ? बैशाख ३०, २०८२ यसमा प्रकाशित सबै सामग्री CC BY 4.0 अन्तर्गत छन्। यसलाई NepalFactCheck.org भनेर स्रोत खोलेर पूर्ण वा आशय फरक नपर्ने गरी सम्पादन गरी पुन: प्रकाशन गर्न पाइन्छ। ×",Nepali,,,,,,,,,REFUTES,,,,politics_elections,,,,
స్టాండప్ ఇండియా (Stand-Up India) పథకం కింద పొందిన రుణాల గరిష్ట తిరిగి చెల్లింపు కాలపరిమితి 7 సంవత్సరాలు.,7 ఏళ్ల ఈఎంఐ కాలపరిమితితో పాటు గరిష్టంగా 18 నెలల మొరటోరియం వ్యవధి లభిస్తుంది.,SIDBI / Ministry of Finance,https://www.standupmitra.in,,,Telugu,,,,,,,Supported,,,,,,,,,,
सरकारले ऐनमा नै व्यवस्था गरी मोटरसाइकल तथा दुई पाङ्ग्रे सवारी साधनमा पछाडि बस्नेले पनि हेल्मेट लगाउनु पर्ने नियम ल्याउन लागेको छ। सवारी तथा यातायात व्यवस्था ऐन २०७७’ को मस्यौदामा यस्तो व्यवस्था गर्न लागिएको हो। पहिले ऐनमा व्यवस्था नभएकोले यो नियम लागू गर्न सकिएको थिएन।,"मोटरसाइकलमा पछाडि बस्‍नेले हेल्मेट लगाउनु पर्ने व्यवस्था नयाँ ऐनमा गर्न लागिएको समाचार भ्रामक - Nepal Factcheck ☰ होम हाम्रो बारे मिथ्या सूचना के हो? हाम्रो वर्गीकरणको अर्थ मिथ्या सूचना: के गर्ने? FAQs तथ्यजाँच अनुरोध × होम हाम्रो बारे मिथ्या सूचना के हो? हाम्रो वर्गीकरणको अर्थ मिथ्या सूचना: के गर्ने? FAQs तथ्यजाँच अनुरोध तथ्यजाँच भ्रामक सूचना वागमती सम्बन्धित प्रदेश मोटरसाइकलमा पछाडि बस्‍नेले हेल्मेट लगाउनु पर्ने व्यवस्था नयाँ ऐनमा गर्न लागिएको समाचार भ्रामक Home तथ्यजाँच भ्रामक सूचना उमेश श्रेष्ठ पुस ७, २०७८ मोटरसाइकलमा पछाडि बस्‍नेले हेल्मेट लगाउनु पर्ने व्यवस्था नयाँ ऐनमा गर्न लागिएको समाचार भ्रामक विगत केही दिनदेखि केही मिडियामा मोटरसाइकलमा पछाडि बस्नेले पनि हेल्मेट लगाउनु पर्ने व्यवस्था ऐनमा नै गर्ने गरी विधेयकको मस्यौदा बन्दै गरेको समाचार आइरहेका छन्। ती समाचारहरुका अनुसार यो विधेयकको मस्यौदा तयार भएर राय सुझावका लागि कानुन मन्त्रालय पठाइएको छ। केही समाचारमा ऐनमा नभएकोले यस्तो व्यवस्था कार्यान्वयन गर्न नसकिएको कारण देखाउँदै अब ऐनमा नै व्यवस्था गर्न लागिएको पनि उल्लेख छ। के यी दावी सही हुन्? हामीले यसबारे तथ्य जाँच गरेका छौँ। कहाँ कस्तो समाचार ? आर्थिक न्युजपोर्टल बिजमान्डुमा पुस १ गते प्रकाशित प्रस्तावित नयाँ सवारी ऐनः दुई पांग्रेको पछाडि बस्नेले पनि हेल्मेट लगाउनुपर्ने ! शीर्षकको समाचारमा प्रस्तावित ऐनको मस्यौदामा ‘मोटर साइकल तथा अन्य त्यस्तै दुई पांग्रे सवारी चलाउँदा चालक र त्यस्तो सवारीमा यात्रा गर्ने अन्य यात्रुले सुरक्षा टोप (हेल्मेट) लगाउनु पर्छ’ लेखिएको उल्लेख गर्दै मस्यौदाको स्क्रिनसट पनि राखिएको छ- पुस ७ गते साँझसम्म यो समाचारमा फेसबुकमा ३४६ कमेन्ट, ८३ सेयर र २६ सय रियाक्सन देखिन्छ। समाचारमा नाम उद्‍धृत नगरिएका एक अधिकारीको भनाई लेखिएको छ- ‘ऐन नै नबनाइ कार्यान्वयन गर्न सकिने अवस्था थिएन। अब ऐनमा नै व्यवस्था भएपछि नमानेर हुन्छ ?,’ ती अधिकारीले भने,’गुणस्तर विभागले तोकेको आधारमा हेल्मेट लगाउनुपर्छ। ऐन आएपछि नलगाउनेलाई ट्राफिक प्रहरीले कारबाही गर्छ।’ त्यसैगरी एपीवान टेलिभिजनमा पनि यसबारे समाचार प्रसारण भएको छ। टिभीको फेसबुकमा राखिएको भिडियो मा ‘ट्राफिक प्रहरीले २०६५ सालमा लागू गरेको तर अव्यवहारिक भएको भन्दै खारेज गरिएको नियम पुनः यातायात व्यवस्था विभागल",NepalFactCheck.org,https://nepalfactcheck.org/2021/12/two-wheelers-helmet/,,"भ्रामक खबर। सरकारले अहिले बनाउन लागेको ऐनमा मात्र यो व्यवस्था गर्न लागेको होइन, २०४९ सालमा लागू भइसकेको ऐनमा नै यो विषय समावेश थियो। यसको कार्यान्वयन भने पहिले केही समय गरिए पनि हाल भइरहेको थिएन। सेन्टर फर मिडिया रिसर्च र माइसंसार को संयुक्त प्रयासमा सोसल मिडियामा भाइरल भएका र मिडियामा आएका समाचारहरुको तथ्य जाँच हामी गरिरहेका छौँ। तपाईँलाई शंका लागेका लिङ्क, फोटो वा भिडियो हामीलाई निम्न बमोजिम पठाउन सक्नुहुन्छ- भाइबर वा ह्वाटस एपमा ( भाइबरमा पठाउन क्युआर कोड , ह्वाटसएपमा पठाउन क्युआर कोड ) इमेल [email protected] वा [email protected] फेसबुक पेज : माइसंसारको फेसबुक पेज वेबसाइटबाट सीधै : नेपालफ्याक्टचेकको वेबसाइट भाइबर ग्रुप : भाइबर ग्रुपमा जोडिन यहाँ क्लिक गर्नुस्।",Nepali,,,,,,,,,REFUTES,,,,finance_investment,,,,
سابق امریکی صدر ٹرمپ نے صدر جوبائیڈن کو ریاست کا دشمن قرار دیا ہے۔,ڈونالڈ ٹرمپ نے پنسیلونیا میں ریلی کے دوران جوبائیڈن پر الزامات عائد کرتے ہوئے انہیں ریاست کا دشمن قرار دیا۔ یہ ریلی ایف بی آئی کے چھاپے کے بعد پہلی تھی جس میں ٹرمپ نے بائیڈن کے خلاف سخت الفاظ استعمال کیے۔,The Siasat Daily (Urdu) - سیاست ڈیلی، حیدرآباد,https://urdu.siasat.com/news/%d8%ac%d9%88%d8%a8%d8%a7%d8%a6%db%8c%da%88%d9%86-%d8%a7%d9%85%d8%b1%db%8c%da%a9%db%81-%da%a9%db%92-%d8%af%d8%b4%d9%85%d9%86-%d9%b9%d8%b1%d9%85%d9%be-1406016/,,یہ ثبوت ٹرمپ کے دعوے کی تصدیق کرتا ہے کیونکہ مضمون میں واضح طور پر ذکر ہے کہ ٹرمپ نے جوبائیڈن کو ریاست کا دشمن کہا۔,Urdu,,,,,,,,,Supported,,,,,,,,
سپریم کورٹ نے اروند کیجریوال کی عبوری ضمانت کی درخواست مسترد کر دی ہے۔,سپریم کورٹ نے بدھ کے روز اروند کیجریوال کی عبوری ضمانت کی درخواست کو مسترد کر دیا۔ عدالت نے کہا کہ وہ کوئی عبوری ضمانت نہیں دے رہے اور اس معاملے کی سماعت 23 اگست کو ہوگی۔,Munsif Daily (Urdu) - منصف ڈیلی، حیدرآباد,https://munsifdaily.com/excise-policy-scam-sc-refuses-interim-bail-to-arvind-kejriwal-in-corruption-case/,,عدالت کی جانب سے عبوری ضمانت کی درخواست کے مسترد ہونے کی تصدیق کی گئی ہے، جو کہ دعوے کی حمایت کرتی ہے۔,Urdu,,,,,,,,,Supported,,,,,,,,
భారతదేశం కొనుగోలు శక్తి సమానత్వం (PPP) ఆధారిత GDP లెక్కింపులో ప్రపంచంలో 3వ స్థానంలో ఉంది.,"IMF మరియు వరల్డ్ బ్యాంక్ నివేదికల ప్రకారం అమెరికా, చైనా తర్వాతి స్థానంలో భారత్ ఉంది.",IMF / World Bank,https://www.imf.org,,,Telugu,,,,,,,Supported,,,,,,,,,,
